=== VVDViewer auto-build (Darwin) ===
Vulkan SDK: /Users/otsunah/VulkanSDK/1.4.335.1/macOS
Note: full Xcode not found; using Ninja generator with Command Line Tools.
Triplet: arm64-osx-vvd
vcpkg baseline commit: 10541e317a
Configuring... first run downloads & builds ALL dependencies from source (can take 30-90 min).
-- Running vcpkg install
Detecting compiler hash for triplet arm64-osx...
Compiler found: /Library/Developer/CommandLineTools/usr/bin/c++
Detecting compiler hash for triplet arm64-osx-vvd...
Compiler found: /Library/Developer/CommandLineTools/usr/bin/c++
The following packages are already installed:
    blosc2[core,zstd,zlib]:arm64-osx-vvd@3.3.4
  * boost-algorithm:arm64-osx-vvd@1.92.0
  * boost-align:arm64-osx-vvd@1.92.0
  * boost-any:arm64-osx-vvd@1.92.0
  * boost-array:arm64-osx-vvd@1.92.0
  * boost-assert:arm64-osx-vvd@1.92.0
  * boost-atomic:arm64-osx-vvd@1.92.0
  * boost-bimap:arm64-osx-vvd@1.92.0
  * boost-bind:arm64-osx-vvd@1.92.0
    boost-chrono:arm64-osx-vvd@1.92.0
  * boost-cmake:arm64-osx-vvd@1.92.0
  * boost-compat:arm64-osx-vvd@1.92.0
  * boost-concept-check:arm64-osx-vvd@1.92.0
  * boost-config:arm64-osx-vvd@1.92.0
  * boost-container:arm64-osx-vvd@1.92.0
  * boost-container-hash:arm64-osx-vvd@1.92.0
  * boost-conversion:arm64-osx-vvd@1.92.0
  * boost-core:arm64-osx-vvd@1.92.0
  * boost-date-time:arm64-osx-vvd@1.92.0
  * boost-describe:arm64-osx-vvd@1.92.0
  * boost-detail:arm64-osx-vvd@1.92.0
  * boost-dynamic-bitset:arm64-osx-vvd@1.92.0
  * boost-endian:arm64-osx-vvd@1.92.0
  * boost-exception:arm64-osx-vvd@1.92.0
    boost-filesystem:arm64-osx-vvd@1.92.0
    boost-foreach:arm64-osx-vvd@1.92.0
  * boost-function:arm64-osx-vvd@1.92.0
  * boost-function-types:arm64-osx-vvd@1.92.0
  * boost-fusion:arm64-osx-vvd@1.92.0
    boost-graph:arm64-osx-vvd@1.92.0
  * boost-headers:arm64-osx-vvd@1.92.0
  * boost-integer:arm64-osx-vvd@1.92.0
  * boost-intrusive:arm64-osx-vvd@1.92.0
  * boost-io:arm64-osx-vvd@1.92.0
  * boost-iterator:arm64-osx-vvd@1.92.0
  * boost-lambda:arm64-osx-vvd@1.92.0
    boost-lexical-cast:arm64-osx-vvd@1.92.0
  * boost-math:arm64-osx-vvd@1.92.0
  * boost-move:arm64-osx-vvd@1.92.0
  * boost-mp11:arm64-osx-vvd@1.92.0
  * boost-mpl:arm64-osx-vvd@1.92.0
  * boost-multi-index:arm64-osx-vvd@1.92.0
  * boost-multiprecision:arm64-osx-vvd@1.92.0
  * boost-numeric-conversion:arm64-osx-vvd@1.92.0
    boost-optional:arm64-osx-vvd@1.92.0
  * boost-parameter:arm64-osx-vvd@1.92.0
  * boost-phoenix:arm64-osx-vvd@1.92.0
  * boost-pool:arm64-osx-vvd@1.92.0
  * boost-predef:arm64-osx-vvd@1.92.0
  * boost-preprocessor:arm64-osx-vvd@1.92.0
  * boost-property-map:arm64-osx-vvd@1.92.0
    boost-property-tree:arm64-osx-vvd@1.92.0
  * boost-proto:arm64-osx-vvd@1.92.0
  * boost-random:arm64-osx-vvd@1.92.0
  * boost-range:arm64-osx-vvd@1.92.0
  * boost-ratio:arm64-osx-vvd@1.92.0
  * boost-regex:arm64-osx-vvd@1.92.0
  * boost-scope:arm64-osx-vvd@1.92.0
  * boost-serialization:arm64-osx-vvd@1.92.0
    boost-signals2:arm64-osx-vvd@1.92.0
    boost-smart-ptr:arm64-osx-vvd@1.92.0
  * boost-spirit:arm64-osx-vvd@1.92.0
  * boost-static-assert:arm64-osx-vvd@1.92.0
    boost-system:arm64-osx-vvd@1.92.0
  * boost-thread:arm64-osx-vvd@1.92.0
  * boost-throw-exception:arm64-osx-vvd@1.92.0
  * boost-tokenizer:arm64-osx-vvd@1.92.0
  * boost-tti:arm64-osx-vvd@1.92.0
  * boost-tuple:arm64-osx-vvd@1.92.0
  * boost-type-index:arm64-osx-vvd@1.92.0
  * boost-type-traits:arm64-osx-vvd@1.92.0
  * boost-typeof:arm64-osx-vvd@1.92.0
  * boost-uninstall:arm64-osx-vvd@1.92.0
    boost-unordered:arm64-osx-vvd@1.92.0
  * boost-utility:arm64-osx-vvd@1.92.0
  * boost-variant:arm64-osx-vvd@1.92.0
  * boost-variant2:arm64-osx-vvd@1.92.0
  * boost-winapi:arm64-osx-vvd@1.92.0
  * boost-xpressive:arm64-osx-vvd@1.92.0
  * brotli:arm64-osx-vvd@1.2.0
    bzip2[core,tool]:arm64-osx-vvd@1.0.8#6
    curl[core,ssl,openssl,non-http]:arm64-osx-vvd@8.22.0#1
  * egl-registry:arm64-osx-vvd@2025-05-27
  * eigen3:arm64-osx-vvd@5.0.1
  * expat:arm64-osx-vvd@2.8.5
    ffmpeg[core,x265,x264,swscale,swresample,gpl,avformat,avfilter,avdevice,avcodec]:arm64-osx-vvd@9.0.2
  * ffmpeg-bin2c:arm64-osx@9.0.2
    freetype[core,zlib,png,bzip2,brotli]:arm64-osx-vvd@2.14.3
    hdf5[core,zlib,hl,cpp]:arm64-osx-vvd@2.2.0
    libczi:arm64-osx-vvd@0.69.1
  * libiconv:arm64-osx-vvd@1.19
    libjpeg-turbo:arm64-osx-vvd@3.2.0#1
  * liblzma:arm64-osx-vvd@5.8.4
    libpng:arm64-osx-vvd@1.6.58
  * libspng:arm64-osx-vvd@0.7.4#1
  * libwebp[core,simd,nearlossless,libwebpmux]:arm64-osx-vvd@1.6.0#3
    lz4:arm64-osx-vvd@1.10.0
  * nanosvg:arm64-osx-vvd@2023-12-29
  * opengl:arm64-osx-vvd@2022-12-04#3
  * opengl-registry:arm64-osx-vvd@2026-08-03
    openssl:arm64-osx-vvd@3.6.4#1
  * pcre2[core,platform-default-features,jit]:arm64-osx-vvd@10.47#1
  * pkgconf:arm64-osx@3.0.3#1
    tiff[core,zip,lzma,jpeg]:arm64-osx-vvd@4.7.2
  * vcpkg-boost:arm64-osx@2026-08-21
  * vcpkg-cmake:arm64-osx@2025-08-07
  * vcpkg-cmake-config:arm64-osx@2026-07-21
  * vcpkg-cmake-get-vars:arm64-osx@2025-05-29
  * vcpkg-make:arm64-osx@2026-07-09
  * vcpkg-pkgconfig-get-modules:arm64-osx@2024-04-03
  * vcpkg-tool-meson:arm64-osx@1.9.0#10
    wxwidgets[core,sound,debug-support]:arm64-osx-vvd@3.3.3#1
  * x264[core,gpl,asm]:arm64-osx-vvd@0.165.3222
  * x265:arm64-osx-vvd@4.3
  * zfp:arm64-osx-vvd@1.0.1
    zlib:arm64-osx-vvd@1.3.2#2
    zstd:arm64-osx-vvd@1.5.7
zstd provides CMake targets:

  find_package(zstd CONFIG REQUIRED)
  target_link_libraries(main PRIVATE zstd::libzstd)

zlib is compatible with built-in CMake targets:

  find_package(ZLIB REQUIRED)
  target_link_libraries(main PRIVATE ZLIB::ZLIB)

zlib provides pkg-config modules:

  # zlib compression library
  zlib

lz4 provides CMake targets:

  find_package(lz4 CONFIG REQUIRED)
  target_link_libraries(main PRIVATE lz4::lz4)

lz4 provides pkg-config modules:

  liblz4

blosc2 provides CMake targets:

  find_package(Blosc2 CONFIG REQUIRED)
  target_link_libraries(main PRIVATE Blosc2::blosc2)

boost-system is compatible with built-in CMake targets of FindBoost.cmake:

    find_package(Boost REQUIRED COMPONENTS system)
    target_link_libraries(main PRIVATE Boost::system)

or the generated cmake configs via:

    find_package(boost_system REQUIRED CONFIG)
    target_link_libraries(main PRIVATE Boost::system)

boost-chrono is compatible with built-in CMake targets of FindBoost.cmake:

    find_package(Boost REQUIRED COMPONENTS chrono)
    target_link_libraries(main PRIVATE Boost::chrono)

or the generated cmake configs via:

    find_package(boost_chrono REQUIRED CONFIG)
    target_link_libraries(main PRIVATE Boost::chrono)

boost-smart-ptr is compatible with built-in CMake targets of FindBoost.cmake:

    find_package(Boost REQUIRED COMPONENTS smart_ptr)
    target_link_libraries(main PRIVATE Boost::smart_ptr)

or the generated cmake configs via:

    find_package(boost_smart_ptr REQUIRED CONFIG)
    target_link_libraries(main PRIVATE Boost::smart_ptr)

boost-optional is compatible with built-in CMake targets of FindBoost.cmake:

    find_package(Boost REQUIRED COMPONENTS optional)
    target_link_libraries(main PRIVATE Boost::optional)

or the generated cmake configs via:

    find_package(boost_optional REQUIRED CONFIG)
    target_link_libraries(main PRIVATE Boost::optional)

boost-filesystem is compatible with built-in CMake targets of FindBoost.cmake:

    find_package(Boost REQUIRED COMPONENTS filesystem)
    target_link_libraries(main PRIVATE Boost::filesystem)

or the generated cmake configs via:

    find_package(boost_filesystem REQUIRED CONFIG)
    target_link_libraries(main PRIVATE Boost::filesystem)

boost-foreach is compatible with built-in CMake targets of FindBoost.cmake:

    find_package(Boost REQUIRED COMPONENTS foreach)
    target_link_libraries(main PRIVATE Boost::foreach)

or the generated cmake configs via:

    find_package(boost_foreach REQUIRED CONFIG)
    target_link_libraries(main PRIVATE Boost::foreach)

boost-unordered is compatible with built-in CMake targets of FindBoost.cmake:

    find_package(Boost REQUIRED COMPONENTS unordered)
    target_link_libraries(main PRIVATE Boost::unordered)

or the generated cmake configs via:

    find_package(boost_unordered REQUIRED CONFIG)
    target_link_libraries(main PRIVATE Boost::unordered)

boost-lexical-cast is compatible with built-in CMake targets of FindBoost.cmake:

    find_package(Boost REQUIRED COMPONENTS lexical_cast)
    target_link_libraries(main PRIVATE Boost::lexical_cast)

or the generated cmake configs via:

    find_package(boost_lexical_cast REQUIRED CONFIG)
    target_link_libraries(main PRIVATE Boost::lexical_cast)

boost-property-tree is compatible with built-in CMake targets of FindBoost.cmake:

    find_package(Boost REQUIRED COMPONENTS property_tree)
    target_link_libraries(main PRIVATE Boost::property_tree)

or the generated cmake configs via:

    find_package(boost_property_tree REQUIRED CONFIG)
    target_link_libraries(main PRIVATE Boost::property_tree)

boost-graph is compatible with built-in CMake targets of FindBoost.cmake:

    find_package(Boost REQUIRED COMPONENTS graph)
    target_link_libraries(main PRIVATE Boost::graph)

or the generated cmake configs via:

    find_package(boost_graph REQUIRED CONFIG)
    target_link_libraries(main PRIVATE Boost::graph)

boost-signals2 is compatible with built-in CMake targets of FindBoost.cmake:

    find_package(Boost REQUIRED COMPONENTS signals2)
    target_link_libraries(main PRIVATE Boost::signals2)

or the generated cmake configs via:

    find_package(boost_signals2 REQUIRED CONFIG)
    target_link_libraries(main PRIVATE Boost::signals2)

The package bzip2 is compatible with built-in CMake targets:

    find_package(BZip2 REQUIRED)
    target_link_libraries(main PRIVATE BZip2::BZip2)

openssl is compatible with built-in CMake targets:

  find_package(OpenSSL REQUIRED)
  target_link_libraries(main PRIVATE OpenSSL::SSL)
  target_link_libraries(main PRIVATE OpenSSL::Crypto)

curl is compatible with built-in CMake targets:

    find_package(CURL REQUIRED)
    target_link_libraries(main PRIVATE CURL::libcurl)

ffmpeg provides CMake integration:

  find_package(FFMPEG REQUIRED)
  target_include_directories(main PRIVATE ${FFMPEG_INCLUDE_DIRS})
  target_link_directories(main PRIVATE ${FFMPEG_LIBRARY_DIRS})
  target_link_libraries(main PRIVATE ${FFMPEG_LIBRARIES})

ffmpeg provides pkg-config modules:

  # FFmpeg codec library
  libavcodec

  # FFmpeg device handling library
  libavdevice

  # FFmpeg audio/video filtering library
  libavfilter

  # FFmpeg container format library
  libavformat

  # FFmpeg utility library
  libavutil

  # FFmpeg audio resampling library
  libswresample

  # FFmpeg image rescaling library
  libswscale

libpng provides CMake targets:

  find_package(PNG REQUIRED)
  target_link_libraries(main PRIVATE PNG::PNG)

freetype is compatible with built-in CMake targets:

    find_package(Freetype REQUIRED)
    target_link_libraries(main PRIVATE Freetype::Freetype) # since CMake 3.10

hdf5 provides CMake targets:

  # this is heuristically generated, and may not be correct
  find_package(hdf5 CONFIG REQUIRED)
  target_link_libraries(main PRIVATE hdf5::hdf5-static hdf5::hdf5_hl-static hdf5::hdf5_cpp-static hdf5::hdf5_hl_cpp-static)

hdf5 provides pkg-config modules:

  # HDF5 (Hierarchical Data Format 5) Software Library
  hdf5

  # HDF5 (Hierarchical Data Format 5) Software Library
  hdf5_cpp

  # HDF5 (Hierarchical Data Format 5) Software Library
  hdf5_hl

  # HDF5 (Hierarchical Data Format 5) Software Library
  hdf5_hl_cpp

libczi provides CMake targets:

  # this is heuristically generated, and may not be correct
  find_package(libCZI CONFIG REQUIRED)
  target_link_libraries(main PRIVATE libczi::libCZIStatic)

libjpeg-turbo is compatible with built-in implementation-agnostic CMake targets:

  find_package(JPEG REQUIRED)
  target_link_libraries(main PRIVATE JPEG::JPEG)

libjpeg-turbo provides CMake targets for the TurboJPEG C API:

  find_package(libjpeg-turbo CONFIG REQUIRED)
  target_link_libraries(main PRIVATE $<IF:$<TARGET_EXISTS:libjpeg-turbo::turbojpeg>,libjpeg-turbo::turbojpeg,libjpeg-turbo::turbojpeg-static>)

libjpeg-turbo provides pkg-config modules:

  # A SIMD-accelerated JPEG codec that provides the libjpeg API
  libjpeg

  # A SIMD-accelerated JPEG codec that provides the TurboJPEG API
  libturbojpeg

tiff is compatible with built-in CMake targets:

    find_package(TIFF REQUIRED)
    target_link_libraries(main PRIVATE TIFF::TIFF)

tiff provides pkg-config modules:

    #  Tag Image File Format (TIFF) library.
    libtiff-4

The package wxwidgets provides CMake targets:

    find_package(wxWidgets CONFIG REQUIRED)
    target_link_libraries(main PRIVATE wx::core wx::base)

All requested installations completed successfully in: 551 us
-- Running vcpkg install - done
CMake Warning (policy) at build/vcpkg_installed/arm64-osx-vvd/share/boost/vcpkg-cmake-wrapper.cmake:3 (_find_package):
  Policy CMP0167 is not set: The FindBoost module is removed.  Run "cmake
  --help-policy CMP0167" for policy details.  Use the cmake_policy command to
  set the policy and suppress this warning.
Call Stack (most recent call first):
  vcpkg/scripts/buildsystems/vcpkg.cmake:893 (include)
  CMakeLists.txt:196 (find_package)
This warning is for project developers.  Use -Wno-author or -Wno-policy to
suppress it.

-- Found PkgConfig: /opt/homebrew/bin/pkg-config (found version "3.0.7")
-- Checking for module 'libavcodec'
--   Found libavcodec, version 63.1.102
-- Checking for module 'x264'
--   Found x264, version 0.165.3222
-- Checking for module 'x265'
--   Found x265, version 4.3
-- Found OpenSSL: /Users/otsunah/Documents/GitHub/VVDViewer/VVDViewer/build/vcpkg_installed/arm64-osx-vvd/lib/libcrypto.a (found suitable version "3.6.4", minimum required is "3")
-- Found ZLIB: optimized;/Users/otsunah/Documents/GitHub/VVDViewer/VVDViewer/build/vcpkg_installed/arm64-osx-vvd/lib/libz.a;debug;/Users/otsunah/Documents/GitHub/VVDViewer/VVDViewer/build/vcpkg_installed/arm64-osx-vvd/debug/lib/libz.a (found suitable version "1.3.2", minimum required is "1")
-- Found OpenSSL: /Users/otsunah/Documents/GitHub/VVDViewer/VVDViewer/build/vcpkg_installed/arm64-osx-vvd/lib/libcrypto.a (found version "3.6.4")
CZI_INCLUDE_DIR="/Users/otsunah/Documents/GitHub/VVDViewer/VVDViewer/build/vcpkg_installed/arm64-osx-vvd/include/libCZI"
CZI_LIBRARIES="/Users/otsunah/Documents/GitHub/VVDViewer/VVDViewer/build/vcpkg_installed/arm64-osx-vvd/lib/liblibCZIStatic.a"
-- Found ZLIB: optimized;/Users/otsunah/Documents/GitHub/VVDViewer/VVDViewer/build/vcpkg_installed/arm64-osx-vvd/lib/libz.a;debug;/Users/otsunah/Documents/GitHub/VVDViewer/VVDViewer/build/vcpkg_installed/arm64-osx-vvd/debug/lib/libz.a (found version "1.3.2")
BLOSC_INCLUDE_DIR="/Users/otsunah/Documents/GitHub/VVDViewer/VVDViewer/build/vcpkg_installed/arm64-osx-vvd/include"
BLOSC_LIBRARIES="/Users/otsunah/Documents/GitHub/VVDViewer/VVDViewer/build/vcpkg_installed/arm64-osx-vvd/lib/libblosc2.a"
CMake Warning at build/vcpkg_installed/arm64-osx-vvd/share/curl/vcpkg-cmake-wrapper.cmake:6 (message):
  CURL_LIBRARIES is 'CURL::libcurl'.  When linking imported targets, exported
  CMake config must use "find_dependency(CURL)".
Call Stack (most recent call first):
  CMakeLists.txt:9223372036854775807 (z_vcpkg_curl_libraries_warning)
  CMakeLists.txt:809 (target_link_libraries)


-- Configuring done (4.8s)
-- Generating done (0.1s)
-- Build files have been written to: /Users/otsunah/Documents/GitHub/VVDViewer/VVDViewer/build
Building VVDViewer (Release)...
[1/74] Building CXX object CMakeFiles/VVDMainFrame.dir/fluorender/FluoRender/Area.cpp.o
[2/74] Building CXX object CMakeFiles/VVDMainFrame.dir/fluorender/FluoRender/KernelExecutor.cpp.o
[3/74] Building CXX object CMakeFiles/VVDMainFrame.dir/fluorender/FluoRender/AreaAllocator.cpp.o
[4/74] Building CXX object CMakeFiles/VVDMainFrame.dir/fluorender/FluoRender/AreaList.cpp.o
[5/74] Building CXX object CMakeFiles/VVDMainFrame.dir/fluorender/FluoRender/Font.cpp.o
[6/74] Building CXX object CMakeFiles/VVDMainFrame.dir/fluorender/FluoRender/MAnnoView.cpp.o
[7/74] Building CXX object CMakeFiles/VVDMainFrame.dir/fluorender/FluoRender/AtlasTexture.cpp.o
In file included from /Users/otsunah/Documents/GitHub/VVDViewer/VVDViewer/fluorender/FluoRender/AtlasTexture.cpp:6:
In file included from /Users/otsunah/Documents/GitHub/VVDViewer/VVDViewer/fluorender/FluoRender/TextureAtlas.h:8:
In file included from /Users/otsunah/Documents/GitHub/VVDViewer/VVDViewer/fluorender/FluoRender/Vulkan/VulkanDevice.hpp:23:
/Users/otsunah/Documents/GitHub/VVDViewer/VVDViewer/fluorender/FluoRender/FLIVR/TextureBrick.h:129:7: warning: cannot delete expression with pointer-to-'void' type 'void *' [-Wdelete-incomplete]
  129 |                                                 delete[] m_nrrd->data;
      |                                                 ^        ~~~~~~~~~~~~
1 warning generated.
[8/74] Building CXX object CMakeFiles/VVDMainFrame.dir/fluorender/FluoRender/Glyph.cpp.o
In file included from /Users/otsunah/Documents/GitHub/VVDViewer/VVDViewer/fluorender/FluoRender/Glyph.cpp:7:
In file included from /Users/otsunah/Documents/GitHub/VVDViewer/VVDViewer/fluorender/FluoRender/TextureAtlas.h:8:
In file included from /Users/otsunah/Documents/GitHub/VVDViewer/VVDViewer/fluorender/FluoRender/Vulkan/VulkanDevice.hpp:23:
/Users/otsunah/Documents/GitHub/VVDViewer/VVDViewer/fluorender/FluoRender/FLIVR/TextureBrick.h:129:7: warning: cannot delete expression with pointer-to-'void' type 'void *' [-Wdelete-incomplete]
  129 |                                                 delete[] m_nrrd->data;
      |                                                 ^        ~~~~~~~~~~~~
1 warning generated.
[9/74] Building CXX object CMakeFiles/VVDMainFrame.dir/fluorender/FluoRender/HelpDlg.cpp.o
[10/74] Building CXX object CMakeFiles/VVDMainFrame.dir/fluorender/FluoRender/PluginManager.cpp.o
[11/74] Building CXX object CMakeFiles/VVDMainFrame.dir/fluorender/FluoRender/InterprocessCommunication.cpp.o
In file included from /Users/otsunah/Documents/GitHub/VVDViewer/VVDViewer/fluorender/FluoRender/InterprocessCommunication.cpp:2:
In file included from /Users/otsunah/Documents/GitHub/VVDViewer/VVDViewer/fluorender/FluoRender/VRenderFrame.h:29:
In file included from /Users/otsunah/Documents/GitHub/VVDViewer/VVDViewer/fluorender/FluoRender/DataManager.h:29:
/Users/otsunah/Documents/GitHub/VVDViewer/VVDViewer/fluorender/FluoRender/compatibility.h:364:28: warning: 'codecvt_utf8_utf16<wchar_t>' is deprecated [-Wdeprecated-declarations]
  364 |         std::wstring_convert<std::codecvt_utf8_utf16<wchar_t>, wchar_t> converter;
      |                                   ^
/Library/Developer/CommandLineTools/SDKs/MacOSX.sdk/usr/include/c++/v1/codecvt:568:28: note: 'codecvt_utf8_utf16<wchar_t>' has been explicitly marked deprecated here
  568 | class _LIBCPP_TEMPLATE_VIS _LIBCPP_DEPRECATED_IN_CXX17 codecvt_utf8_utf16 : public __codecvt_utf8_utf16<_Elem> {
      |                            ^
/Library/Developer/CommandLineTools/SDKs/MacOSX.sdk/usr/include/c++/v1/__config:731:41: note: expanded from macro '_LIBCPP_DEPRECATED_IN_CXX17'
  731 | #    define _LIBCPP_DEPRECATED_IN_CXX17 _LIBCPP_DEPRECATED
      |                                         ^
/Library/Developer/CommandLineTools/SDKs/MacOSX.sdk/usr/include/c++/v1/__config:696:49: note: expanded from macro '_LIBCPP_DEPRECATED'
  696 | #      define _LIBCPP_DEPRECATED __attribute__((__deprecated__))
      |                                                 ^
In file included from /Users/otsunah/Documents/GitHub/VVDViewer/VVDViewer/fluorender/FluoRender/InterprocessCommunication.cpp:2:
In file included from /Users/otsunah/Documents/GitHub/VVDViewer/VVDViewer/fluorender/FluoRender/VRenderFrame.h:29:
In file included from /Users/otsunah/Documents/GitHub/VVDViewer/VVDViewer/fluorender/FluoRender/DataManager.h:29:
/Users/otsunah/Documents/GitHub/VVDViewer/VVDViewer/fluorender/FluoRender/compatibility.h:364:7: warning: 'wstring_convert<std::codecvt_utf8_utf16<wchar_t>>' is deprecated [-Wdeprecated-declarations]
  364 |         std::wstring_convert<std::codecvt_utf8_utf16<wchar_t>, wchar_t> converter;
      |              ^
/Library/Developer/CommandLineTools/SDKs/MacOSX.sdk/usr/include/c++/v1/locale:3145:28: note: 'wstring_convert<std::codecvt_utf8_utf16<wchar_t>>' has been explicitly marked deprecated here
 3145 | class _LIBCPP_TEMPLATE_VIS _LIBCPP_DEPRECATED_IN_CXX17 wstring_convert {
      |                            ^
/Library/Developer/CommandLineTools/SDKs/MacOSX.sdk/usr/include/c++/v1/__config:731:41: note: expanded from macro '_LIBCPP_DEPRECATED_IN_CXX17'
  731 | #    define _LIBCPP_DEPRECATED_IN_CXX17 _LIBCPP_DEPRECATED
      |                                         ^
/Library/Developer/CommandLineTools/SDKs/MacOSX.sdk/usr/include/c++/v1/__config:696:49: note: expanded from macro '_LIBCPP_DEPRECATED'
  696 | #      define _LIBCPP_DEPRECATED __attribute__((__deprecated__))
      |                                                 ^
In file included from /Users/otsunah/Documents/GitHub/VVDViewer/VVDViewer/fluorender/FluoRender/InterprocessCommunication.cpp:2:
In file included from /Users/otsunah/Documents/GitHub/VVDViewer/VVDViewer/fluorender/FluoRender/VRenderFrame.h:29:
In file included from /Users/otsunah/Documents/GitHub/VVDViewer/VVDViewer/fluorender/FluoRender/DataManager.h:29:
/Users/otsunah/Documents/GitHub/VVDViewer/VVDViewer/fluorender/FluoRender/compatibility.h:370:28: warning: 'codecvt_utf8_utf16<wchar_t>' is deprecated [-Wdeprecated-declarations]
  370 |         std::wstring_convert<std::codecvt_utf8_utf16<wchar_t>, wchar_t> converter;
      |                                   ^
/Library/Developer/CommandLineTools/SDKs/MacOSX.sdk/usr/include/c++/v1/codecvt:568:28: note: 'codecvt_utf8_utf16<wchar_t>' has been explicitly marked deprecated here
  568 | class _LIBCPP_TEMPLATE_VIS _LIBCPP_DEPRECATED_IN_CXX17 codecvt_utf8_utf16 : public __codecvt_utf8_utf16<_Elem> {
      |                            ^
/Library/Developer/CommandLineTools/SDKs/MacOSX.sdk/usr/include/c++/v1/__config:731:41: note: expanded from macro '_LIBCPP_DEPRECATED_IN_CXX17'
  731 | #    define _LIBCPP_DEPRECATED_IN_CXX17 _LIBCPP_DEPRECATED
      |                                         ^
/Library/Developer/CommandLineTools/SDKs/MacOSX.sdk/usr/include/c++/v1/__config:696:49: note: expanded from macro '_LIBCPP_DEPRECATED'
  696 | #      define _LIBCPP_DEPRECATED __attribute__((__deprecated__))
      |                                                 ^
In file included from /Users/otsunah/Documents/GitHub/VVDViewer/VVDViewer/fluorender/FluoRender/InterprocessCommunication.cpp:2:
In file included from /Users/otsunah/Documents/GitHub/VVDViewer/VVDViewer/fluorender/FluoRender/VRenderFrame.h:29:
In file included from /Users/otsunah/Documents/GitHub/VVDViewer/VVDViewer/fluorender/FluoRender/DataManager.h:29:
/Users/otsunah/Documents/GitHub/VVDViewer/VVDViewer/fluorender/FluoRender/compatibility.h:370:7: warning: 'wstring_convert<std::codecvt_utf8_utf16<wchar_t>>' is deprecated [-Wdeprecated-declarations]
  370 |         std::wstring_convert<std::codecvt_utf8_utf16<wchar_t>, wchar_t> converter;
      |              ^
/Library/Developer/CommandLineTools/SDKs/MacOSX.sdk/usr/include/c++/v1/locale:3145:28: note: 'wstring_convert<std::codecvt_utf8_utf16<wchar_t>>' has been explicitly marked deprecated here
 3145 | class _LIBCPP_TEMPLATE_VIS _LIBCPP_DEPRECATED_IN_CXX17 wstring_convert {
      |                            ^
/Library/Developer/CommandLineTools/SDKs/MacOSX.sdk/usr/include/c++/v1/__config:731:41: note: expanded from macro '_LIBCPP_DEPRECATED_IN_CXX17'
  731 | #    define _LIBCPP_DEPRECATED_IN_CXX17 _LIBCPP_DEPRECATED
      |                                         ^
/Library/Developer/CommandLineTools/SDKs/MacOSX.sdk/usr/include/c++/v1/__config:696:49: note: expanded from macro '_LIBCPP_DEPRECATED'
  696 | #      define _LIBCPP_DEPRECATED __attribute__((__deprecated__))
      |                                                 ^
In file included from /Users/otsunah/Documents/GitHub/VVDViewer/VVDViewer/fluorender/FluoRender/InterprocessCommunication.cpp:2:
In file included from /Users/otsunah/Documents/GitHub/VVDViewer/VVDViewer/fluorender/FluoRender/VRenderFrame.h:29:
In file included from /Users/otsunah/Documents/GitHub/VVDViewer/VVDViewer/fluorender/FluoRender/DataManager.h:29:
/Users/otsunah/Documents/GitHub/VVDViewer/VVDViewer/fluorender/FluoRender/compatibility.h:411:10: warning: 'vsprintf' is deprecated: This function is provided for compatibility reasons only.  Due to security concerns inherent in the design of sprintf(3), it is highly recommended that you use vsnprintf(3) instead. [-Wdeprecated-declarations]
  411 |         int r = vsprintf(buf, fmt, args);
      |                 ^
/Library/Developer/CommandLineTools/SDKs/MacOSX.sdk/usr/include/_stdio.h:298:1: note: 'vsprintf' has been explicitly marked deprecated here
  298 | __deprecated_msg("This function is provided for compatibility reasons only.  Due to security concerns inherent in the design of sprintf(3), it is highly recommended that you use vsnprintf(3) instead.")
      | ^
/Library/Developer/CommandLineTools/SDKs/MacOSX.sdk/usr/include/sys/cdefs.h:218:48: note: expanded from macro '__deprecated_msg'
  218 |         #define __deprecated_msg(_msg) __attribute__((__deprecated__(_msg)))
      |                                                       ^
In file included from /Users/otsunah/Documents/GitHub/VVDViewer/VVDViewer/fluorender/FluoRender/InterprocessCommunication.cpp:2:
In file included from /Users/otsunah/Documents/GitHub/VVDViewer/VVDViewer/fluorender/FluoRender/VRenderFrame.h:29:
In file included from /Users/otsunah/Documents/GitHub/VVDViewer/VVDViewer/fluorender/FluoRender/DataManager.h:38:
In file included from /Users/otsunah/Documents/GitHub/VVDViewer/VVDViewer/fluorender/FluoRender/FLIVR/MeshRenderer.h:33:
In file included from /Users/otsunah/Documents/GitHub/VVDViewer/VVDViewer/fluorender/FluoRender/FLIVR/MshShader.h:37:
In file included from /Users/otsunah/Documents/GitHub/VVDViewer/VVDViewer/fluorender/FluoRender/Vulkan/VulkanDevice.hpp:23:
/Users/otsunah/Documents/GitHub/VVDViewer/VVDViewer/fluorender/FluoRender/FLIVR/TextureBrick.h:129:7: warning: cannot delete expression with pointer-to-'void' type 'void *' [-Wdelete-incomplete]
  129 |                                                 delete[] m_nrrd->data;
      |                                                 ^        ~~~~~~~~~~~~
In file included from /Users/otsunah/Documents/GitHub/VVDViewer/VVDViewer/fluorender/FluoRender/InterprocessCommunication.cpp:2:
In file included from /Users/otsunah/Documents/GitHub/VVDViewer/VVDViewer/fluorender/FluoRender/VRenderFrame.h:29:
In file included from /Users/otsunah/Documents/GitHub/VVDViewer/VVDViewer/fluorender/FluoRender/DataManager.h:38:
In file included from /Users/otsunah/Documents/GitHub/VVDViewer/VVDViewer/fluorender/FluoRender/FLIVR/MeshRenderer.h:38:
/Users/otsunah/Documents/GitHub/VVDViewer/VVDViewer/fluorender/FluoRender/VVulkan.h:2:9: warning: 'GLM_FORCE_DEPTH_ZERO_TO_ONE' macro redefined [-Wmacro-redefined]
    2 | #define GLM_FORCE_DEPTH_ZERO_TO_ONE
      |         ^
<command line>:9:9: note: previous definition is here
    9 | #define GLM_FORCE_DEPTH_ZERO_TO_ONE 1
      |         ^
In file included from /Users/otsunah/Documents/GitHub/VVDViewer/VVDViewer/fluorender/FluoRender/InterprocessCommunication.cpp:2:
In file included from /Users/otsunah/Documents/GitHub/VVDViewer/VVDViewer/fluorender/FluoRender/VRenderFrame.h:29:
In file included from /Users/otsunah/Documents/GitHub/VVDViewer/VVDViewer/fluorender/FluoRender/DataManager.h:59:
/Users/otsunah/Documents/GitHub/VVDViewer/VVDViewer/fluorender/FluoRender/Formats/brkxml_reader.h:100:21: warning: cannot delete expression with pointer-to-'void' type 'void *' [-Wdelete-incomplete]
  100 |                     delete[] m_data;
      |                     ^        ~~~~~~
In file included from /Users/otsunah/Documents/GitHub/VVDViewer/VVDViewer/fluorender/FluoRender/InterprocessCommunication.cpp:2:
In file included from /Users/otsunah/Documents/GitHub/VVDViewer/VVDViewer/fluorender/FluoRender/VRenderFrame.h:49:
/Users/otsunah/Documents/GitHub/VVDViewer/VVDViewer/fluorender/FluoRender/MeasureDlg.h:125:9: warning: 'GetSizeAvailableForScrollTarget' overrides a member function but is not marked 'override' [-Winconsistent-missing-override]
  125 |         wxSize GetSizeAvailableForScrollTarget(const wxSize& size) {
      |                ^
/Users/otsunah/Documents/GitHub/VVDViewer/VVDViewer/build/vcpkg_installed/arm64-osx-vvd/include/wx-3.3/wx/generic/listctrl.h:228:20: note: overridden virtual function is here
  228 |     virtual wxSize GetSizeAvailableForScrollTarget(const wxSize& size) override;
      |                    ^
9 warnings generated.
[12/74] Building CXX object CMakeFiles/VVDMainFrame.dir/fluorender/FluoRender/ConvertDlg.cpp.o
In file included from /Users/otsunah/Documents/GitHub/VVDViewer/VVDViewer/fluorender/FluoRender/ConvertDlg.cpp:2:
In file included from /Users/otsunah/Documents/GitHub/VVDViewer/VVDViewer/fluorender/FluoRender/VRenderFrame.h:29:
In file included from /Users/otsunah/Documents/GitHub/VVDViewer/VVDViewer/fluorender/FluoRender/DataManager.h:29:
/Users/otsunah/Documents/GitHub/VVDViewer/VVDViewer/fluorender/FluoRender/compatibility.h:364:28: warning: 'codecvt_utf8_utf16<wchar_t>' is deprecated [-Wdeprecated-declarations]
  364 |         std::wstring_convert<std::codecvt_utf8_utf16<wchar_t>, wchar_t> converter;
      |                                   ^
/Library/Developer/CommandLineTools/SDKs/MacOSX.sdk/usr/include/c++/v1/codecvt:568:28: note: 'codecvt_utf8_utf16<wchar_t>' has been explicitly marked deprecated here
  568 | class _LIBCPP_TEMPLATE_VIS _LIBCPP_DEPRECATED_IN_CXX17 codecvt_utf8_utf16 : public __codecvt_utf8_utf16<_Elem> {
      |                            ^
/Library/Developer/CommandLineTools/SDKs/MacOSX.sdk/usr/include/c++/v1/__config:731:41: note: expanded from macro '_LIBCPP_DEPRECATED_IN_CXX17'
  731 | #    define _LIBCPP_DEPRECATED_IN_CXX17 _LIBCPP_DEPRECATED
      |                                         ^
/Library/Developer/CommandLineTools/SDKs/MacOSX.sdk/usr/include/c++/v1/__config:696:49: note: expanded from macro '_LIBCPP_DEPRECATED'
  696 | #      define _LIBCPP_DEPRECATED __attribute__((__deprecated__))
      |                                                 ^
In file included from /Users/otsunah/Documents/GitHub/VVDViewer/VVDViewer/fluorender/FluoRender/ConvertDlg.cpp:2:
In file included from /Users/otsunah/Documents/GitHub/VVDViewer/VVDViewer/fluorender/FluoRender/VRenderFrame.h:29:
In file included from /Users/otsunah/Documents/GitHub/VVDViewer/VVDViewer/fluorender/FluoRender/DataManager.h:29:
/Users/otsunah/Documents/GitHub/VVDViewer/VVDViewer/fluorender/FluoRender/compatibility.h:364:7: warning: 'wstring_convert<std::codecvt_utf8_utf16<wchar_t>>' is deprecated [-Wdeprecated-declarations]
  364 |         std::wstring_convert<std::codecvt_utf8_utf16<wchar_t>, wchar_t> converter;
      |              ^
/Library/Developer/CommandLineTools/SDKs/MacOSX.sdk/usr/include/c++/v1/locale:3145:28: note: 'wstring_convert<std::codecvt_utf8_utf16<wchar_t>>' has been explicitly marked deprecated here
 3145 | class _LIBCPP_TEMPLATE_VIS _LIBCPP_DEPRECATED_IN_CXX17 wstring_convert {
      |                            ^
/Library/Developer/CommandLineTools/SDKs/MacOSX.sdk/usr/include/c++/v1/__config:731:41: note: expanded from macro '_LIBCPP_DEPRECATED_IN_CXX17'
  731 | #    define _LIBCPP_DEPRECATED_IN_CXX17 _LIBCPP_DEPRECATED
      |                                         ^
/Library/Developer/CommandLineTools/SDKs/MacOSX.sdk/usr/include/c++/v1/__config:696:49: note: expanded from macro '_LIBCPP_DEPRECATED'
  696 | #      define _LIBCPP_DEPRECATED __attribute__((__deprecated__))
      |                                                 ^
In file included from /Users/otsunah/Documents/GitHub/VVDViewer/VVDViewer/fluorender/FluoRender/ConvertDlg.cpp:2:
In file included from /Users/otsunah/Documents/GitHub/VVDViewer/VVDViewer/fluorender/FluoRender/VRenderFrame.h:29:
In file included from /Users/otsunah/Documents/GitHub/VVDViewer/VVDViewer/fluorender/FluoRender/DataManager.h:29:
/Users/otsunah/Documents/GitHub/VVDViewer/VVDViewer/fluorender/FluoRender/compatibility.h:370:28: warning: 'codecvt_utf8_utf16<wchar_t>' is deprecated [-Wdeprecated-declarations]
  370 |         std::wstring_convert<std::codecvt_utf8_utf16<wchar_t>, wchar_t> converter;
      |                                   ^
/Library/Developer/CommandLineTools/SDKs/MacOSX.sdk/usr/include/c++/v1/codecvt:568:28: note: 'codecvt_utf8_utf16<wchar_t>' has been explicitly marked deprecated here
  568 | class _LIBCPP_TEMPLATE_VIS _LIBCPP_DEPRECATED_IN_CXX17 codecvt_utf8_utf16 : public __codecvt_utf8_utf16<_Elem> {
      |                            ^
/Library/Developer/CommandLineTools/SDKs/MacOSX.sdk/usr/include/c++/v1/__config:731:41: note: expanded from macro '_LIBCPP_DEPRECATED_IN_CXX17'
  731 | #    define _LIBCPP_DEPRECATED_IN_CXX17 _LIBCPP_DEPRECATED
      |                                         ^
/Library/Developer/CommandLineTools/SDKs/MacOSX.sdk/usr/include/c++/v1/__config:696:49: note: expanded from macro '_LIBCPP_DEPRECATED'
  696 | #      define _LIBCPP_DEPRECATED __attribute__((__deprecated__))
      |                                                 ^
In file included from /Users/otsunah/Documents/GitHub/VVDViewer/VVDViewer/fluorender/FluoRender/ConvertDlg.cpp:2:
In file included from /Users/otsunah/Documents/GitHub/VVDViewer/VVDViewer/fluorender/FluoRender/VRenderFrame.h:29:
In file included from /Users/otsunah/Documents/GitHub/VVDViewer/VVDViewer/fluorender/FluoRender/DataManager.h:29:
/Users/otsunah/Documents/GitHub/VVDViewer/VVDViewer/fluorender/FluoRender/compatibility.h:370:7: warning: 'wstring_convert<std::codecvt_utf8_utf16<wchar_t>>' is deprecated [-Wdeprecated-declarations]
  370 |         std::wstring_convert<std::codecvt_utf8_utf16<wchar_t>, wchar_t> converter;
      |              ^
/Library/Developer/CommandLineTools/SDKs/MacOSX.sdk/usr/include/c++/v1/locale:3145:28: note: 'wstring_convert<std::codecvt_utf8_utf16<wchar_t>>' has been explicitly marked deprecated here
 3145 | class _LIBCPP_TEMPLATE_VIS _LIBCPP_DEPRECATED_IN_CXX17 wstring_convert {
      |                            ^
/Library/Developer/CommandLineTools/SDKs/MacOSX.sdk/usr/include/c++/v1/__config:731:41: note: expanded from macro '_LIBCPP_DEPRECATED_IN_CXX17'
  731 | #    define _LIBCPP_DEPRECATED_IN_CXX17 _LIBCPP_DEPRECATED
      |                                         ^
/Library/Developer/CommandLineTools/SDKs/MacOSX.sdk/usr/include/c++/v1/__config:696:49: note: expanded from macro '_LIBCPP_DEPRECATED'
  696 | #      define _LIBCPP_DEPRECATED __attribute__((__deprecated__))
      |                                                 ^
In file included from /Users/otsunah/Documents/GitHub/VVDViewer/VVDViewer/fluorender/FluoRender/ConvertDlg.cpp:2:
In file included from /Users/otsunah/Documents/GitHub/VVDViewer/VVDViewer/fluorender/FluoRender/VRenderFrame.h:29:
In file included from /Users/otsunah/Documents/GitHub/VVDViewer/VVDViewer/fluorender/FluoRender/DataManager.h:29:
/Users/otsunah/Documents/GitHub/VVDViewer/VVDViewer/fluorender/FluoRender/compatibility.h:411:10: warning: 'vsprintf' is deprecated: This function is provided for compatibility reasons only.  Due to security concerns inherent in the design of sprintf(3), it is highly recommended that you use vsnprintf(3) instead. [-Wdeprecated-declarations]
  411 |         int r = vsprintf(buf, fmt, args);
      |                 ^
/Library/Developer/CommandLineTools/SDKs/MacOSX.sdk/usr/include/_stdio.h:298:1: note: 'vsprintf' has been explicitly marked deprecated here
  298 | __deprecated_msg("This function is provided for compatibility reasons only.  Due to security concerns inherent in the design of sprintf(3), it is highly recommended that you use vsnprintf(3) instead.")
      | ^
/Library/Developer/CommandLineTools/SDKs/MacOSX.sdk/usr/include/sys/cdefs.h:218:48: note: expanded from macro '__deprecated_msg'
  218 |         #define __deprecated_msg(_msg) __attribute__((__deprecated__(_msg)))
      |                                                       ^
In file included from /Users/otsunah/Documents/GitHub/VVDViewer/VVDViewer/fluorender/FluoRender/ConvertDlg.cpp:2:
In file included from /Users/otsunah/Documents/GitHub/VVDViewer/VVDViewer/fluorender/FluoRender/VRenderFrame.h:29:
In file included from /Users/otsunah/Documents/GitHub/VVDViewer/VVDViewer/fluorender/FluoRender/DataManager.h:38:
In file included from /Users/otsunah/Documents/GitHub/VVDViewer/VVDViewer/fluorender/FluoRender/FLIVR/MeshRenderer.h:33:
In file included from /Users/otsunah/Documents/GitHub/VVDViewer/VVDViewer/fluorender/FluoRender/FLIVR/MshShader.h:37:
In file included from /Users/otsunah/Documents/GitHub/VVDViewer/VVDViewer/fluorender/FluoRender/Vulkan/VulkanDevice.hpp:23:
/Users/otsunah/Documents/GitHub/VVDViewer/VVDViewer/fluorender/FluoRender/FLIVR/TextureBrick.h:129:7: warning: cannot delete expression with pointer-to-'void' type 'void *' [-Wdelete-incomplete]
  129 |                                                 delete[] m_nrrd->data;
      |                                                 ^        ~~~~~~~~~~~~
In file included from /Users/otsunah/Documents/GitHub/VVDViewer/VVDViewer/fluorender/FluoRender/ConvertDlg.cpp:2:
In file included from /Users/otsunah/Documents/GitHub/VVDViewer/VVDViewer/fluorender/FluoRender/VRenderFrame.h:29:
In file included from /Users/otsunah/Documents/GitHub/VVDViewer/VVDViewer/fluorender/FluoRender/DataManager.h:38:
In file included from /Users/otsunah/Documents/GitHub/VVDViewer/VVDViewer/fluorender/FluoRender/FLIVR/MeshRenderer.h:38:
/Users/otsunah/Documents/GitHub/VVDViewer/VVDViewer/fluorender/FluoRender/VVulkan.h:2:9: warning: 'GLM_FORCE_DEPTH_ZERO_TO_ONE' macro redefined [-Wmacro-redefined]
    2 | #define GLM_FORCE_DEPTH_ZERO_TO_ONE
      |         ^
<command line>:9:9: note: previous definition is here
    9 | #define GLM_FORCE_DEPTH_ZERO_TO_ONE 1
      |         ^
In file included from /Users/otsunah/Documents/GitHub/VVDViewer/VVDViewer/fluorender/FluoRender/ConvertDlg.cpp:2:
In file included from /Users/otsunah/Documents/GitHub/VVDViewer/VVDViewer/fluorender/FluoRender/VRenderFrame.h:29:
In file included from /Users/otsunah/Documents/GitHub/VVDViewer/VVDViewer/fluorender/FluoRender/DataManager.h:59:
/Users/otsunah/Documents/GitHub/VVDViewer/VVDViewer/fluorender/FluoRender/Formats/brkxml_reader.h:100:21: warning: cannot delete expression with pointer-to-'void' type 'void *' [-Wdelete-incomplete]
  100 |                     delete[] m_data;
      |                     ^        ~~~~~~
In file included from /Users/otsunah/Documents/GitHub/VVDViewer/VVDViewer/fluorender/FluoRender/ConvertDlg.cpp:2:
In file included from /Users/otsunah/Documents/GitHub/VVDViewer/VVDViewer/fluorender/FluoRender/VRenderFrame.h:49:
/Users/otsunah/Documents/GitHub/VVDViewer/VVDViewer/fluorender/FluoRender/MeasureDlg.h:125:9: warning: 'GetSizeAvailableForScrollTarget' overrides a member function but is not marked 'override' [-Winconsistent-missing-override]
  125 |         wxSize GetSizeAvailableForScrollTarget(const wxSize& size) {
      |                ^
/Users/otsunah/Documents/GitHub/VVDViewer/VVDViewer/build/vcpkg_installed/arm64-osx-vvd/include/wx-3.3/wx/generic/listctrl.h:228:20: note: overridden virtual function is here
  228 |     virtual wxSize GetSizeAvailableForScrollTarget(const wxSize& size) override;
      |                    ^
9 warnings generated.
[13/74] Building CXX object CMakeFiles/VVDMainFrame.dir/fluorender/FluoRender/CountingDlg.cpp.o
In file included from /Users/otsunah/Documents/GitHub/VVDViewer/VVDViewer/fluorender/FluoRender/CountingDlg.cpp:29:
In file included from /Users/otsunah/Documents/GitHub/VVDViewer/VVDViewer/fluorender/FluoRender/VRenderFrame.h:29:
In file included from /Users/otsunah/Documents/GitHub/VVDViewer/VVDViewer/fluorender/FluoRender/DataManager.h:29:
/Users/otsunah/Documents/GitHub/VVDViewer/VVDViewer/fluorender/FluoRender/compatibility.h:364:28: warning: 'codecvt_utf8_utf16<wchar_t>' is deprecated [-Wdeprecated-declarations]
  364 |         std::wstring_convert<std::codecvt_utf8_utf16<wchar_t>, wchar_t> converter;
      |                                   ^
/Library/Developer/CommandLineTools/SDKs/MacOSX.sdk/usr/include/c++/v1/codecvt:568:28: note: 'codecvt_utf8_utf16<wchar_t>' has been explicitly marked deprecated here
  568 | class _LIBCPP_TEMPLATE_VIS _LIBCPP_DEPRECATED_IN_CXX17 codecvt_utf8_utf16 : public __codecvt_utf8_utf16<_Elem> {
      |                            ^
/Library/Developer/CommandLineTools/SDKs/MacOSX.sdk/usr/include/c++/v1/__config:731:41: note: expanded from macro '_LIBCPP_DEPRECATED_IN_CXX17'
  731 | #    define _LIBCPP_DEPRECATED_IN_CXX17 _LIBCPP_DEPRECATED
      |                                         ^
/Library/Developer/CommandLineTools/SDKs/MacOSX.sdk/usr/include/c++/v1/__config:696:49: note: expanded from macro '_LIBCPP_DEPRECATED'
  696 | #      define _LIBCPP_DEPRECATED __attribute__((__deprecated__))
      |                                                 ^
In file included from /Users/otsunah/Documents/GitHub/VVDViewer/VVDViewer/fluorender/FluoRender/CountingDlg.cpp:29:
In file included from /Users/otsunah/Documents/GitHub/VVDViewer/VVDViewer/fluorender/FluoRender/VRenderFrame.h:29:
In file included from /Users/otsunah/Documents/GitHub/VVDViewer/VVDViewer/fluorender/FluoRender/DataManager.h:29:
/Users/otsunah/Documents/GitHub/VVDViewer/VVDViewer/fluorender/FluoRender/compatibility.h:364:7: warning: 'wstring_convert<std::codecvt_utf8_utf16<wchar_t>>' is deprecated [-Wdeprecated-declarations]
  364 |         std::wstring_convert<std::codecvt_utf8_utf16<wchar_t>, wchar_t> converter;
      |              ^
/Library/Developer/CommandLineTools/SDKs/MacOSX.sdk/usr/include/c++/v1/locale:3145:28: note: 'wstring_convert<std::codecvt_utf8_utf16<wchar_t>>' has been explicitly marked deprecated here
 3145 | class _LIBCPP_TEMPLATE_VIS _LIBCPP_DEPRECATED_IN_CXX17 wstring_convert {
      |                            ^
/Library/Developer/CommandLineTools/SDKs/MacOSX.sdk/usr/include/c++/v1/__config:731:41: note: expanded from macro '_LIBCPP_DEPRECATED_IN_CXX17'
  731 | #    define _LIBCPP_DEPRECATED_IN_CXX17 _LIBCPP_DEPRECATED
      |                                         ^
/Library/Developer/CommandLineTools/SDKs/MacOSX.sdk/usr/include/c++/v1/__config:696:49: note: expanded from macro '_LIBCPP_DEPRECATED'
  696 | #      define _LIBCPP_DEPRECATED __attribute__((__deprecated__))
      |                                                 ^
In file included from /Users/otsunah/Documents/GitHub/VVDViewer/VVDViewer/fluorender/FluoRender/CountingDlg.cpp:29:
In file included from /Users/otsunah/Documents/GitHub/VVDViewer/VVDViewer/fluorender/FluoRender/VRenderFrame.h:29:
In file included from /Users/otsunah/Documents/GitHub/VVDViewer/VVDViewer/fluorender/FluoRender/DataManager.h:29:
/Users/otsunah/Documents/GitHub/VVDViewer/VVDViewer/fluorender/FluoRender/compatibility.h:370:28: warning: 'codecvt_utf8_utf16<wchar_t>' is deprecated [-Wdeprecated-declarations]
  370 |         std::wstring_convert<std::codecvt_utf8_utf16<wchar_t>, wchar_t> converter;
      |                                   ^
/Library/Developer/CommandLineTools/SDKs/MacOSX.sdk/usr/include/c++/v1/codecvt:568:28: note: 'codecvt_utf8_utf16<wchar_t>' has been explicitly marked deprecated here
  568 | class _LIBCPP_TEMPLATE_VIS _LIBCPP_DEPRECATED_IN_CXX17 codecvt_utf8_utf16 : public __codecvt_utf8_utf16<_Elem> {
      |                            ^
/Library/Developer/CommandLineTools/SDKs/MacOSX.sdk/usr/include/c++/v1/__config:731:41: note: expanded from macro '_LIBCPP_DEPRECATED_IN_CXX17'
  731 | #    define _LIBCPP_DEPRECATED_IN_CXX17 _LIBCPP_DEPRECATED
      |                                         ^
/Library/Developer/CommandLineTools/SDKs/MacOSX.sdk/usr/include/c++/v1/__config:696:49: note: expanded from macro '_LIBCPP_DEPRECATED'
  696 | #      define _LIBCPP_DEPRECATED __attribute__((__deprecated__))
      |                                                 ^
In file included from /Users/otsunah/Documents/GitHub/VVDViewer/VVDViewer/fluorender/FluoRender/CountingDlg.cpp:29:
In file included from /Users/otsunah/Documents/GitHub/VVDViewer/VVDViewer/fluorender/FluoRender/VRenderFrame.h:29:
In file included from /Users/otsunah/Documents/GitHub/VVDViewer/VVDViewer/fluorender/FluoRender/DataManager.h:29:
/Users/otsunah/Documents/GitHub/VVDViewer/VVDViewer/fluorender/FluoRender/compatibility.h:370:7: warning: 'wstring_convert<std::codecvt_utf8_utf16<wchar_t>>' is deprecated [-Wdeprecated-declarations]
  370 |         std::wstring_convert<std::codecvt_utf8_utf16<wchar_t>, wchar_t> converter;
      |              ^
/Library/Developer/CommandLineTools/SDKs/MacOSX.sdk/usr/include/c++/v1/locale:3145:28: note: 'wstring_convert<std::codecvt_utf8_utf16<wchar_t>>' has been explicitly marked deprecated here
 3145 | class _LIBCPP_TEMPLATE_VIS _LIBCPP_DEPRECATED_IN_CXX17 wstring_convert {
      |                            ^
/Library/Developer/CommandLineTools/SDKs/MacOSX.sdk/usr/include/c++/v1/__config:731:41: note: expanded from macro '_LIBCPP_DEPRECATED_IN_CXX17'
  731 | #    define _LIBCPP_DEPRECATED_IN_CXX17 _LIBCPP_DEPRECATED
      |                                         ^
/Library/Developer/CommandLineTools/SDKs/MacOSX.sdk/usr/include/c++/v1/__config:696:49: note: expanded from macro '_LIBCPP_DEPRECATED'
  696 | #      define _LIBCPP_DEPRECATED __attribute__((__deprecated__))
      |                                                 ^
In file included from /Users/otsunah/Documents/GitHub/VVDViewer/VVDViewer/fluorender/FluoRender/CountingDlg.cpp:29:
In file included from /Users/otsunah/Documents/GitHub/VVDViewer/VVDViewer/fluorender/FluoRender/VRenderFrame.h:29:
In file included from /Users/otsunah/Documents/GitHub/VVDViewer/VVDViewer/fluorender/FluoRender/DataManager.h:29:
/Users/otsunah/Documents/GitHub/VVDViewer/VVDViewer/fluorender/FluoRender/compatibility.h:411:10: warning: 'vsprintf' is deprecated: This function is provided for compatibility reasons only.  Due to security concerns inherent in the design of sprintf(3), it is highly recommended that you use vsnprintf(3) instead. [-Wdeprecated-declarations]
  411 |         int r = vsprintf(buf, fmt, args);
      |                 ^
/Library/Developer/CommandLineTools/SDKs/MacOSX.sdk/usr/include/_stdio.h:298:1: note: 'vsprintf' has been explicitly marked deprecated here
  298 | __deprecated_msg("This function is provided for compatibility reasons only.  Due to security concerns inherent in the design of sprintf(3), it is highly recommended that you use vsnprintf(3) instead.")
      | ^
/Library/Developer/CommandLineTools/SDKs/MacOSX.sdk/usr/include/sys/cdefs.h:218:48: note: expanded from macro '__deprecated_msg'
  218 |         #define __deprecated_msg(_msg) __attribute__((__deprecated__(_msg)))
      |                                                       ^
In file included from /Users/otsunah/Documents/GitHub/VVDViewer/VVDViewer/fluorender/FluoRender/CountingDlg.cpp:29:
In file included from /Users/otsunah/Documents/GitHub/VVDViewer/VVDViewer/fluorender/FluoRender/VRenderFrame.h:29:
In file included from /Users/otsunah/Documents/GitHub/VVDViewer/VVDViewer/fluorender/FluoRender/DataManager.h:38:
In file included from /Users/otsunah/Documents/GitHub/VVDViewer/VVDViewer/fluorender/FluoRender/FLIVR/MeshRenderer.h:33:
In file included from /Users/otsunah/Documents/GitHub/VVDViewer/VVDViewer/fluorender/FluoRender/FLIVR/MshShader.h:37:
In file included from /Users/otsunah/Documents/GitHub/VVDViewer/VVDViewer/fluorender/FluoRender/Vulkan/VulkanDevice.hpp:23:
/Users/otsunah/Documents/GitHub/VVDViewer/VVDViewer/fluorender/FluoRender/FLIVR/TextureBrick.h:129:7: warning: cannot delete expression with pointer-to-'void' type 'void *' [-Wdelete-incomplete]
  129 |                                                 delete[] m_nrrd->data;
      |                                                 ^        ~~~~~~~~~~~~
In file included from /Users/otsunah/Documents/GitHub/VVDViewer/VVDViewer/fluorender/FluoRender/CountingDlg.cpp:29:
In file included from /Users/otsunah/Documents/GitHub/VVDViewer/VVDViewer/fluorender/FluoRender/VRenderFrame.h:29:
In file included from /Users/otsunah/Documents/GitHub/VVDViewer/VVDViewer/fluorender/FluoRender/DataManager.h:38:
In file included from /Users/otsunah/Documents/GitHub/VVDViewer/VVDViewer/fluorender/FluoRender/FLIVR/MeshRenderer.h:38:
/Users/otsunah/Documents/GitHub/VVDViewer/VVDViewer/fluorender/FluoRender/VVulkan.h:2:9: warning: 'GLM_FORCE_DEPTH_ZERO_TO_ONE' macro redefined [-Wmacro-redefined]
    2 | #define GLM_FORCE_DEPTH_ZERO_TO_ONE
      |         ^
<command line>:9:9: note: previous definition is here
    9 | #define GLM_FORCE_DEPTH_ZERO_TO_ONE 1
      |         ^
In file included from /Users/otsunah/Documents/GitHub/VVDViewer/VVDViewer/fluorender/FluoRender/CountingDlg.cpp:29:
In file included from /Users/otsunah/Documents/GitHub/VVDViewer/VVDViewer/fluorender/FluoRender/VRenderFrame.h:29:
In file included from /Users/otsunah/Documents/GitHub/VVDViewer/VVDViewer/fluorender/FluoRender/DataManager.h:59:
/Users/otsunah/Documents/GitHub/VVDViewer/VVDViewer/fluorender/FluoRender/Formats/brkxml_reader.h:100:21: warning: cannot delete expression with pointer-to-'void' type 'void *' [-Wdelete-incomplete]
  100 |                     delete[] m_data;
      |                     ^        ~~~~~~
In file included from /Users/otsunah/Documents/GitHub/VVDViewer/VVDViewer/fluorender/FluoRender/CountingDlg.cpp:29:
In file included from /Users/otsunah/Documents/GitHub/VVDViewer/VVDViewer/fluorender/FluoRender/VRenderFrame.h:49:
/Users/otsunah/Documents/GitHub/VVDViewer/VVDViewer/fluorender/FluoRender/MeasureDlg.h:125:9: warning: 'GetSizeAvailableForScrollTarget' overrides a member function but is not marked 'override' [-Winconsistent-missing-override]
  125 |         wxSize GetSizeAvailableForScrollTarget(const wxSize& size) {
      |                ^
/Users/otsunah/Documents/GitHub/VVDViewer/VVDViewer/build/vcpkg_installed/arm64-osx-vvd/include/wx-3.3/wx/generic/listctrl.h:228:20: note: overridden virtual function is here
  228 |     virtual wxSize GetSizeAvailableForScrollTarget(const wxSize& size) override;
      |                    ^
9 warnings generated.
[14/74] Building CXX object CMakeFiles/VVDMainFrame.dir/fluorender/FluoRender/DragDrop.cpp.o
In file included from /Users/otsunah/Documents/GitHub/VVDViewer/VVDViewer/fluorender/FluoRender/DragDrop.cpp:29:
In file included from /Users/otsunah/Documents/GitHub/VVDViewer/VVDViewer/fluorender/FluoRender/VRenderFrame.h:29:
In file included from /Users/otsunah/Documents/GitHub/VVDViewer/VVDViewer/fluorender/FluoRender/DataManager.h:29:
/Users/otsunah/Documents/GitHub/VVDViewer/VVDViewer/fluorender/FluoRender/compatibility.h:364:28: warning: 'codecvt_utf8_utf16<wchar_t>' is deprecated [-Wdeprecated-declarations]
  364 |         std::wstring_convert<std::codecvt_utf8_utf16<wchar_t>, wchar_t> converter;
      |                                   ^
/Library/Developer/CommandLineTools/SDKs/MacOSX.sdk/usr/include/c++/v1/codecvt:568:28: note: 'codecvt_utf8_utf16<wchar_t>' has been explicitly marked deprecated here
  568 | class _LIBCPP_TEMPLATE_VIS _LIBCPP_DEPRECATED_IN_CXX17 codecvt_utf8_utf16 : public __codecvt_utf8_utf16<_Elem> {
      |                            ^
/Library/Developer/CommandLineTools/SDKs/MacOSX.sdk/usr/include/c++/v1/__config:731:41: note: expanded from macro '_LIBCPP_DEPRECATED_IN_CXX17'
  731 | #    define _LIBCPP_DEPRECATED_IN_CXX17 _LIBCPP_DEPRECATED
      |                                         ^
/Library/Developer/CommandLineTools/SDKs/MacOSX.sdk/usr/include/c++/v1/__config:696:49: note: expanded from macro '_LIBCPP_DEPRECATED'
  696 | #      define _LIBCPP_DEPRECATED __attribute__((__deprecated__))
      |                                                 ^
In file included from /Users/otsunah/Documents/GitHub/VVDViewer/VVDViewer/fluorender/FluoRender/DragDrop.cpp:29:
In file included from /Users/otsunah/Documents/GitHub/VVDViewer/VVDViewer/fluorender/FluoRender/VRenderFrame.h:29:
In file included from /Users/otsunah/Documents/GitHub/VVDViewer/VVDViewer/fluorender/FluoRender/DataManager.h:29:
/Users/otsunah/Documents/GitHub/VVDViewer/VVDViewer/fluorender/FluoRender/compatibility.h:364:7: warning: 'wstring_convert<std::codecvt_utf8_utf16<wchar_t>>' is deprecated [-Wdeprecated-declarations]
  364 |         std::wstring_convert<std::codecvt_utf8_utf16<wchar_t>, wchar_t> converter;
      |              ^
/Library/Developer/CommandLineTools/SDKs/MacOSX.sdk/usr/include/c++/v1/locale:3145:28: note: 'wstring_convert<std::codecvt_utf8_utf16<wchar_t>>' has been explicitly marked deprecated here
 3145 | class _LIBCPP_TEMPLATE_VIS _LIBCPP_DEPRECATED_IN_CXX17 wstring_convert {
      |                            ^
/Library/Developer/CommandLineTools/SDKs/MacOSX.sdk/usr/include/c++/v1/__config:731:41: note: expanded from macro '_LIBCPP_DEPRECATED_IN_CXX17'
  731 | #    define _LIBCPP_DEPRECATED_IN_CXX17 _LIBCPP_DEPRECATED
      |                                         ^
/Library/Developer/CommandLineTools/SDKs/MacOSX.sdk/usr/include/c++/v1/__config:696:49: note: expanded from macro '_LIBCPP_DEPRECATED'
  696 | #      define _LIBCPP_DEPRECATED __attribute__((__deprecated__))
      |                                                 ^
In file included from /Users/otsunah/Documents/GitHub/VVDViewer/VVDViewer/fluorender/FluoRender/DragDrop.cpp:29:
In file included from /Users/otsunah/Documents/GitHub/VVDViewer/VVDViewer/fluorender/FluoRender/VRenderFrame.h:29:
In file included from /Users/otsunah/Documents/GitHub/VVDViewer/VVDViewer/fluorender/FluoRender/DataManager.h:29:
/Users/otsunah/Documents/GitHub/VVDViewer/VVDViewer/fluorender/FluoRender/compatibility.h:370:28: warning: 'codecvt_utf8_utf16<wchar_t>' is deprecated [-Wdeprecated-declarations]
  370 |         std::wstring_convert<std::codecvt_utf8_utf16<wchar_t>, wchar_t> converter;
      |                                   ^
/Library/Developer/CommandLineTools/SDKs/MacOSX.sdk/usr/include/c++/v1/codecvt:568:28: note: 'codecvt_utf8_utf16<wchar_t>' has been explicitly marked deprecated here
  568 | class _LIBCPP_TEMPLATE_VIS _LIBCPP_DEPRECATED_IN_CXX17 codecvt_utf8_utf16 : public __codecvt_utf8_utf16<_Elem> {
      |                            ^
/Library/Developer/CommandLineTools/SDKs/MacOSX.sdk/usr/include/c++/v1/__config:731:41: note: expanded from macro '_LIBCPP_DEPRECATED_IN_CXX17'
  731 | #    define _LIBCPP_DEPRECATED_IN_CXX17 _LIBCPP_DEPRECATED
      |                                         ^
/Library/Developer/CommandLineTools/SDKs/MacOSX.sdk/usr/include/c++/v1/__config:696:49: note: expanded from macro '_LIBCPP_DEPRECATED'
  696 | #      define _LIBCPP_DEPRECATED __attribute__((__deprecated__))
      |                                                 ^
In file included from /Users/otsunah/Documents/GitHub/VVDViewer/VVDViewer/fluorender/FluoRender/DragDrop.cpp:29:
In file included from /Users/otsunah/Documents/GitHub/VVDViewer/VVDViewer/fluorender/FluoRender/VRenderFrame.h:29:
In file included from /Users/otsunah/Documents/GitHub/VVDViewer/VVDViewer/fluorender/FluoRender/DataManager.h:29:
/Users/otsunah/Documents/GitHub/VVDViewer/VVDViewer/fluorender/FluoRender/compatibility.h:370:7: warning: 'wstring_convert<std::codecvt_utf8_utf16<wchar_t>>' is deprecated [-Wdeprecated-declarations]
  370 |         std::wstring_convert<std::codecvt_utf8_utf16<wchar_t>, wchar_t> converter;
      |              ^
/Library/Developer/CommandLineTools/SDKs/MacOSX.sdk/usr/include/c++/v1/locale:3145:28: note: 'wstring_convert<std::codecvt_utf8_utf16<wchar_t>>' has been explicitly marked deprecated here
 3145 | class _LIBCPP_TEMPLATE_VIS _LIBCPP_DEPRECATED_IN_CXX17 wstring_convert {
      |                            ^
/Library/Developer/CommandLineTools/SDKs/MacOSX.sdk/usr/include/c++/v1/__config:731:41: note: expanded from macro '_LIBCPP_DEPRECATED_IN_CXX17'
  731 | #    define _LIBCPP_DEPRECATED_IN_CXX17 _LIBCPP_DEPRECATED
      |                                         ^
/Library/Developer/CommandLineTools/SDKs/MacOSX.sdk/usr/include/c++/v1/__config:696:49: note: expanded from macro '_LIBCPP_DEPRECATED'
  696 | #      define _LIBCPP_DEPRECATED __attribute__((__deprecated__))
      |                                                 ^
In file included from /Users/otsunah/Documents/GitHub/VVDViewer/VVDViewer/fluorender/FluoRender/DragDrop.cpp:29:
In file included from /Users/otsunah/Documents/GitHub/VVDViewer/VVDViewer/fluorender/FluoRender/VRenderFrame.h:29:
In file included from /Users/otsunah/Documents/GitHub/VVDViewer/VVDViewer/fluorender/FluoRender/DataManager.h:29:
/Users/otsunah/Documents/GitHub/VVDViewer/VVDViewer/fluorender/FluoRender/compatibility.h:411:10: warning: 'vsprintf' is deprecated: This function is provided for compatibility reasons only.  Due to security concerns inherent in the design of sprintf(3), it is highly recommended that you use vsnprintf(3) instead. [-Wdeprecated-declarations]
  411 |         int r = vsprintf(buf, fmt, args);
      |                 ^
/Library/Developer/CommandLineTools/SDKs/MacOSX.sdk/usr/include/_stdio.h:298:1: note: 'vsprintf' has been explicitly marked deprecated here
  298 | __deprecated_msg("This function is provided for compatibility reasons only.  Due to security concerns inherent in the design of sprintf(3), it is highly recommended that you use vsnprintf(3) instead.")
      | ^
/Library/Developer/CommandLineTools/SDKs/MacOSX.sdk/usr/include/sys/cdefs.h:218:48: note: expanded from macro '__deprecated_msg'
  218 |         #define __deprecated_msg(_msg) __attribute__((__deprecated__(_msg)))
      |                                                       ^
In file included from /Users/otsunah/Documents/GitHub/VVDViewer/VVDViewer/fluorender/FluoRender/DragDrop.cpp:29:
In file included from /Users/otsunah/Documents/GitHub/VVDViewer/VVDViewer/fluorender/FluoRender/VRenderFrame.h:29:
In file included from /Users/otsunah/Documents/GitHub/VVDViewer/VVDViewer/fluorender/FluoRender/DataManager.h:38:
In file included from /Users/otsunah/Documents/GitHub/VVDViewer/VVDViewer/fluorender/FluoRender/FLIVR/MeshRenderer.h:33:
In file included from /Users/otsunah/Documents/GitHub/VVDViewer/VVDViewer/fluorender/FluoRender/FLIVR/MshShader.h:37:
In file included from /Users/otsunah/Documents/GitHub/VVDViewer/VVDViewer/fluorender/FluoRender/Vulkan/VulkanDevice.hpp:23:
/Users/otsunah/Documents/GitHub/VVDViewer/VVDViewer/fluorender/FluoRender/FLIVR/TextureBrick.h:129:7: warning: cannot delete expression with pointer-to-'void' type 'void *' [-Wdelete-incomplete]
  129 |                                                 delete[] m_nrrd->data;
      |                                                 ^        ~~~~~~~~~~~~
In file included from /Users/otsunah/Documents/GitHub/VVDViewer/VVDViewer/fluorender/FluoRender/DragDrop.cpp:29:
In file included from /Users/otsunah/Documents/GitHub/VVDViewer/VVDViewer/fluorender/FluoRender/VRenderFrame.h:29:
In file included from /Users/otsunah/Documents/GitHub/VVDViewer/VVDViewer/fluorender/FluoRender/DataManager.h:38:
In file included from /Users/otsunah/Documents/GitHub/VVDViewer/VVDViewer/fluorender/FluoRender/FLIVR/MeshRenderer.h:38:
/Users/otsunah/Documents/GitHub/VVDViewer/VVDViewer/fluorender/FluoRender/VVulkan.h:2:9: warning: 'GLM_FORCE_DEPTH_ZERO_TO_ONE' macro redefined [-Wmacro-redefined]
    2 | #define GLM_FORCE_DEPTH_ZERO_TO_ONE
      |         ^
<command line>:9:9: note: previous definition is here
    9 | #define GLM_FORCE_DEPTH_ZERO_TO_ONE 1
      |         ^
In file included from /Users/otsunah/Documents/GitHub/VVDViewer/VVDViewer/fluorender/FluoRender/DragDrop.cpp:29:
In file included from /Users/otsunah/Documents/GitHub/VVDViewer/VVDViewer/fluorender/FluoRender/VRenderFrame.h:29:
In file included from /Users/otsunah/Documents/GitHub/VVDViewer/VVDViewer/fluorender/FluoRender/DataManager.h:59:
/Users/otsunah/Documents/GitHub/VVDViewer/VVDViewer/fluorender/FluoRender/Formats/brkxml_reader.h:100:21: warning: cannot delete expression with pointer-to-'void' type 'void *' [-Wdelete-incomplete]
  100 |                     delete[] m_data;
      |                     ^        ~~~~~~
In file included from /Users/otsunah/Documents/GitHub/VVDViewer/VVDViewer/fluorender/FluoRender/DragDrop.cpp:29:
In file included from /Users/otsunah/Documents/GitHub/VVDViewer/VVDViewer/fluorender/FluoRender/VRenderFrame.h:49:
/Users/otsunah/Documents/GitHub/VVDViewer/VVDViewer/fluorender/FluoRender/MeasureDlg.h:125:9: warning: 'GetSizeAvailableForScrollTarget' overrides a member function but is not marked 'override' [-Winconsistent-missing-override]
  125 |         wxSize GetSizeAvailableForScrollTarget(const wxSize& size) {
      |                ^
/Users/otsunah/Documents/GitHub/VVDViewer/VVDViewer/build/vcpkg_installed/arm64-osx-vvd/include/wx-3.3/wx/generic/listctrl.h:228:20: note: overridden virtual function is here
  228 |     virtual wxSize GetSizeAvailableForScrollTarget(const wxSize& size) override;
      |                    ^
9 warnings generated.
[15/74] Building CXX object CMakeFiles/VVDMainFrame.dir/fluorender/FluoRender/ColocalizationDlg.cpp.o
In file included from /Users/otsunah/Documents/GitHub/VVDViewer/VVDViewer/fluorender/FluoRender/ColocalizationDlg.cpp:2:
In file included from /Users/otsunah/Documents/GitHub/VVDViewer/VVDViewer/fluorender/FluoRender/VRenderFrame.h:29:
In file included from /Users/otsunah/Documents/GitHub/VVDViewer/VVDViewer/fluorender/FluoRender/DataManager.h:29:
/Users/otsunah/Documents/GitHub/VVDViewer/VVDViewer/fluorender/FluoRender/compatibility.h:364:28: warning: 'codecvt_utf8_utf16<wchar_t>' is deprecated [-Wdeprecated-declarations]
  364 |         std::wstring_convert<std::codecvt_utf8_utf16<wchar_t>, wchar_t> converter;
      |                                   ^
/Library/Developer/CommandLineTools/SDKs/MacOSX.sdk/usr/include/c++/v1/codecvt:568:28: note: 'codecvt_utf8_utf16<wchar_t>' has been explicitly marked deprecated here
  568 | class _LIBCPP_TEMPLATE_VIS _LIBCPP_DEPRECATED_IN_CXX17 codecvt_utf8_utf16 : public __codecvt_utf8_utf16<_Elem> {
      |                            ^
/Library/Developer/CommandLineTools/SDKs/MacOSX.sdk/usr/include/c++/v1/__config:731:41: note: expanded from macro '_LIBCPP_DEPRECATED_IN_CXX17'
  731 | #    define _LIBCPP_DEPRECATED_IN_CXX17 _LIBCPP_DEPRECATED
      |                                         ^
/Library/Developer/CommandLineTools/SDKs/MacOSX.sdk/usr/include/c++/v1/__config:696:49: note: expanded from macro '_LIBCPP_DEPRECATED'
  696 | #      define _LIBCPP_DEPRECATED __attribute__((__deprecated__))
      |                                                 ^
In file included from /Users/otsunah/Documents/GitHub/VVDViewer/VVDViewer/fluorender/FluoRender/ColocalizationDlg.cpp:2:
In file included from /Users/otsunah/Documents/GitHub/VVDViewer/VVDViewer/fluorender/FluoRender/VRenderFrame.h:29:
In file included from /Users/otsunah/Documents/GitHub/VVDViewer/VVDViewer/fluorender/FluoRender/DataManager.h:29:
/Users/otsunah/Documents/GitHub/VVDViewer/VVDViewer/fluorender/FluoRender/compatibility.h:364:7: warning: 'wstring_convert<std::codecvt_utf8_utf16<wchar_t>>' is deprecated [-Wdeprecated-declarations]
  364 |         std::wstring_convert<std::codecvt_utf8_utf16<wchar_t>, wchar_t> converter;
      |              ^
/Library/Developer/CommandLineTools/SDKs/MacOSX.sdk/usr/include/c++/v1/locale:3145:28: note: 'wstring_convert<std::codecvt_utf8_utf16<wchar_t>>' has been explicitly marked deprecated here
 3145 | class _LIBCPP_TEMPLATE_VIS _LIBCPP_DEPRECATED_IN_CXX17 wstring_convert {
      |                            ^
/Library/Developer/CommandLineTools/SDKs/MacOSX.sdk/usr/include/c++/v1/__config:731:41: note: expanded from macro '_LIBCPP_DEPRECATED_IN_CXX17'
  731 | #    define _LIBCPP_DEPRECATED_IN_CXX17 _LIBCPP_DEPRECATED
      |                                         ^
/Library/Developer/CommandLineTools/SDKs/MacOSX.sdk/usr/include/c++/v1/__config:696:49: note: expanded from macro '_LIBCPP_DEPRECATED'
  696 | #      define _LIBCPP_DEPRECATED __attribute__((__deprecated__))
      |                                                 ^
In file included from /Users/otsunah/Documents/GitHub/VVDViewer/VVDViewer/fluorender/FluoRender/ColocalizationDlg.cpp:2:
In file included from /Users/otsunah/Documents/GitHub/VVDViewer/VVDViewer/fluorender/FluoRender/VRenderFrame.h:29:
In file included from /Users/otsunah/Documents/GitHub/VVDViewer/VVDViewer/fluorender/FluoRender/DataManager.h:29:
/Users/otsunah/Documents/GitHub/VVDViewer/VVDViewer/fluorender/FluoRender/compatibility.h:370:28: warning: 'codecvt_utf8_utf16<wchar_t>' is deprecated [-Wdeprecated-declarations]
  370 |         std::wstring_convert<std::codecvt_utf8_utf16<wchar_t>, wchar_t> converter;
      |                                   ^
/Library/Developer/CommandLineTools/SDKs/MacOSX.sdk/usr/include/c++/v1/codecvt:568:28: note: 'codecvt_utf8_utf16<wchar_t>' has been explicitly marked deprecated here
  568 | class _LIBCPP_TEMPLATE_VIS _LIBCPP_DEPRECATED_IN_CXX17 codecvt_utf8_utf16 : public __codecvt_utf8_utf16<_Elem> {
      |                            ^
/Library/Developer/CommandLineTools/SDKs/MacOSX.sdk/usr/include/c++/v1/__config:731:41: note: expanded from macro '_LIBCPP_DEPRECATED_IN_CXX17'
  731 | #    define _LIBCPP_DEPRECATED_IN_CXX17 _LIBCPP_DEPRECATED
      |                                         ^
/Library/Developer/CommandLineTools/SDKs/MacOSX.sdk/usr/include/c++/v1/__config:696:49: note: expanded from macro '_LIBCPP_DEPRECATED'
  696 | #      define _LIBCPP_DEPRECATED __attribute__((__deprecated__))
      |                                                 ^
In file included from /Users/otsunah/Documents/GitHub/VVDViewer/VVDViewer/fluorender/FluoRender/ColocalizationDlg.cpp:2:
In file included from /Users/otsunah/Documents/GitHub/VVDViewer/VVDViewer/fluorender/FluoRender/VRenderFrame.h:29:
In file included from /Users/otsunah/Documents/GitHub/VVDViewer/VVDViewer/fluorender/FluoRender/DataManager.h:29:
/Users/otsunah/Documents/GitHub/VVDViewer/VVDViewer/fluorender/FluoRender/compatibility.h:370:7: warning: 'wstring_convert<std::codecvt_utf8_utf16<wchar_t>>' is deprecated [-Wdeprecated-declarations]
  370 |         std::wstring_convert<std::codecvt_utf8_utf16<wchar_t>, wchar_t> converter;
      |              ^
/Library/Developer/CommandLineTools/SDKs/MacOSX.sdk/usr/include/c++/v1/locale:3145:28: note: 'wstring_convert<std::codecvt_utf8_utf16<wchar_t>>' has been explicitly marked deprecated here
 3145 | class _LIBCPP_TEMPLATE_VIS _LIBCPP_DEPRECATED_IN_CXX17 wstring_convert {
      |                            ^
/Library/Developer/CommandLineTools/SDKs/MacOSX.sdk/usr/include/c++/v1/__config:731:41: note: expanded from macro '_LIBCPP_DEPRECATED_IN_CXX17'
  731 | #    define _LIBCPP_DEPRECATED_IN_CXX17 _LIBCPP_DEPRECATED
      |                                         ^
/Library/Developer/CommandLineTools/SDKs/MacOSX.sdk/usr/include/c++/v1/__config:696:49: note: expanded from macro '_LIBCPP_DEPRECATED'
  696 | #      define _LIBCPP_DEPRECATED __attribute__((__deprecated__))
      |                                                 ^
In file included from /Users/otsunah/Documents/GitHub/VVDViewer/VVDViewer/fluorender/FluoRender/ColocalizationDlg.cpp:2:
In file included from /Users/otsunah/Documents/GitHub/VVDViewer/VVDViewer/fluorender/FluoRender/VRenderFrame.h:29:
In file included from /Users/otsunah/Documents/GitHub/VVDViewer/VVDViewer/fluorender/FluoRender/DataManager.h:29:
/Users/otsunah/Documents/GitHub/VVDViewer/VVDViewer/fluorender/FluoRender/compatibility.h:411:10: warning: 'vsprintf' is deprecated: This function is provided for compatibility reasons only.  Due to security concerns inherent in the design of sprintf(3), it is highly recommended that you use vsnprintf(3) instead. [-Wdeprecated-declarations]
  411 |         int r = vsprintf(buf, fmt, args);
      |                 ^
/Library/Developer/CommandLineTools/SDKs/MacOSX.sdk/usr/include/_stdio.h:298:1: note: 'vsprintf' has been explicitly marked deprecated here
  298 | __deprecated_msg("This function is provided for compatibility reasons only.  Due to security concerns inherent in the design of sprintf(3), it is highly recommended that you use vsnprintf(3) instead.")
      | ^
/Library/Developer/CommandLineTools/SDKs/MacOSX.sdk/usr/include/sys/cdefs.h:218:48: note: expanded from macro '__deprecated_msg'
  218 |         #define __deprecated_msg(_msg) __attribute__((__deprecated__(_msg)))
      |                                                       ^
In file included from /Users/otsunah/Documents/GitHub/VVDViewer/VVDViewer/fluorender/FluoRender/ColocalizationDlg.cpp:2:
In file included from /Users/otsunah/Documents/GitHub/VVDViewer/VVDViewer/fluorender/FluoRender/VRenderFrame.h:29:
In file included from /Users/otsunah/Documents/GitHub/VVDViewer/VVDViewer/fluorender/FluoRender/DataManager.h:38:
In file included from /Users/otsunah/Documents/GitHub/VVDViewer/VVDViewer/fluorender/FluoRender/FLIVR/MeshRenderer.h:33:
In file included from /Users/otsunah/Documents/GitHub/VVDViewer/VVDViewer/fluorender/FluoRender/FLIVR/MshShader.h:37:
In file included from /Users/otsunah/Documents/GitHub/VVDViewer/VVDViewer/fluorender/FluoRender/Vulkan/VulkanDevice.hpp:23:
/Users/otsunah/Documents/GitHub/VVDViewer/VVDViewer/fluorender/FluoRender/FLIVR/TextureBrick.h:129:7: warning: cannot delete expression with pointer-to-'void' type 'void *' [-Wdelete-incomplete]
  129 |                                                 delete[] m_nrrd->data;
      |                                                 ^        ~~~~~~~~~~~~
In file included from /Users/otsunah/Documents/GitHub/VVDViewer/VVDViewer/fluorender/FluoRender/ColocalizationDlg.cpp:2:
In file included from /Users/otsunah/Documents/GitHub/VVDViewer/VVDViewer/fluorender/FluoRender/VRenderFrame.h:29:
In file included from /Users/otsunah/Documents/GitHub/VVDViewer/VVDViewer/fluorender/FluoRender/DataManager.h:38:
In file included from /Users/otsunah/Documents/GitHub/VVDViewer/VVDViewer/fluorender/FluoRender/FLIVR/MeshRenderer.h:38:
/Users/otsunah/Documents/GitHub/VVDViewer/VVDViewer/fluorender/FluoRender/VVulkan.h:2:9: warning: 'GLM_FORCE_DEPTH_ZERO_TO_ONE' macro redefined [-Wmacro-redefined]
    2 | #define GLM_FORCE_DEPTH_ZERO_TO_ONE
      |         ^
<command line>:9:9: note: previous definition is here
    9 | #define GLM_FORCE_DEPTH_ZERO_TO_ONE 1
      |         ^
In file included from /Users/otsunah/Documents/GitHub/VVDViewer/VVDViewer/fluorender/FluoRender/ColocalizationDlg.cpp:2:
In file included from /Users/otsunah/Documents/GitHub/VVDViewer/VVDViewer/fluorender/FluoRender/VRenderFrame.h:29:
In file included from /Users/otsunah/Documents/GitHub/VVDViewer/VVDViewer/fluorender/FluoRender/DataManager.h:59:
/Users/otsunah/Documents/GitHub/VVDViewer/VVDViewer/fluorender/FluoRender/Formats/brkxml_reader.h:100:21: warning: cannot delete expression with pointer-to-'void' type 'void *' [-Wdelete-incomplete]
  100 |                     delete[] m_data;
      |                     ^        ~~~~~~
In file included from /Users/otsunah/Documents/GitHub/VVDViewer/VVDViewer/fluorender/FluoRender/ColocalizationDlg.cpp:2:
In file included from /Users/otsunah/Documents/GitHub/VVDViewer/VVDViewer/fluorender/FluoRender/VRenderFrame.h:49:
/Users/otsunah/Documents/GitHub/VVDViewer/VVDViewer/fluorender/FluoRender/MeasureDlg.h:125:9: warning: 'GetSizeAvailableForScrollTarget' overrides a member function but is not marked 'override' [-Winconsistent-missing-override]
  125 |         wxSize GetSizeAvailableForScrollTarget(const wxSize& size) {
      |                ^
/Users/otsunah/Documents/GitHub/VVDViewer/VVDViewer/build/vcpkg_installed/arm64-osx-vvd/include/wx-3.3/wx/generic/listctrl.h:228:20: note: overridden virtual function is here
  228 |     virtual wxSize GetSizeAvailableForScrollTarget(const wxSize& size) override;
      |                    ^
9 warnings generated.
[16/74] Building CXX object CMakeFiles/VVDMainFrame.dir/fluorender/FluoRender/APropView.cpp.o
In file included from /Users/otsunah/Documents/GitHub/VVDViewer/VVDViewer/fluorender/FluoRender/APropView.cpp:1:
In file included from /Users/otsunah/Documents/GitHub/VVDViewer/VVDViewer/fluorender/FluoRender/APropView.h:5:
In file included from /Users/otsunah/Documents/GitHub/VVDViewer/VVDViewer/fluorender/FluoRender/DataManager.h:29:
/Users/otsunah/Documents/GitHub/VVDViewer/VVDViewer/fluorender/FluoRender/compatibility.h:364:28: warning: 'codecvt_utf8_utf16<wchar_t>' is deprecated [-Wdeprecated-declarations]
  364 |         std::wstring_convert<std::codecvt_utf8_utf16<wchar_t>, wchar_t> converter;
      |                                   ^
/Library/Developer/CommandLineTools/SDKs/MacOSX.sdk/usr/include/c++/v1/codecvt:568:28: note: 'codecvt_utf8_utf16<wchar_t>' has been explicitly marked deprecated here
  568 | class _LIBCPP_TEMPLATE_VIS _LIBCPP_DEPRECATED_IN_CXX17 codecvt_utf8_utf16 : public __codecvt_utf8_utf16<_Elem> {
      |                            ^
/Library/Developer/CommandLineTools/SDKs/MacOSX.sdk/usr/include/c++/v1/__config:731:41: note: expanded from macro '_LIBCPP_DEPRECATED_IN_CXX17'
  731 | #    define _LIBCPP_DEPRECATED_IN_CXX17 _LIBCPP_DEPRECATED
      |                                         ^
/Library/Developer/CommandLineTools/SDKs/MacOSX.sdk/usr/include/c++/v1/__config:696:49: note: expanded from macro '_LIBCPP_DEPRECATED'
  696 | #      define _LIBCPP_DEPRECATED __attribute__((__deprecated__))
      |                                                 ^
In file included from /Users/otsunah/Documents/GitHub/VVDViewer/VVDViewer/fluorender/FluoRender/APropView.cpp:1:
In file included from /Users/otsunah/Documents/GitHub/VVDViewer/VVDViewer/fluorender/FluoRender/APropView.h:5:
In file included from /Users/otsunah/Documents/GitHub/VVDViewer/VVDViewer/fluorender/FluoRender/DataManager.h:29:
/Users/otsunah/Documents/GitHub/VVDViewer/VVDViewer/fluorender/FluoRender/compatibility.h:364:7: warning: 'wstring_convert<std::codecvt_utf8_utf16<wchar_t>>' is deprecated [-Wdeprecated-declarations]
  364 |         std::wstring_convert<std::codecvt_utf8_utf16<wchar_t>, wchar_t> converter;
      |              ^
/Library/Developer/CommandLineTools/SDKs/MacOSX.sdk/usr/include/c++/v1/locale:3145:28: note: 'wstring_convert<std::codecvt_utf8_utf16<wchar_t>>' has been explicitly marked deprecated here
 3145 | class _LIBCPP_TEMPLATE_VIS _LIBCPP_DEPRECATED_IN_CXX17 wstring_convert {
      |                            ^
/Library/Developer/CommandLineTools/SDKs/MacOSX.sdk/usr/include/c++/v1/__config:731:41: note: expanded from macro '_LIBCPP_DEPRECATED_IN_CXX17'
  731 | #    define _LIBCPP_DEPRECATED_IN_CXX17 _LIBCPP_DEPRECATED
      |                                         ^
/Library/Developer/CommandLineTools/SDKs/MacOSX.sdk/usr/include/c++/v1/__config:696:49: note: expanded from macro '_LIBCPP_DEPRECATED'
  696 | #      define _LIBCPP_DEPRECATED __attribute__((__deprecated__))
      |                                                 ^
In file included from /Users/otsunah/Documents/GitHub/VVDViewer/VVDViewer/fluorender/FluoRender/APropView.cpp:1:
In file included from /Users/otsunah/Documents/GitHub/VVDViewer/VVDViewer/fluorender/FluoRender/APropView.h:5:
In file included from /Users/otsunah/Documents/GitHub/VVDViewer/VVDViewer/fluorender/FluoRender/DataManager.h:29:
/Users/otsunah/Documents/GitHub/VVDViewer/VVDViewer/fluorender/FluoRender/compatibility.h:370:28: warning: 'codecvt_utf8_utf16<wchar_t>' is deprecated [-Wdeprecated-declarations]
  370 |         std::wstring_convert<std::codecvt_utf8_utf16<wchar_t>, wchar_t> converter;
      |                                   ^
/Library/Developer/CommandLineTools/SDKs/MacOSX.sdk/usr/include/c++/v1/codecvt:568:28: note: 'codecvt_utf8_utf16<wchar_t>' has been explicitly marked deprecated here
  568 | class _LIBCPP_TEMPLATE_VIS _LIBCPP_DEPRECATED_IN_CXX17 codecvt_utf8_utf16 : public __codecvt_utf8_utf16<_Elem> {
      |                            ^
/Library/Developer/CommandLineTools/SDKs/MacOSX.sdk/usr/include/c++/v1/__config:731:41: note: expanded from macro '_LIBCPP_DEPRECATED_IN_CXX17'
  731 | #    define _LIBCPP_DEPRECATED_IN_CXX17 _LIBCPP_DEPRECATED
      |                                         ^
/Library/Developer/CommandLineTools/SDKs/MacOSX.sdk/usr/include/c++/v1/__config:696:49: note: expanded from macro '_LIBCPP_DEPRECATED'
  696 | #      define _LIBCPP_DEPRECATED __attribute__((__deprecated__))
      |                                                 ^
In file included from /Users/otsunah/Documents/GitHub/VVDViewer/VVDViewer/fluorender/FluoRender/APropView.cpp:1:
In file included from /Users/otsunah/Documents/GitHub/VVDViewer/VVDViewer/fluorender/FluoRender/APropView.h:5:
In file included from /Users/otsunah/Documents/GitHub/VVDViewer/VVDViewer/fluorender/FluoRender/DataManager.h:29:
/Users/otsunah/Documents/GitHub/VVDViewer/VVDViewer/fluorender/FluoRender/compatibility.h:370:7: warning: 'wstring_convert<std::codecvt_utf8_utf16<wchar_t>>' is deprecated [-Wdeprecated-declarations]
  370 |         std::wstring_convert<std::codecvt_utf8_utf16<wchar_t>, wchar_t> converter;
      |              ^
/Library/Developer/CommandLineTools/SDKs/MacOSX.sdk/usr/include/c++/v1/locale:3145:28: note: 'wstring_convert<std::codecvt_utf8_utf16<wchar_t>>' has been explicitly marked deprecated here
 3145 | class _LIBCPP_TEMPLATE_VIS _LIBCPP_DEPRECATED_IN_CXX17 wstring_convert {
      |                            ^
/Library/Developer/CommandLineTools/SDKs/MacOSX.sdk/usr/include/c++/v1/__config:731:41: note: expanded from macro '_LIBCPP_DEPRECATED_IN_CXX17'
  731 | #    define _LIBCPP_DEPRECATED_IN_CXX17 _LIBCPP_DEPRECATED
      |                                         ^
/Library/Developer/CommandLineTools/SDKs/MacOSX.sdk/usr/include/c++/v1/__config:696:49: note: expanded from macro '_LIBCPP_DEPRECATED'
  696 | #      define _LIBCPP_DEPRECATED __attribute__((__deprecated__))
      |                                                 ^
In file included from /Users/otsunah/Documents/GitHub/VVDViewer/VVDViewer/fluorender/FluoRender/APropView.cpp:1:
In file included from /Users/otsunah/Documents/GitHub/VVDViewer/VVDViewer/fluorender/FluoRender/APropView.h:5:
In file included from /Users/otsunah/Documents/GitHub/VVDViewer/VVDViewer/fluorender/FluoRender/DataManager.h:29:
/Users/otsunah/Documents/GitHub/VVDViewer/VVDViewer/fluorender/FluoRender/compatibility.h:411:10: warning: 'vsprintf' is deprecated: This function is provided for compatibility reasons only.  Due to security concerns inherent in the design of sprintf(3), it is highly recommended that you use vsnprintf(3) instead. [-Wdeprecated-declarations]
  411 |         int r = vsprintf(buf, fmt, args);
      |                 ^
/Library/Developer/CommandLineTools/SDKs/MacOSX.sdk/usr/include/_stdio.h:298:1: note: 'vsprintf' has been explicitly marked deprecated here
  298 | __deprecated_msg("This function is provided for compatibility reasons only.  Due to security concerns inherent in the design of sprintf(3), it is highly recommended that you use vsnprintf(3) instead.")
      | ^
/Library/Developer/CommandLineTools/SDKs/MacOSX.sdk/usr/include/sys/cdefs.h:218:48: note: expanded from macro '__deprecated_msg'
  218 |         #define __deprecated_msg(_msg) __attribute__((__deprecated__(_msg)))
      |                                                       ^
In file included from /Users/otsunah/Documents/GitHub/VVDViewer/VVDViewer/fluorender/FluoRender/APropView.cpp:1:
In file included from /Users/otsunah/Documents/GitHub/VVDViewer/VVDViewer/fluorender/FluoRender/APropView.h:5:
In file included from /Users/otsunah/Documents/GitHub/VVDViewer/VVDViewer/fluorender/FluoRender/DataManager.h:38:
In file included from /Users/otsunah/Documents/GitHub/VVDViewer/VVDViewer/fluorender/FluoRender/FLIVR/MeshRenderer.h:33:
In file included from /Users/otsunah/Documents/GitHub/VVDViewer/VVDViewer/fluorender/FluoRender/FLIVR/MshShader.h:37:
In file included from /Users/otsunah/Documents/GitHub/VVDViewer/VVDViewer/fluorender/FluoRender/Vulkan/VulkanDevice.hpp:23:
/Users/otsunah/Documents/GitHub/VVDViewer/VVDViewer/fluorender/FluoRender/FLIVR/TextureBrick.h:129:7: warning: cannot delete expression with pointer-to-'void' type 'void *' [-Wdelete-incomplete]
  129 |                                                 delete[] m_nrrd->data;
      |                                                 ^        ~~~~~~~~~~~~
In file included from /Users/otsunah/Documents/GitHub/VVDViewer/VVDViewer/fluorender/FluoRender/APropView.cpp:1:
In file included from /Users/otsunah/Documents/GitHub/VVDViewer/VVDViewer/fluorender/FluoRender/APropView.h:5:
In file included from /Users/otsunah/Documents/GitHub/VVDViewer/VVDViewer/fluorender/FluoRender/DataManager.h:38:
In file included from /Users/otsunah/Documents/GitHub/VVDViewer/VVDViewer/fluorender/FluoRender/FLIVR/MeshRenderer.h:38:
/Users/otsunah/Documents/GitHub/VVDViewer/VVDViewer/fluorender/FluoRender/VVulkan.h:2:9: warning: 'GLM_FORCE_DEPTH_ZERO_TO_ONE' macro redefined [-Wmacro-redefined]
    2 | #define GLM_FORCE_DEPTH_ZERO_TO_ONE
      |         ^
<command line>:9:9: note: previous definition is here
    9 | #define GLM_FORCE_DEPTH_ZERO_TO_ONE 1
      |         ^
In file included from /Users/otsunah/Documents/GitHub/VVDViewer/VVDViewer/fluorender/FluoRender/APropView.cpp:1:
In file included from /Users/otsunah/Documents/GitHub/VVDViewer/VVDViewer/fluorender/FluoRender/APropView.h:5:
In file included from /Users/otsunah/Documents/GitHub/VVDViewer/VVDViewer/fluorender/FluoRender/DataManager.h:59:
/Users/otsunah/Documents/GitHub/VVDViewer/VVDViewer/fluorender/FluoRender/Formats/brkxml_reader.h:100:21: warning: cannot delete expression with pointer-to-'void' type 'void *' [-Wdelete-incomplete]
  100 |                     delete[] m_data;
      |                     ^        ~~~~~~
In file included from /Users/otsunah/Documents/GitHub/VVDViewer/VVDViewer/fluorender/FluoRender/APropView.cpp:2:
In file included from /Users/otsunah/Documents/GitHub/VVDViewer/VVDViewer/fluorender/FluoRender/VRenderFrame.h:49:
/Users/otsunah/Documents/GitHub/VVDViewer/VVDViewer/fluorender/FluoRender/MeasureDlg.h:125:9: warning: 'GetSizeAvailableForScrollTarget' overrides a member function but is not marked 'override' [-Winconsistent-missing-override]
  125 |         wxSize GetSizeAvailableForScrollTarget(const wxSize& size) {
      |                ^
/Users/otsunah/Documents/GitHub/VVDViewer/VVDViewer/build/vcpkg_installed/arm64-osx-vvd/include/wx-3.3/wx/generic/listctrl.h:228:20: note: overridden virtual function is here
  228 |     virtual wxSize GetSizeAvailableForScrollTarget(const wxSize& size) override;
      |                    ^
9 warnings generated.
[17/74] Building CXX object CMakeFiles/VVDMainFrame.dir/fluorender/FluoRender/ListPanel.cpp.o
In file included from /Users/otsunah/Documents/GitHub/VVDViewer/VVDViewer/fluorender/FluoRender/ListPanel.cpp:29:
In file included from /Users/otsunah/Documents/GitHub/VVDViewer/VVDViewer/fluorender/FluoRender/DataManager.h:29:
/Users/otsunah/Documents/GitHub/VVDViewer/VVDViewer/fluorender/FluoRender/compatibility.h:364:28: warning: 'codecvt_utf8_utf16<wchar_t>' is deprecated [-Wdeprecated-declarations]
  364 |         std::wstring_convert<std::codecvt_utf8_utf16<wchar_t>, wchar_t> converter;
      |                                   ^
/Library/Developer/CommandLineTools/SDKs/MacOSX.sdk/usr/include/c++/v1/codecvt:568:28: note: 'codecvt_utf8_utf16<wchar_t>' has been explicitly marked deprecated here
  568 | class _LIBCPP_TEMPLATE_VIS _LIBCPP_DEPRECATED_IN_CXX17 codecvt_utf8_utf16 : public __codecvt_utf8_utf16<_Elem> {
      |                            ^
/Library/Developer/CommandLineTools/SDKs/MacOSX.sdk/usr/include/c++/v1/__config:731:41: note: expanded from macro '_LIBCPP_DEPRECATED_IN_CXX17'
  731 | #    define _LIBCPP_DEPRECATED_IN_CXX17 _LIBCPP_DEPRECATED
      |                                         ^
/Library/Developer/CommandLineTools/SDKs/MacOSX.sdk/usr/include/c++/v1/__config:696:49: note: expanded from macro '_LIBCPP_DEPRECATED'
  696 | #      define _LIBCPP_DEPRECATED __attribute__((__deprecated__))
      |                                                 ^
In file included from /Users/otsunah/Documents/GitHub/VVDViewer/VVDViewer/fluorender/FluoRender/ListPanel.cpp:29:
In file included from /Users/otsunah/Documents/GitHub/VVDViewer/VVDViewer/fluorender/FluoRender/DataManager.h:29:
/Users/otsunah/Documents/GitHub/VVDViewer/VVDViewer/fluorender/FluoRender/compatibility.h:364:7: warning: 'wstring_convert<std::codecvt_utf8_utf16<wchar_t>>' is deprecated [-Wdeprecated-declarations]
  364 |         std::wstring_convert<std::codecvt_utf8_utf16<wchar_t>, wchar_t> converter;
      |              ^
/Library/Developer/CommandLineTools/SDKs/MacOSX.sdk/usr/include/c++/v1/locale:3145:28: note: 'wstring_convert<std::codecvt_utf8_utf16<wchar_t>>' has been explicitly marked deprecated here
 3145 | class _LIBCPP_TEMPLATE_VIS _LIBCPP_DEPRECATED_IN_CXX17 wstring_convert {
      |                            ^
/Library/Developer/CommandLineTools/SDKs/MacOSX.sdk/usr/include/c++/v1/__config:731:41: note: expanded from macro '_LIBCPP_DEPRECATED_IN_CXX17'
  731 | #    define _LIBCPP_DEPRECATED_IN_CXX17 _LIBCPP_DEPRECATED
      |                                         ^
/Library/Developer/CommandLineTools/SDKs/MacOSX.sdk/usr/include/c++/v1/__config:696:49: note: expanded from macro '_LIBCPP_DEPRECATED'
  696 | #      define _LIBCPP_DEPRECATED __attribute__((__deprecated__))
      |                                                 ^
In file included from /Users/otsunah/Documents/GitHub/VVDViewer/VVDViewer/fluorender/FluoRender/ListPanel.cpp:29:
In file included from /Users/otsunah/Documents/GitHub/VVDViewer/VVDViewer/fluorender/FluoRender/DataManager.h:29:
/Users/otsunah/Documents/GitHub/VVDViewer/VVDViewer/fluorender/FluoRender/compatibility.h:370:28: warning: 'codecvt_utf8_utf16<wchar_t>' is deprecated [-Wdeprecated-declarations]
  370 |         std::wstring_convert<std::codecvt_utf8_utf16<wchar_t>, wchar_t> converter;
      |                                   ^
/Library/Developer/CommandLineTools/SDKs/MacOSX.sdk/usr/include/c++/v1/codecvt:568:28: note: 'codecvt_utf8_utf16<wchar_t>' has been explicitly marked deprecated here
  568 | class _LIBCPP_TEMPLATE_VIS _LIBCPP_DEPRECATED_IN_CXX17 codecvt_utf8_utf16 : public __codecvt_utf8_utf16<_Elem> {
      |                            ^
/Library/Developer/CommandLineTools/SDKs/MacOSX.sdk/usr/include/c++/v1/__config:731:41: note: expanded from macro '_LIBCPP_DEPRECATED_IN_CXX17'
  731 | #    define _LIBCPP_DEPRECATED_IN_CXX17 _LIBCPP_DEPRECATED
      |                                         ^
/Library/Developer/CommandLineTools/SDKs/MacOSX.sdk/usr/include/c++/v1/__config:696:49: note: expanded from macro '_LIBCPP_DEPRECATED'
  696 | #      define _LIBCPP_DEPRECATED __attribute__((__deprecated__))
      |                                                 ^
In file included from /Users/otsunah/Documents/GitHub/VVDViewer/VVDViewer/fluorender/FluoRender/ListPanel.cpp:29:
In file included from /Users/otsunah/Documents/GitHub/VVDViewer/VVDViewer/fluorender/FluoRender/DataManager.h:29:
/Users/otsunah/Documents/GitHub/VVDViewer/VVDViewer/fluorender/FluoRender/compatibility.h:370:7: warning: 'wstring_convert<std::codecvt_utf8_utf16<wchar_t>>' is deprecated [-Wdeprecated-declarations]
  370 |         std::wstring_convert<std::codecvt_utf8_utf16<wchar_t>, wchar_t> converter;
      |              ^
/Library/Developer/CommandLineTools/SDKs/MacOSX.sdk/usr/include/c++/v1/locale:3145:28: note: 'wstring_convert<std::codecvt_utf8_utf16<wchar_t>>' has been explicitly marked deprecated here
 3145 | class _LIBCPP_TEMPLATE_VIS _LIBCPP_DEPRECATED_IN_CXX17 wstring_convert {
      |                            ^
/Library/Developer/CommandLineTools/SDKs/MacOSX.sdk/usr/include/c++/v1/__config:731:41: note: expanded from macro '_LIBCPP_DEPRECATED_IN_CXX17'
  731 | #    define _LIBCPP_DEPRECATED_IN_CXX17 _LIBCPP_DEPRECATED
      |                                         ^
/Library/Developer/CommandLineTools/SDKs/MacOSX.sdk/usr/include/c++/v1/__config:696:49: note: expanded from macro '_LIBCPP_DEPRECATED'
  696 | #      define _LIBCPP_DEPRECATED __attribute__((__deprecated__))
      |                                                 ^
In file included from /Users/otsunah/Documents/GitHub/VVDViewer/VVDViewer/fluorender/FluoRender/ListPanel.cpp:29:
In file included from /Users/otsunah/Documents/GitHub/VVDViewer/VVDViewer/fluorender/FluoRender/DataManager.h:29:
/Users/otsunah/Documents/GitHub/VVDViewer/VVDViewer/fluorender/FluoRender/compatibility.h:411:10: warning: 'vsprintf' is deprecated: This function is provided for compatibility reasons only.  Due to security concerns inherent in the design of sprintf(3), it is highly recommended that you use vsnprintf(3) instead. [-Wdeprecated-declarations]
  411 |         int r = vsprintf(buf, fmt, args);
      |                 ^
/Library/Developer/CommandLineTools/SDKs/MacOSX.sdk/usr/include/_stdio.h:298:1: note: 'vsprintf' has been explicitly marked deprecated here
  298 | __deprecated_msg("This function is provided for compatibility reasons only.  Due to security concerns inherent in the design of sprintf(3), it is highly recommended that you use vsnprintf(3) instead.")
      | ^
/Library/Developer/CommandLineTools/SDKs/MacOSX.sdk/usr/include/sys/cdefs.h:218:48: note: expanded from macro '__deprecated_msg'
  218 |         #define __deprecated_msg(_msg) __attribute__((__deprecated__(_msg)))
      |                                                       ^
In file included from /Users/otsunah/Documents/GitHub/VVDViewer/VVDViewer/fluorender/FluoRender/ListPanel.cpp:29:
In file included from /Users/otsunah/Documents/GitHub/VVDViewer/VVDViewer/fluorender/FluoRender/DataManager.h:38:
In file included from /Users/otsunah/Documents/GitHub/VVDViewer/VVDViewer/fluorender/FluoRender/FLIVR/MeshRenderer.h:33:
In file included from /Users/otsunah/Documents/GitHub/VVDViewer/VVDViewer/fluorender/FluoRender/FLIVR/MshShader.h:37:
In file included from /Users/otsunah/Documents/GitHub/VVDViewer/VVDViewer/fluorender/FluoRender/Vulkan/VulkanDevice.hpp:23:
/Users/otsunah/Documents/GitHub/VVDViewer/VVDViewer/fluorender/FluoRender/FLIVR/TextureBrick.h:129:7: warning: cannot delete expression with pointer-to-'void' type 'void *' [-Wdelete-incomplete]
  129 |                                                 delete[] m_nrrd->data;
      |                                                 ^        ~~~~~~~~~~~~
In file included from /Users/otsunah/Documents/GitHub/VVDViewer/VVDViewer/fluorender/FluoRender/ListPanel.cpp:29:
In file included from /Users/otsunah/Documents/GitHub/VVDViewer/VVDViewer/fluorender/FluoRender/DataManager.h:38:
In file included from /Users/otsunah/Documents/GitHub/VVDViewer/VVDViewer/fluorender/FluoRender/FLIVR/MeshRenderer.h:38:
/Users/otsunah/Documents/GitHub/VVDViewer/VVDViewer/fluorender/FluoRender/VVulkan.h:2:9: warning: 'GLM_FORCE_DEPTH_ZERO_TO_ONE' macro redefined [-Wmacro-redefined]
    2 | #define GLM_FORCE_DEPTH_ZERO_TO_ONE
      |         ^
<command line>:9:9: note: previous definition is here
    9 | #define GLM_FORCE_DEPTH_ZERO_TO_ONE 1
      |         ^
In file included from /Users/otsunah/Documents/GitHub/VVDViewer/VVDViewer/fluorender/FluoRender/ListPanel.cpp:29:
In file included from /Users/otsunah/Documents/GitHub/VVDViewer/VVDViewer/fluorender/FluoRender/DataManager.h:59:
/Users/otsunah/Documents/GitHub/VVDViewer/VVDViewer/fluorender/FluoRender/Formats/brkxml_reader.h:100:21: warning: cannot delete expression with pointer-to-'void' type 'void *' [-Wdelete-incomplete]
  100 |                     delete[] m_data;
      |                     ^        ~~~~~~
In file included from /Users/otsunah/Documents/GitHub/VVDViewer/VVDViewer/fluorender/FluoRender/ListPanel.cpp:30:
In file included from /Users/otsunah/Documents/GitHub/VVDViewer/VVDViewer/fluorender/FluoRender/VRenderFrame.h:49:
/Users/otsunah/Documents/GitHub/VVDViewer/VVDViewer/fluorender/FluoRender/MeasureDlg.h:125:9: warning: 'GetSizeAvailableForScrollTarget' overrides a member function but is not marked 'override' [-Winconsistent-missing-override]
  125 |         wxSize GetSizeAvailableForScrollTarget(const wxSize& size) {
      |                ^
/Users/otsunah/Documents/GitHub/VVDViewer/VVDViewer/build/vcpkg_installed/arm64-osx-vvd/include/wx-3.3/wx/generic/listctrl.h:228:20: note: overridden virtual function is here
  228 |     virtual wxSize GetSizeAvailableForScrollTarget(const wxSize& size) override;
      |                    ^
9 warnings generated.
[18/74] Building CXX object CMakeFiles/VVDMainFrame.dir/fluorender/FluoRender/MManipulator.cpp.o
In file included from /Users/otsunah/Documents/GitHub/VVDViewer/VVDViewer/fluorender/FluoRender/MManipulator.cpp:28:
In file included from /Users/otsunah/Documents/GitHub/VVDViewer/VVDViewer/fluorender/FluoRender/MManipulator.h:28:
In file included from /Users/otsunah/Documents/GitHub/VVDViewer/VVDViewer/fluorender/FluoRender/DataManager.h:29:
/Users/otsunah/Documents/GitHub/VVDViewer/VVDViewer/fluorender/FluoRender/compatibility.h:364:28: warning: 'codecvt_utf8_utf16<wchar_t>' is deprecated [-Wdeprecated-declarations]
  364 |         std::wstring_convert<std::codecvt_utf8_utf16<wchar_t>, wchar_t> converter;
      |                                   ^
/Library/Developer/CommandLineTools/SDKs/MacOSX.sdk/usr/include/c++/v1/codecvt:568:28: note: 'codecvt_utf8_utf16<wchar_t>' has been explicitly marked deprecated here
  568 | class _LIBCPP_TEMPLATE_VIS _LIBCPP_DEPRECATED_IN_CXX17 codecvt_utf8_utf16 : public __codecvt_utf8_utf16<_Elem> {
      |                            ^
/Library/Developer/CommandLineTools/SDKs/MacOSX.sdk/usr/include/c++/v1/__config:731:41: note: expanded from macro '_LIBCPP_DEPRECATED_IN_CXX17'
  731 | #    define _LIBCPP_DEPRECATED_IN_CXX17 _LIBCPP_DEPRECATED
      |                                         ^
/Library/Developer/CommandLineTools/SDKs/MacOSX.sdk/usr/include/c++/v1/__config:696:49: note: expanded from macro '_LIBCPP_DEPRECATED'
  696 | #      define _LIBCPP_DEPRECATED __attribute__((__deprecated__))
      |                                                 ^
In file included from /Users/otsunah/Documents/GitHub/VVDViewer/VVDViewer/fluorender/FluoRender/MManipulator.cpp:28:
In file included from /Users/otsunah/Documents/GitHub/VVDViewer/VVDViewer/fluorender/FluoRender/MManipulator.h:28:
In file included from /Users/otsunah/Documents/GitHub/VVDViewer/VVDViewer/fluorender/FluoRender/DataManager.h:29:
/Users/otsunah/Documents/GitHub/VVDViewer/VVDViewer/fluorender/FluoRender/compatibility.h:364:7: warning: 'wstring_convert<std::codecvt_utf8_utf16<wchar_t>>' is deprecated [-Wdeprecated-declarations]
  364 |         std::wstring_convert<std::codecvt_utf8_utf16<wchar_t>, wchar_t> converter;
      |              ^
/Library/Developer/CommandLineTools/SDKs/MacOSX.sdk/usr/include/c++/v1/locale:3145:28: note: 'wstring_convert<std::codecvt_utf8_utf16<wchar_t>>' has been explicitly marked deprecated here
 3145 | class _LIBCPP_TEMPLATE_VIS _LIBCPP_DEPRECATED_IN_CXX17 wstring_convert {
      |                            ^
/Library/Developer/CommandLineTools/SDKs/MacOSX.sdk/usr/include/c++/v1/__config:731:41: note: expanded from macro '_LIBCPP_DEPRECATED_IN_CXX17'
  731 | #    define _LIBCPP_DEPRECATED_IN_CXX17 _LIBCPP_DEPRECATED
      |                                         ^
/Library/Developer/CommandLineTools/SDKs/MacOSX.sdk/usr/include/c++/v1/__config:696:49: note: expanded from macro '_LIBCPP_DEPRECATED'
  696 | #      define _LIBCPP_DEPRECATED __attribute__((__deprecated__))
      |                                                 ^
In file included from /Users/otsunah/Documents/GitHub/VVDViewer/VVDViewer/fluorender/FluoRender/MManipulator.cpp:28:
In file included from /Users/otsunah/Documents/GitHub/VVDViewer/VVDViewer/fluorender/FluoRender/MManipulator.h:28:
In file included from /Users/otsunah/Documents/GitHub/VVDViewer/VVDViewer/fluorender/FluoRender/DataManager.h:29:
/Users/otsunah/Documents/GitHub/VVDViewer/VVDViewer/fluorender/FluoRender/compatibility.h:370:28: warning: 'codecvt_utf8_utf16<wchar_t>' is deprecated [-Wdeprecated-declarations]
  370 |         std::wstring_convert<std::codecvt_utf8_utf16<wchar_t>, wchar_t> converter;
      |                                   ^
/Library/Developer/CommandLineTools/SDKs/MacOSX.sdk/usr/include/c++/v1/codecvt:568:28: note: 'codecvt_utf8_utf16<wchar_t>' has been explicitly marked deprecated here
  568 | class _LIBCPP_TEMPLATE_VIS _LIBCPP_DEPRECATED_IN_CXX17 codecvt_utf8_utf16 : public __codecvt_utf8_utf16<_Elem> {
      |                            ^
/Library/Developer/CommandLineTools/SDKs/MacOSX.sdk/usr/include/c++/v1/__config:731:41: note: expanded from macro '_LIBCPP_DEPRECATED_IN_CXX17'
  731 | #    define _LIBCPP_DEPRECATED_IN_CXX17 _LIBCPP_DEPRECATED
      |                                         ^
/Library/Developer/CommandLineTools/SDKs/MacOSX.sdk/usr/include/c++/v1/__config:696:49: note: expanded from macro '_LIBCPP_DEPRECATED'
  696 | #      define _LIBCPP_DEPRECATED __attribute__((__deprecated__))
      |                                                 ^
In file included from /Users/otsunah/Documents/GitHub/VVDViewer/VVDViewer/fluorender/FluoRender/MManipulator.cpp:28:
In file included from /Users/otsunah/Documents/GitHub/VVDViewer/VVDViewer/fluorender/FluoRender/MManipulator.h:28:
In file included from /Users/otsunah/Documents/GitHub/VVDViewer/VVDViewer/fluorender/FluoRender/DataManager.h:29:
/Users/otsunah/Documents/GitHub/VVDViewer/VVDViewer/fluorender/FluoRender/compatibility.h:370:7: warning: 'wstring_convert<std::codecvt_utf8_utf16<wchar_t>>' is deprecated [-Wdeprecated-declarations]
  370 |         std::wstring_convert<std::codecvt_utf8_utf16<wchar_t>, wchar_t> converter;
      |              ^
/Library/Developer/CommandLineTools/SDKs/MacOSX.sdk/usr/include/c++/v1/locale:3145:28: note: 'wstring_convert<std::codecvt_utf8_utf16<wchar_t>>' has been explicitly marked deprecated here
 3145 | class _LIBCPP_TEMPLATE_VIS _LIBCPP_DEPRECATED_IN_CXX17 wstring_convert {
      |                            ^
/Library/Developer/CommandLineTools/SDKs/MacOSX.sdk/usr/include/c++/v1/__config:731:41: note: expanded from macro '_LIBCPP_DEPRECATED_IN_CXX17'
  731 | #    define _LIBCPP_DEPRECATED_IN_CXX17 _LIBCPP_DEPRECATED
      |                                         ^
/Library/Developer/CommandLineTools/SDKs/MacOSX.sdk/usr/include/c++/v1/__config:696:49: note: expanded from macro '_LIBCPP_DEPRECATED'
  696 | #      define _LIBCPP_DEPRECATED __attribute__((__deprecated__))
      |                                                 ^
In file included from /Users/otsunah/Documents/GitHub/VVDViewer/VVDViewer/fluorender/FluoRender/MManipulator.cpp:28:
In file included from /Users/otsunah/Documents/GitHub/VVDViewer/VVDViewer/fluorender/FluoRender/MManipulator.h:28:
In file included from /Users/otsunah/Documents/GitHub/VVDViewer/VVDViewer/fluorender/FluoRender/DataManager.h:29:
/Users/otsunah/Documents/GitHub/VVDViewer/VVDViewer/fluorender/FluoRender/compatibility.h:411:10: warning: 'vsprintf' is deprecated: This function is provided for compatibility reasons only.  Due to security concerns inherent in the design of sprintf(3), it is highly recommended that you use vsnprintf(3) instead. [-Wdeprecated-declarations]
  411 |         int r = vsprintf(buf, fmt, args);
      |                 ^
/Library/Developer/CommandLineTools/SDKs/MacOSX.sdk/usr/include/_stdio.h:298:1: note: 'vsprintf' has been explicitly marked deprecated here
  298 | __deprecated_msg("This function is provided for compatibility reasons only.  Due to security concerns inherent in the design of sprintf(3), it is highly recommended that you use vsnprintf(3) instead.")
      | ^
/Library/Developer/CommandLineTools/SDKs/MacOSX.sdk/usr/include/sys/cdefs.h:218:48: note: expanded from macro '__deprecated_msg'
  218 |         #define __deprecated_msg(_msg) __attribute__((__deprecated__(_msg)))
      |                                                       ^
In file included from /Users/otsunah/Documents/GitHub/VVDViewer/VVDViewer/fluorender/FluoRender/MManipulator.cpp:28:
In file included from /Users/otsunah/Documents/GitHub/VVDViewer/VVDViewer/fluorender/FluoRender/MManipulator.h:28:
In file included from /Users/otsunah/Documents/GitHub/VVDViewer/VVDViewer/fluorender/FluoRender/DataManager.h:38:
In file included from /Users/otsunah/Documents/GitHub/VVDViewer/VVDViewer/fluorender/FluoRender/FLIVR/MeshRenderer.h:33:
In file included from /Users/otsunah/Documents/GitHub/VVDViewer/VVDViewer/fluorender/FluoRender/FLIVR/MshShader.h:37:
In file included from /Users/otsunah/Documents/GitHub/VVDViewer/VVDViewer/fluorender/FluoRender/Vulkan/VulkanDevice.hpp:23:
/Users/otsunah/Documents/GitHub/VVDViewer/VVDViewer/fluorender/FluoRender/FLIVR/TextureBrick.h:129:7: warning: cannot delete expression with pointer-to-'void' type 'void *' [-Wdelete-incomplete]
  129 |                                                 delete[] m_nrrd->data;
      |                                                 ^        ~~~~~~~~~~~~
In file included from /Users/otsunah/Documents/GitHub/VVDViewer/VVDViewer/fluorender/FluoRender/MManipulator.cpp:28:
In file included from /Users/otsunah/Documents/GitHub/VVDViewer/VVDViewer/fluorender/FluoRender/MManipulator.h:28:
In file included from /Users/otsunah/Documents/GitHub/VVDViewer/VVDViewer/fluorender/FluoRender/DataManager.h:38:
In file included from /Users/otsunah/Documents/GitHub/VVDViewer/VVDViewer/fluorender/FluoRender/FLIVR/MeshRenderer.h:38:
/Users/otsunah/Documents/GitHub/VVDViewer/VVDViewer/fluorender/FluoRender/VVulkan.h:2:9: warning: 'GLM_FORCE_DEPTH_ZERO_TO_ONE' macro redefined [-Wmacro-redefined]
    2 | #define GLM_FORCE_DEPTH_ZERO_TO_ONE
      |         ^
<command line>:9:9: note: previous definition is here
    9 | #define GLM_FORCE_DEPTH_ZERO_TO_ONE 1
      |         ^
In file included from /Users/otsunah/Documents/GitHub/VVDViewer/VVDViewer/fluorender/FluoRender/MManipulator.cpp:28:
In file included from /Users/otsunah/Documents/GitHub/VVDViewer/VVDViewer/fluorender/FluoRender/MManipulator.h:28:
In file included from /Users/otsunah/Documents/GitHub/VVDViewer/VVDViewer/fluorender/FluoRender/DataManager.h:59:
/Users/otsunah/Documents/GitHub/VVDViewer/VVDViewer/fluorender/FluoRender/Formats/brkxml_reader.h:100:21: warning: cannot delete expression with pointer-to-'void' type 'void *' [-Wdelete-incomplete]
  100 |                     delete[] m_data;
      |                     ^        ~~~~~~
In file included from /Users/otsunah/Documents/GitHub/VVDViewer/VVDViewer/fluorender/FluoRender/MManipulator.cpp:29:
In file included from /Users/otsunah/Documents/GitHub/VVDViewer/VVDViewer/fluorender/FluoRender/VRenderFrame.h:49:
/Users/otsunah/Documents/GitHub/VVDViewer/VVDViewer/fluorender/FluoRender/MeasureDlg.h:125:9: warning: 'GetSizeAvailableForScrollTarget' overrides a member function but is not marked 'override' [-Winconsistent-missing-override]
  125 |         wxSize GetSizeAvailableForScrollTarget(const wxSize& size) {
      |                ^
/Users/otsunah/Documents/GitHub/VVDViewer/VVDViewer/build/vcpkg_installed/arm64-osx-vvd/include/wx-3.3/wx/generic/listctrl.h:228:20: note: overridden virtual function is here
  228 |     virtual wxSize GetSizeAvailableForScrollTarget(const wxSize& size) override;
      |                    ^
9 warnings generated.
[19/74] Building CXX object CMakeFiles/VVDMainFrame.dir/fluorender/FluoRender/MPropView.cpp.o
In file included from /Users/otsunah/Documents/GitHub/VVDViewer/VVDViewer/fluorender/FluoRender/MPropView.cpp:28:
In file included from /Users/otsunah/Documents/GitHub/VVDViewer/VVDViewer/fluorender/FluoRender/MPropView.h:28:
In file included from /Users/otsunah/Documents/GitHub/VVDViewer/VVDViewer/fluorender/FluoRender/DataManager.h:29:
/Users/otsunah/Documents/GitHub/VVDViewer/VVDViewer/fluorender/FluoRender/compatibility.h:364:28: warning: 'codecvt_utf8_utf16<wchar_t>' is deprecated [-Wdeprecated-declarations]
  364 |         std::wstring_convert<std::codecvt_utf8_utf16<wchar_t>, wchar_t> converter;
      |                                   ^
/Library/Developer/CommandLineTools/SDKs/MacOSX.sdk/usr/include/c++/v1/codecvt:568:28: note: 'codecvt_utf8_utf16<wchar_t>' has been explicitly marked deprecated here
  568 | class _LIBCPP_TEMPLATE_VIS _LIBCPP_DEPRECATED_IN_CXX17 codecvt_utf8_utf16 : public __codecvt_utf8_utf16<_Elem> {
      |                            ^
/Library/Developer/CommandLineTools/SDKs/MacOSX.sdk/usr/include/c++/v1/__config:731:41: note: expanded from macro '_LIBCPP_DEPRECATED_IN_CXX17'
  731 | #    define _LIBCPP_DEPRECATED_IN_CXX17 _LIBCPP_DEPRECATED
      |                                         ^
/Library/Developer/CommandLineTools/SDKs/MacOSX.sdk/usr/include/c++/v1/__config:696:49: note: expanded from macro '_LIBCPP_DEPRECATED'
  696 | #      define _LIBCPP_DEPRECATED __attribute__((__deprecated__))
      |                                                 ^
In file included from /Users/otsunah/Documents/GitHub/VVDViewer/VVDViewer/fluorender/FluoRender/MPropView.cpp:28:
In file included from /Users/otsunah/Documents/GitHub/VVDViewer/VVDViewer/fluorender/FluoRender/MPropView.h:28:
In file included from /Users/otsunah/Documents/GitHub/VVDViewer/VVDViewer/fluorender/FluoRender/DataManager.h:29:
/Users/otsunah/Documents/GitHub/VVDViewer/VVDViewer/fluorender/FluoRender/compatibility.h:364:7: warning: 'wstring_convert<std::codecvt_utf8_utf16<wchar_t>>' is deprecated [-Wdeprecated-declarations]
  364 |         std::wstring_convert<std::codecvt_utf8_utf16<wchar_t>, wchar_t> converter;
      |              ^
/Library/Developer/CommandLineTools/SDKs/MacOSX.sdk/usr/include/c++/v1/locale:3145:28: note: 'wstring_convert<std::codecvt_utf8_utf16<wchar_t>>' has been explicitly marked deprecated here
 3145 | class _LIBCPP_TEMPLATE_VIS _LIBCPP_DEPRECATED_IN_CXX17 wstring_convert {
      |                            ^
/Library/Developer/CommandLineTools/SDKs/MacOSX.sdk/usr/include/c++/v1/__config:731:41: note: expanded from macro '_LIBCPP_DEPRECATED_IN_CXX17'
  731 | #    define _LIBCPP_DEPRECATED_IN_CXX17 _LIBCPP_DEPRECATED
      |                                         ^
/Library/Developer/CommandLineTools/SDKs/MacOSX.sdk/usr/include/c++/v1/__config:696:49: note: expanded from macro '_LIBCPP_DEPRECATED'
  696 | #      define _LIBCPP_DEPRECATED __attribute__((__deprecated__))
      |                                                 ^
In file included from /Users/otsunah/Documents/GitHub/VVDViewer/VVDViewer/fluorender/FluoRender/MPropView.cpp:28:
In file included from /Users/otsunah/Documents/GitHub/VVDViewer/VVDViewer/fluorender/FluoRender/MPropView.h:28:
In file included from /Users/otsunah/Documents/GitHub/VVDViewer/VVDViewer/fluorender/FluoRender/DataManager.h:29:
/Users/otsunah/Documents/GitHub/VVDViewer/VVDViewer/fluorender/FluoRender/compatibility.h:370:28: warning: 'codecvt_utf8_utf16<wchar_t>' is deprecated [-Wdeprecated-declarations]
  370 |         std::wstring_convert<std::codecvt_utf8_utf16<wchar_t>, wchar_t> converter;
      |                                   ^
/Library/Developer/CommandLineTools/SDKs/MacOSX.sdk/usr/include/c++/v1/codecvt:568:28: note: 'codecvt_utf8_utf16<wchar_t>' has been explicitly marked deprecated here
  568 | class _LIBCPP_TEMPLATE_VIS _LIBCPP_DEPRECATED_IN_CXX17 codecvt_utf8_utf16 : public __codecvt_utf8_utf16<_Elem> {
      |                            ^
/Library/Developer/CommandLineTools/SDKs/MacOSX.sdk/usr/include/c++/v1/__config:731:41: note: expanded from macro '_LIBCPP_DEPRECATED_IN_CXX17'
  731 | #    define _LIBCPP_DEPRECATED_IN_CXX17 _LIBCPP_DEPRECATED
      |                                         ^
/Library/Developer/CommandLineTools/SDKs/MacOSX.sdk/usr/include/c++/v1/__config:696:49: note: expanded from macro '_LIBCPP_DEPRECATED'
  696 | #      define _LIBCPP_DEPRECATED __attribute__((__deprecated__))
      |                                                 ^
In file included from /Users/otsunah/Documents/GitHub/VVDViewer/VVDViewer/fluorender/FluoRender/MPropView.cpp:28:
In file included from /Users/otsunah/Documents/GitHub/VVDViewer/VVDViewer/fluorender/FluoRender/MPropView.h:28:
In file included from /Users/otsunah/Documents/GitHub/VVDViewer/VVDViewer/fluorender/FluoRender/DataManager.h:29:
/Users/otsunah/Documents/GitHub/VVDViewer/VVDViewer/fluorender/FluoRender/compatibility.h:370:7: warning: 'wstring_convert<std::codecvt_utf8_utf16<wchar_t>>' is deprecated [-Wdeprecated-declarations]
  370 |         std::wstring_convert<std::codecvt_utf8_utf16<wchar_t>, wchar_t> converter;
      |              ^
/Library/Developer/CommandLineTools/SDKs/MacOSX.sdk/usr/include/c++/v1/locale:3145:28: note: 'wstring_convert<std::codecvt_utf8_utf16<wchar_t>>' has been explicitly marked deprecated here
 3145 | class _LIBCPP_TEMPLATE_VIS _LIBCPP_DEPRECATED_IN_CXX17 wstring_convert {
      |                            ^
/Library/Developer/CommandLineTools/SDKs/MacOSX.sdk/usr/include/c++/v1/__config:731:41: note: expanded from macro '_LIBCPP_DEPRECATED_IN_CXX17'
  731 | #    define _LIBCPP_DEPRECATED_IN_CXX17 _LIBCPP_DEPRECATED
      |                                         ^
/Library/Developer/CommandLineTools/SDKs/MacOSX.sdk/usr/include/c++/v1/__config:696:49: note: expanded from macro '_LIBCPP_DEPRECATED'
  696 | #      define _LIBCPP_DEPRECATED __attribute__((__deprecated__))
      |                                                 ^
In file included from /Users/otsunah/Documents/GitHub/VVDViewer/VVDViewer/fluorender/FluoRender/MPropView.cpp:28:
In file included from /Users/otsunah/Documents/GitHub/VVDViewer/VVDViewer/fluorender/FluoRender/MPropView.h:28:
In file included from /Users/otsunah/Documents/GitHub/VVDViewer/VVDViewer/fluorender/FluoRender/DataManager.h:29:
/Users/otsunah/Documents/GitHub/VVDViewer/VVDViewer/fluorender/FluoRender/compatibility.h:411:10: warning: 'vsprintf' is deprecated: This function is provided for compatibility reasons only.  Due to security concerns inherent in the design of sprintf(3), it is highly recommended that you use vsnprintf(3) instead. [-Wdeprecated-declarations]
  411 |         int r = vsprintf(buf, fmt, args);
      |                 ^
/Library/Developer/CommandLineTools/SDKs/MacOSX.sdk/usr/include/_stdio.h:298:1: note: 'vsprintf' has been explicitly marked deprecated here
  298 | __deprecated_msg("This function is provided for compatibility reasons only.  Due to security concerns inherent in the design of sprintf(3), it is highly recommended that you use vsnprintf(3) instead.")
      | ^
/Library/Developer/CommandLineTools/SDKs/MacOSX.sdk/usr/include/sys/cdefs.h:218:48: note: expanded from macro '__deprecated_msg'
  218 |         #define __deprecated_msg(_msg) __attribute__((__deprecated__(_msg)))
      |                                                       ^
In file included from /Users/otsunah/Documents/GitHub/VVDViewer/VVDViewer/fluorender/FluoRender/MPropView.cpp:28:
In file included from /Users/otsunah/Documents/GitHub/VVDViewer/VVDViewer/fluorender/FluoRender/MPropView.h:28:
In file included from /Users/otsunah/Documents/GitHub/VVDViewer/VVDViewer/fluorender/FluoRender/DataManager.h:38:
In file included from /Users/otsunah/Documents/GitHub/VVDViewer/VVDViewer/fluorender/FluoRender/FLIVR/MeshRenderer.h:33:
In file included from /Users/otsunah/Documents/GitHub/VVDViewer/VVDViewer/fluorender/FluoRender/FLIVR/MshShader.h:37:
In file included from /Users/otsunah/Documents/GitHub/VVDViewer/VVDViewer/fluorender/FluoRender/Vulkan/VulkanDevice.hpp:23:
/Users/otsunah/Documents/GitHub/VVDViewer/VVDViewer/fluorender/FluoRender/FLIVR/TextureBrick.h:129:7: warning: cannot delete expression with pointer-to-'void' type 'void *' [-Wdelete-incomplete]
  129 |                                                 delete[] m_nrrd->data;
      |                                                 ^        ~~~~~~~~~~~~
In file included from /Users/otsunah/Documents/GitHub/VVDViewer/VVDViewer/fluorender/FluoRender/MPropView.cpp:28:
In file included from /Users/otsunah/Documents/GitHub/VVDViewer/VVDViewer/fluorender/FluoRender/MPropView.h:28:
In file included from /Users/otsunah/Documents/GitHub/VVDViewer/VVDViewer/fluorender/FluoRender/DataManager.h:38:
In file included from /Users/otsunah/Documents/GitHub/VVDViewer/VVDViewer/fluorender/FluoRender/FLIVR/MeshRenderer.h:38:
/Users/otsunah/Documents/GitHub/VVDViewer/VVDViewer/fluorender/FluoRender/VVulkan.h:2:9: warning: 'GLM_FORCE_DEPTH_ZERO_TO_ONE' macro redefined [-Wmacro-redefined]
    2 | #define GLM_FORCE_DEPTH_ZERO_TO_ONE
      |         ^
<command line>:9:9: note: previous definition is here
    9 | #define GLM_FORCE_DEPTH_ZERO_TO_ONE 1
      |         ^
In file included from /Users/otsunah/Documents/GitHub/VVDViewer/VVDViewer/fluorender/FluoRender/MPropView.cpp:28:
In file included from /Users/otsunah/Documents/GitHub/VVDViewer/VVDViewer/fluorender/FluoRender/MPropView.h:28:
In file included from /Users/otsunah/Documents/GitHub/VVDViewer/VVDViewer/fluorender/FluoRender/DataManager.h:59:
/Users/otsunah/Documents/GitHub/VVDViewer/VVDViewer/fluorender/FluoRender/Formats/brkxml_reader.h:100:21: warning: cannot delete expression with pointer-to-'void' type 'void *' [-Wdelete-incomplete]
  100 |                     delete[] m_data;
      |                     ^        ~~~~~~
In file included from /Users/otsunah/Documents/GitHub/VVDViewer/VVDViewer/fluorender/FluoRender/MPropView.cpp:29:
In file included from /Users/otsunah/Documents/GitHub/VVDViewer/VVDViewer/fluorender/FluoRender/VRenderFrame.h:49:
/Users/otsunah/Documents/GitHub/VVDViewer/VVDViewer/fluorender/FluoRender/MeasureDlg.h:125:9: warning: 'GetSizeAvailableForScrollTarget' overrides a member function but is not marked 'override' [-Winconsistent-missing-override]
  125 |         wxSize GetSizeAvailableForScrollTarget(const wxSize& size) {
      |                ^
/Users/otsunah/Documents/GitHub/VVDViewer/VVDViewer/build/vcpkg_installed/arm64-osx-vvd/include/wx-3.3/wx/generic/listctrl.h:228:20: note: overridden virtual function is here
  228 |     virtual wxSize GetSizeAvailableForScrollTarget(const wxSize& size) override;
      |                    ^
9 warnings generated.
[20/74] Building CXX object CMakeFiles/VVDMainFrame.dir/fluorender/FluoRender/NoiseCancellingDlg.cpp.o
In file included from /Users/otsunah/Documents/GitHub/VVDViewer/VVDViewer/fluorender/FluoRender/NoiseCancellingDlg.cpp:29:
In file included from /Users/otsunah/Documents/GitHub/VVDViewer/VVDViewer/fluorender/FluoRender/VRenderFrame.h:29:
In file included from /Users/otsunah/Documents/GitHub/VVDViewer/VVDViewer/fluorender/FluoRender/DataManager.h:29:
/Users/otsunah/Documents/GitHub/VVDViewer/VVDViewer/fluorender/FluoRender/compatibility.h:364:28: warning: 'codecvt_utf8_utf16<wchar_t>' is deprecated [-Wdeprecated-declarations]
  364 |         std::wstring_convert<std::codecvt_utf8_utf16<wchar_t>, wchar_t> converter;
      |                                   ^
/Library/Developer/CommandLineTools/SDKs/MacOSX.sdk/usr/include/c++/v1/codecvt:568:28: note: 'codecvt_utf8_utf16<wchar_t>' has been explicitly marked deprecated here
  568 | class _LIBCPP_TEMPLATE_VIS _LIBCPP_DEPRECATED_IN_CXX17 codecvt_utf8_utf16 : public __codecvt_utf8_utf16<_Elem> {
      |                            ^
/Library/Developer/CommandLineTools/SDKs/MacOSX.sdk/usr/include/c++/v1/__config:731:41: note: expanded from macro '_LIBCPP_DEPRECATED_IN_CXX17'
  731 | #    define _LIBCPP_DEPRECATED_IN_CXX17 _LIBCPP_DEPRECATED
      |                                         ^
/Library/Developer/CommandLineTools/SDKs/MacOSX.sdk/usr/include/c++/v1/__config:696:49: note: expanded from macro '_LIBCPP_DEPRECATED'
  696 | #      define _LIBCPP_DEPRECATED __attribute__((__deprecated__))
      |                                                 ^
In file included from /Users/otsunah/Documents/GitHub/VVDViewer/VVDViewer/fluorender/FluoRender/NoiseCancellingDlg.cpp:29:
In file included from /Users/otsunah/Documents/GitHub/VVDViewer/VVDViewer/fluorender/FluoRender/VRenderFrame.h:29:
In file included from /Users/otsunah/Documents/GitHub/VVDViewer/VVDViewer/fluorender/FluoRender/DataManager.h:29:
/Users/otsunah/Documents/GitHub/VVDViewer/VVDViewer/fluorender/FluoRender/compatibility.h:364:7: warning: 'wstring_convert<std::codecvt_utf8_utf16<wchar_t>>' is deprecated [-Wdeprecated-declarations]
  364 |         std::wstring_convert<std::codecvt_utf8_utf16<wchar_t>, wchar_t> converter;
      |              ^
/Library/Developer/CommandLineTools/SDKs/MacOSX.sdk/usr/include/c++/v1/locale:3145:28: note: 'wstring_convert<std::codecvt_utf8_utf16<wchar_t>>' has been explicitly marked deprecated here
 3145 | class _LIBCPP_TEMPLATE_VIS _LIBCPP_DEPRECATED_IN_CXX17 wstring_convert {
      |                            ^
/Library/Developer/CommandLineTools/SDKs/MacOSX.sdk/usr/include/c++/v1/__config:731:41: note: expanded from macro '_LIBCPP_DEPRECATED_IN_CXX17'
  731 | #    define _LIBCPP_DEPRECATED_IN_CXX17 _LIBCPP_DEPRECATED
      |                                         ^
/Library/Developer/CommandLineTools/SDKs/MacOSX.sdk/usr/include/c++/v1/__config:696:49: note: expanded from macro '_LIBCPP_DEPRECATED'
  696 | #      define _LIBCPP_DEPRECATED __attribute__((__deprecated__))
      |                                                 ^
In file included from /Users/otsunah/Documents/GitHub/VVDViewer/VVDViewer/fluorender/FluoRender/NoiseCancellingDlg.cpp:29:
In file included from /Users/otsunah/Documents/GitHub/VVDViewer/VVDViewer/fluorender/FluoRender/VRenderFrame.h:29:
In file included from /Users/otsunah/Documents/GitHub/VVDViewer/VVDViewer/fluorender/FluoRender/DataManager.h:29:
/Users/otsunah/Documents/GitHub/VVDViewer/VVDViewer/fluorender/FluoRender/compatibility.h:370:28: warning: 'codecvt_utf8_utf16<wchar_t>' is deprecated [-Wdeprecated-declarations]
  370 |         std::wstring_convert<std::codecvt_utf8_utf16<wchar_t>, wchar_t> converter;
      |                                   ^
/Library/Developer/CommandLineTools/SDKs/MacOSX.sdk/usr/include/c++/v1/codecvt:568:28: note: 'codecvt_utf8_utf16<wchar_t>' has been explicitly marked deprecated here
  568 | class _LIBCPP_TEMPLATE_VIS _LIBCPP_DEPRECATED_IN_CXX17 codecvt_utf8_utf16 : public __codecvt_utf8_utf16<_Elem> {
      |                            ^
/Library/Developer/CommandLineTools/SDKs/MacOSX.sdk/usr/include/c++/v1/__config:731:41: note: expanded from macro '_LIBCPP_DEPRECATED_IN_CXX17'
  731 | #    define _LIBCPP_DEPRECATED_IN_CXX17 _LIBCPP_DEPRECATED
      |                                         ^
/Library/Developer/CommandLineTools/SDKs/MacOSX.sdk/usr/include/c++/v1/__config:696:49: note: expanded from macro '_LIBCPP_DEPRECATED'
  696 | #      define _LIBCPP_DEPRECATED __attribute__((__deprecated__))
      |                                                 ^
In file included from /Users/otsunah/Documents/GitHub/VVDViewer/VVDViewer/fluorender/FluoRender/NoiseCancellingDlg.cpp:29:
In file included from /Users/otsunah/Documents/GitHub/VVDViewer/VVDViewer/fluorender/FluoRender/VRenderFrame.h:29:
In file included from /Users/otsunah/Documents/GitHub/VVDViewer/VVDViewer/fluorender/FluoRender/DataManager.h:29:
/Users/otsunah/Documents/GitHub/VVDViewer/VVDViewer/fluorender/FluoRender/compatibility.h:370:7: warning: 'wstring_convert<std::codecvt_utf8_utf16<wchar_t>>' is deprecated [-Wdeprecated-declarations]
  370 |         std::wstring_convert<std::codecvt_utf8_utf16<wchar_t>, wchar_t> converter;
      |              ^
/Library/Developer/CommandLineTools/SDKs/MacOSX.sdk/usr/include/c++/v1/locale:3145:28: note: 'wstring_convert<std::codecvt_utf8_utf16<wchar_t>>' has been explicitly marked deprecated here
 3145 | class _LIBCPP_TEMPLATE_VIS _LIBCPP_DEPRECATED_IN_CXX17 wstring_convert {
      |                            ^
/Library/Developer/CommandLineTools/SDKs/MacOSX.sdk/usr/include/c++/v1/__config:731:41: note: expanded from macro '_LIBCPP_DEPRECATED_IN_CXX17'
  731 | #    define _LIBCPP_DEPRECATED_IN_CXX17 _LIBCPP_DEPRECATED
      |                                         ^
/Library/Developer/CommandLineTools/SDKs/MacOSX.sdk/usr/include/c++/v1/__config:696:49: note: expanded from macro '_LIBCPP_DEPRECATED'
  696 | #      define _LIBCPP_DEPRECATED __attribute__((__deprecated__))
      |                                                 ^
In file included from /Users/otsunah/Documents/GitHub/VVDViewer/VVDViewer/fluorender/FluoRender/NoiseCancellingDlg.cpp:29:
In file included from /Users/otsunah/Documents/GitHub/VVDViewer/VVDViewer/fluorender/FluoRender/VRenderFrame.h:29:
In file included from /Users/otsunah/Documents/GitHub/VVDViewer/VVDViewer/fluorender/FluoRender/DataManager.h:29:
/Users/otsunah/Documents/GitHub/VVDViewer/VVDViewer/fluorender/FluoRender/compatibility.h:411:10: warning: 'vsprintf' is deprecated: This function is provided for compatibility reasons only.  Due to security concerns inherent in the design of sprintf(3), it is highly recommended that you use vsnprintf(3) instead. [-Wdeprecated-declarations]
  411 |         int r = vsprintf(buf, fmt, args);
      |                 ^
/Library/Developer/CommandLineTools/SDKs/MacOSX.sdk/usr/include/_stdio.h:298:1: note: 'vsprintf' has been explicitly marked deprecated here
  298 | __deprecated_msg("This function is provided for compatibility reasons only.  Due to security concerns inherent in the design of sprintf(3), it is highly recommended that you use vsnprintf(3) instead.")
      | ^
/Library/Developer/CommandLineTools/SDKs/MacOSX.sdk/usr/include/sys/cdefs.h:218:48: note: expanded from macro '__deprecated_msg'
  218 |         #define __deprecated_msg(_msg) __attribute__((__deprecated__(_msg)))
      |                                                       ^
In file included from /Users/otsunah/Documents/GitHub/VVDViewer/VVDViewer/fluorender/FluoRender/NoiseCancellingDlg.cpp:29:
In file included from /Users/otsunah/Documents/GitHub/VVDViewer/VVDViewer/fluorender/FluoRender/VRenderFrame.h:29:
In file included from /Users/otsunah/Documents/GitHub/VVDViewer/VVDViewer/fluorender/FluoRender/DataManager.h:38:
In file included from /Users/otsunah/Documents/GitHub/VVDViewer/VVDViewer/fluorender/FluoRender/FLIVR/MeshRenderer.h:33:
In file included from /Users/otsunah/Documents/GitHub/VVDViewer/VVDViewer/fluorender/FluoRender/FLIVR/MshShader.h:37:
In file included from /Users/otsunah/Documents/GitHub/VVDViewer/VVDViewer/fluorender/FluoRender/Vulkan/VulkanDevice.hpp:23:
/Users/otsunah/Documents/GitHub/VVDViewer/VVDViewer/fluorender/FluoRender/FLIVR/TextureBrick.h:129:7: warning: cannot delete expression with pointer-to-'void' type 'void *' [-Wdelete-incomplete]
  129 |                                                 delete[] m_nrrd->data;
      |                                                 ^        ~~~~~~~~~~~~
In file included from /Users/otsunah/Documents/GitHub/VVDViewer/VVDViewer/fluorender/FluoRender/NoiseCancellingDlg.cpp:29:
In file included from /Users/otsunah/Documents/GitHub/VVDViewer/VVDViewer/fluorender/FluoRender/VRenderFrame.h:29:
In file included from /Users/otsunah/Documents/GitHub/VVDViewer/VVDViewer/fluorender/FluoRender/DataManager.h:38:
In file included from /Users/otsunah/Documents/GitHub/VVDViewer/VVDViewer/fluorender/FluoRender/FLIVR/MeshRenderer.h:38:
/Users/otsunah/Documents/GitHub/VVDViewer/VVDViewer/fluorender/FluoRender/VVulkan.h:2:9: warning: 'GLM_FORCE_DEPTH_ZERO_TO_ONE' macro redefined [-Wmacro-redefined]
    2 | #define GLM_FORCE_DEPTH_ZERO_TO_ONE
      |         ^
<command line>:9:9: note: previous definition is here
    9 | #define GLM_FORCE_DEPTH_ZERO_TO_ONE 1
      |         ^
In file included from /Users/otsunah/Documents/GitHub/VVDViewer/VVDViewer/fluorender/FluoRender/NoiseCancellingDlg.cpp:29:
In file included from /Users/otsunah/Documents/GitHub/VVDViewer/VVDViewer/fluorender/FluoRender/VRenderFrame.h:29:
In file included from /Users/otsunah/Documents/GitHub/VVDViewer/VVDViewer/fluorender/FluoRender/DataManager.h:59:
/Users/otsunah/Documents/GitHub/VVDViewer/VVDViewer/fluorender/FluoRender/Formats/brkxml_reader.h:100:21: warning: cannot delete expression with pointer-to-'void' type 'void *' [-Wdelete-incomplete]
  100 |                     delete[] m_data;
      |                     ^        ~~~~~~
In file included from /Users/otsunah/Documents/GitHub/VVDViewer/VVDViewer/fluorender/FluoRender/NoiseCancellingDlg.cpp:29:
In file included from /Users/otsunah/Documents/GitHub/VVDViewer/VVDViewer/fluorender/FluoRender/VRenderFrame.h:49:
/Users/otsunah/Documents/GitHub/VVDViewer/VVDViewer/fluorender/FluoRender/MeasureDlg.h:125:9: warning: 'GetSizeAvailableForScrollTarget' overrides a member function but is not marked 'override' [-Winconsistent-missing-override]
  125 |         wxSize GetSizeAvailableForScrollTarget(const wxSize& size) {
      |                ^
/Users/otsunah/Documents/GitHub/VVDViewer/VVDViewer/build/vcpkg_installed/arm64-osx-vvd/include/wx-3.3/wx/generic/listctrl.h:228:20: note: overridden virtual function is here
  228 |     virtual wxSize GetSizeAvailableForScrollTarget(const wxSize& size) override;
      |                    ^
9 warnings generated.
[21/74] Building CXX object CMakeFiles/VVDMainFrame.dir/fluorender/FluoRender/DatabaseDlg.cpp.o
In file included from /Users/otsunah/Documents/GitHub/VVDViewer/VVDViewer/fluorender/FluoRender/DatabaseDlg.cpp:2:
In file included from /Users/otsunah/Documents/GitHub/VVDViewer/VVDViewer/fluorender/FluoRender/VRenderFrame.h:29:
In file included from /Users/otsunah/Documents/GitHub/VVDViewer/VVDViewer/fluorender/FluoRender/DataManager.h:29:
/Users/otsunah/Documents/GitHub/VVDViewer/VVDViewer/fluorender/FluoRender/compatibility.h:364:28: warning: 'codecvt_utf8_utf16<wchar_t>' is deprecated [-Wdeprecated-declarations]
  364 |         std::wstring_convert<std::codecvt_utf8_utf16<wchar_t>, wchar_t> converter;
      |                                   ^
/Library/Developer/CommandLineTools/SDKs/MacOSX.sdk/usr/include/c++/v1/codecvt:568:28: note: 'codecvt_utf8_utf16<wchar_t>' has been explicitly marked deprecated here
  568 | class _LIBCPP_TEMPLATE_VIS _LIBCPP_DEPRECATED_IN_CXX17 codecvt_utf8_utf16 : public __codecvt_utf8_utf16<_Elem> {
      |                            ^
/Library/Developer/CommandLineTools/SDKs/MacOSX.sdk/usr/include/c++/v1/__config:731:41: note: expanded from macro '_LIBCPP_DEPRECATED_IN_CXX17'
  731 | #    define _LIBCPP_DEPRECATED_IN_CXX17 _LIBCPP_DEPRECATED
      |                                         ^
/Library/Developer/CommandLineTools/SDKs/MacOSX.sdk/usr/include/c++/v1/__config:696:49: note: expanded from macro '_LIBCPP_DEPRECATED'
  696 | #      define _LIBCPP_DEPRECATED __attribute__((__deprecated__))
      |                                                 ^
In file included from /Users/otsunah/Documents/GitHub/VVDViewer/VVDViewer/fluorender/FluoRender/DatabaseDlg.cpp:2:
In file included from /Users/otsunah/Documents/GitHub/VVDViewer/VVDViewer/fluorender/FluoRender/VRenderFrame.h:29:
In file included from /Users/otsunah/Documents/GitHub/VVDViewer/VVDViewer/fluorender/FluoRender/DataManager.h:29:
/Users/otsunah/Documents/GitHub/VVDViewer/VVDViewer/fluorender/FluoRender/compatibility.h:364:7: warning: 'wstring_convert<std::codecvt_utf8_utf16<wchar_t>>' is deprecated [-Wdeprecated-declarations]
  364 |         std::wstring_convert<std::codecvt_utf8_utf16<wchar_t>, wchar_t> converter;
      |              ^
/Library/Developer/CommandLineTools/SDKs/MacOSX.sdk/usr/include/c++/v1/locale:3145:28: note: 'wstring_convert<std::codecvt_utf8_utf16<wchar_t>>' has been explicitly marked deprecated here
 3145 | class _LIBCPP_TEMPLATE_VIS _LIBCPP_DEPRECATED_IN_CXX17 wstring_convert {
      |                            ^
/Library/Developer/CommandLineTools/SDKs/MacOSX.sdk/usr/include/c++/v1/__config:731:41: note: expanded from macro '_LIBCPP_DEPRECATED_IN_CXX17'
  731 | #    define _LIBCPP_DEPRECATED_IN_CXX17 _LIBCPP_DEPRECATED
      |                                         ^
/Library/Developer/CommandLineTools/SDKs/MacOSX.sdk/usr/include/c++/v1/__config:696:49: note: expanded from macro '_LIBCPP_DEPRECATED'
  696 | #      define _LIBCPP_DEPRECATED __attribute__((__deprecated__))
      |                                                 ^
In file included from /Users/otsunah/Documents/GitHub/VVDViewer/VVDViewer/fluorender/FluoRender/DatabaseDlg.cpp:2:
In file included from /Users/otsunah/Documents/GitHub/VVDViewer/VVDViewer/fluorender/FluoRender/VRenderFrame.h:29:
In file included from /Users/otsunah/Documents/GitHub/VVDViewer/VVDViewer/fluorender/FluoRender/DataManager.h:29:
/Users/otsunah/Documents/GitHub/VVDViewer/VVDViewer/fluorender/FluoRender/compatibility.h:370:28: warning: 'codecvt_utf8_utf16<wchar_t>' is deprecated [-Wdeprecated-declarations]
  370 |         std::wstring_convert<std::codecvt_utf8_utf16<wchar_t>, wchar_t> converter;
      |                                   ^
/Library/Developer/CommandLineTools/SDKs/MacOSX.sdk/usr/include/c++/v1/codecvt:568:28: note: 'codecvt_utf8_utf16<wchar_t>' has been explicitly marked deprecated here
  568 | class _LIBCPP_TEMPLATE_VIS _LIBCPP_DEPRECATED_IN_CXX17 codecvt_utf8_utf16 : public __codecvt_utf8_utf16<_Elem> {
      |                            ^
/Library/Developer/CommandLineTools/SDKs/MacOSX.sdk/usr/include/c++/v1/__config:731:41: note: expanded from macro '_LIBCPP_DEPRECATED_IN_CXX17'
  731 | #    define _LIBCPP_DEPRECATED_IN_CXX17 _LIBCPP_DEPRECATED
      |                                         ^
/Library/Developer/CommandLineTools/SDKs/MacOSX.sdk/usr/include/c++/v1/__config:696:49: note: expanded from macro '_LIBCPP_DEPRECATED'
  696 | #      define _LIBCPP_DEPRECATED __attribute__((__deprecated__))
      |                                                 ^
In file included from /Users/otsunah/Documents/GitHub/VVDViewer/VVDViewer/fluorender/FluoRender/DatabaseDlg.cpp:2:
In file included from /Users/otsunah/Documents/GitHub/VVDViewer/VVDViewer/fluorender/FluoRender/VRenderFrame.h:29:
In file included from /Users/otsunah/Documents/GitHub/VVDViewer/VVDViewer/fluorender/FluoRender/DataManager.h:29:
/Users/otsunah/Documents/GitHub/VVDViewer/VVDViewer/fluorender/FluoRender/compatibility.h:370:7: warning: 'wstring_convert<std::codecvt_utf8_utf16<wchar_t>>' is deprecated [-Wdeprecated-declarations]
  370 |         std::wstring_convert<std::codecvt_utf8_utf16<wchar_t>, wchar_t> converter;
      |              ^
/Library/Developer/CommandLineTools/SDKs/MacOSX.sdk/usr/include/c++/v1/locale:3145:28: note: 'wstring_convert<std::codecvt_utf8_utf16<wchar_t>>' has been explicitly marked deprecated here
 3145 | class _LIBCPP_TEMPLATE_VIS _LIBCPP_DEPRECATED_IN_CXX17 wstring_convert {
      |                            ^
/Library/Developer/CommandLineTools/SDKs/MacOSX.sdk/usr/include/c++/v1/__config:731:41: note: expanded from macro '_LIBCPP_DEPRECATED_IN_CXX17'
  731 | #    define _LIBCPP_DEPRECATED_IN_CXX17 _LIBCPP_DEPRECATED
      |                                         ^
/Library/Developer/CommandLineTools/SDKs/MacOSX.sdk/usr/include/c++/v1/__config:696:49: note: expanded from macro '_LIBCPP_DEPRECATED'
  696 | #      define _LIBCPP_DEPRECATED __attribute__((__deprecated__))
      |                                                 ^
In file included from /Users/otsunah/Documents/GitHub/VVDViewer/VVDViewer/fluorender/FluoRender/DatabaseDlg.cpp:2:
In file included from /Users/otsunah/Documents/GitHub/VVDViewer/VVDViewer/fluorender/FluoRender/VRenderFrame.h:29:
In file included from /Users/otsunah/Documents/GitHub/VVDViewer/VVDViewer/fluorender/FluoRender/DataManager.h:29:
/Users/otsunah/Documents/GitHub/VVDViewer/VVDViewer/fluorender/FluoRender/compatibility.h:411:10: warning: 'vsprintf' is deprecated: This function is provided for compatibility reasons only.  Due to security concerns inherent in the design of sprintf(3), it is highly recommended that you use vsnprintf(3) instead. [-Wdeprecated-declarations]
  411 |         int r = vsprintf(buf, fmt, args);
      |                 ^
/Library/Developer/CommandLineTools/SDKs/MacOSX.sdk/usr/include/_stdio.h:298:1: note: 'vsprintf' has been explicitly marked deprecated here
  298 | __deprecated_msg("This function is provided for compatibility reasons only.  Due to security concerns inherent in the design of sprintf(3), it is highly recommended that you use vsnprintf(3) instead.")
      | ^
/Library/Developer/CommandLineTools/SDKs/MacOSX.sdk/usr/include/sys/cdefs.h:218:48: note: expanded from macro '__deprecated_msg'
  218 |         #define __deprecated_msg(_msg) __attribute__((__deprecated__(_msg)))
      |                                                       ^
In file included from /Users/otsunah/Documents/GitHub/VVDViewer/VVDViewer/fluorender/FluoRender/DatabaseDlg.cpp:2:
In file included from /Users/otsunah/Documents/GitHub/VVDViewer/VVDViewer/fluorender/FluoRender/VRenderFrame.h:29:
In file included from /Users/otsunah/Documents/GitHub/VVDViewer/VVDViewer/fluorender/FluoRender/DataManager.h:38:
In file included from /Users/otsunah/Documents/GitHub/VVDViewer/VVDViewer/fluorender/FluoRender/FLIVR/MeshRenderer.h:33:
In file included from /Users/otsunah/Documents/GitHub/VVDViewer/VVDViewer/fluorender/FluoRender/FLIVR/MshShader.h:37:
In file included from /Users/otsunah/Documents/GitHub/VVDViewer/VVDViewer/fluorender/FluoRender/Vulkan/VulkanDevice.hpp:23:
/Users/otsunah/Documents/GitHub/VVDViewer/VVDViewer/fluorender/FluoRender/FLIVR/TextureBrick.h:129:7: warning: cannot delete expression with pointer-to-'void' type 'void *' [-Wdelete-incomplete]
  129 |                                                 delete[] m_nrrd->data;
      |                                                 ^        ~~~~~~~~~~~~
In file included from /Users/otsunah/Documents/GitHub/VVDViewer/VVDViewer/fluorender/FluoRender/DatabaseDlg.cpp:2:
In file included from /Users/otsunah/Documents/GitHub/VVDViewer/VVDViewer/fluorender/FluoRender/VRenderFrame.h:29:
In file included from /Users/otsunah/Documents/GitHub/VVDViewer/VVDViewer/fluorender/FluoRender/DataManager.h:38:
In file included from /Users/otsunah/Documents/GitHub/VVDViewer/VVDViewer/fluorender/FluoRender/FLIVR/MeshRenderer.h:38:
/Users/otsunah/Documents/GitHub/VVDViewer/VVDViewer/fluorender/FluoRender/VVulkan.h:2:9: warning: 'GLM_FORCE_DEPTH_ZERO_TO_ONE' macro redefined [-Wmacro-redefined]
    2 | #define GLM_FORCE_DEPTH_ZERO_TO_ONE
      |         ^
<command line>:9:9: note: previous definition is here
    9 | #define GLM_FORCE_DEPTH_ZERO_TO_ONE 1
      |         ^
In file included from /Users/otsunah/Documents/GitHub/VVDViewer/VVDViewer/fluorender/FluoRender/DatabaseDlg.cpp:2:
In file included from /Users/otsunah/Documents/GitHub/VVDViewer/VVDViewer/fluorender/FluoRender/VRenderFrame.h:29:
In file included from /Users/otsunah/Documents/GitHub/VVDViewer/VVDViewer/fluorender/FluoRender/DataManager.h:59:
/Users/otsunah/Documents/GitHub/VVDViewer/VVDViewer/fluorender/FluoRender/Formats/brkxml_reader.h:100:21: warning: cannot delete expression with pointer-to-'void' type 'void *' [-Wdelete-incomplete]
  100 |                     delete[] m_data;
      |                     ^        ~~~~~~
In file included from /Users/otsunah/Documents/GitHub/VVDViewer/VVDViewer/fluorender/FluoRender/DatabaseDlg.cpp:2:
In file included from /Users/otsunah/Documents/GitHub/VVDViewer/VVDViewer/fluorender/FluoRender/VRenderFrame.h:49:
/Users/otsunah/Documents/GitHub/VVDViewer/VVDViewer/fluorender/FluoRender/MeasureDlg.h:125:9: warning: 'GetSizeAvailableForScrollTarget' overrides a member function but is not marked 'override' [-Winconsistent-missing-override]
  125 |         wxSize GetSizeAvailableForScrollTarget(const wxSize& size) {
      |                ^
/Users/otsunah/Documents/GitHub/VVDViewer/VVDViewer/build/vcpkg_installed/arm64-osx-vvd/include/wx-3.3/wx/generic/listctrl.h:228:20: note: overridden virtual function is here
  228 |     virtual wxSize GetSizeAvailableForScrollTarget(const wxSize& size) override;
      |                    ^
In file included from /Users/otsunah/Documents/GitHub/VVDViewer/VVDViewer/fluorender/FluoRender/DatabaseDlg.cpp:12:
/Users/otsunah/Documents/GitHub/VVDViewer/VVDViewer/fluorender/FluoRender/img/cube.xpm:3:1: warning: ISO C++11 does not allow conversion from string literal to 'char *' [-Wwritable-strings]
    3 | "24 24 32 1",
      | ^
/Users/otsunah/Documents/GitHub/VVDViewer/VVDViewer/fluorender/FluoRender/img/cube.xpm:4:1: warning: ISO C++11 does not allow conversion from string literal to 'char *' [-Wwritable-strings]
    4 | "  c #000000",
      | ^
/Users/otsunah/Documents/GitHub/VVDViewer/VVDViewer/fluorender/FluoRender/img/cube.xpm:5:1: warning: ISO C++11 does not allow conversion from string literal to 'char *' [-Wwritable-strings]
    5 | "! c None",
      | ^
/Users/otsunah/Documents/GitHub/VVDViewer/VVDViewer/fluorender/FluoRender/img/cube.xpm:6:1: warning: ISO C++11 does not allow conversion from string literal to 'char *' [-Wwritable-strings]
    6 | "# c #080808",
      | ^
/Users/otsunah/Documents/GitHub/VVDViewer/VVDViewer/fluorender/FluoRender/img/cube.xpm:7:1: warning: ISO C++11 does not allow conversion from string literal to 'char *' [-Wwritable-strings]
    7 | "$ c #787878",
      | ^
/Users/otsunah/Documents/GitHub/VVDViewer/VVDViewer/fluorender/FluoRender/img/cube.xpm:8:1: warning: ISO C++11 does not allow conversion from string literal to 'char *' [-Wwritable-strings]
    8 | "% c #484848",
      | ^
/Users/otsunah/Documents/GitHub/VVDViewer/VVDViewer/fluorender/FluoRender/img/cube.xpm:9:1: warning: ISO C++11 does not allow conversion from string literal to 'char *' [-Wwritable-strings]
    9 | "& c #d0d0d0",
      | ^
/Users/otsunah/Documents/GitHub/VVDViewer/VVDViewer/fluorender/FluoRender/img/cube.xpm:10:1: warning: ISO C++11 does not allow conversion from string literal to 'char *' [-Wwritable-strings]
   10 | "' c #202020",
      | ^
/Users/otsunah/Documents/GitHub/VVDViewer/VVDViewer/fluorender/FluoRender/img/cube.xpm:11:1: warning: ISO C++11 does not allow conversion from string literal to 'char *' [-Wwritable-strings]
   11 | "( c #b0b0b0",
      | ^
/Users/otsunah/Documents/GitHub/VVDViewer/VVDViewer/fluorender/FluoRender/img/cube.xpm:12:1: warning: ISO C++11 does not allow conversion from string literal to 'char *' [-Wwritable-strings]
   12 | ") c #686868",
      | ^
/Users/otsunah/Documents/GitHub/VVDViewer/VVDViewer/fluorender/FluoRender/img/cube.xpm:13:1: warning: ISO C++11 does not allow conversion from string literal to 'char *' [-Wwritable-strings]
   13 | "* c #e8e8e8",
      | ^
/Users/otsunah/Documents/GitHub/VVDViewer/VVDViewer/fluorender/FluoRender/img/cube.xpm:14:1: warning: ISO C++11 does not allow conversion from string literal to 'char *' [-Wwritable-strings]
   14 | "+ c #101010",
      | ^
/Users/otsunah/Documents/GitHub/VVDViewer/VVDViewer/fluorender/FluoRender/img/cube.xpm:15:1: warning: ISO C++11 does not allow conversion from string literal to 'char *' [-Wwritable-strings]
   15 | ", c #989898",
      | ^
/Users/otsunah/Documents/GitHub/VVDViewer/VVDViewer/fluorender/FluoRender/img/cube.xpm:16:1: warning: ISO C++11 does not allow conversion from string literal to 'char *' [-Wwritable-strings]
   16 | "- c #606060",
      | ^
/Users/otsunah/Documents/GitHub/VVDViewer/VVDViewer/fluorender/FluoRender/img/cube.xpm:17:1: warning: ISO C++11 does not allow conversion from string literal to 'char *' [-Wwritable-strings]
   17 | ". c #e0e0e0",
      | ^
/Users/otsunah/Documents/GitHub/VVDViewer/VVDViewer/fluorender/FluoRender/img/cube.xpm:18:1: warning: ISO C++11 does not allow conversion from string literal to 'char *' [-Wwritable-strings]
   18 | "/ c #404040",
      | ^
/Users/otsunah/Documents/GitHub/VVDViewer/VVDViewer/fluorender/FluoRender/img/cube.xpm:19:1: warning: ISO C++11 does not allow conversion from string literal to 'char *' [-Wwritable-strings]
   19 | "0 c #c8c8c8",
      | ^
/Users/otsunah/Documents/GitHub/VVDViewer/VVDViewer/fluorender/FluoRender/img/cube.xpm:20:1: warning: ISO C++11 does not allow conversion from string literal to 'char *' [-Wwritable-strings]
   20 | "1 c #707070",
      | ^
/Users/otsunah/Documents/GitHub/VVDViewer/VVDViewer/fluorender/FluoRender/img/cube.xpm:21:1: warning: ISO C++11 does not allow conversion from string literal to 'char *' [-Wwritable-strings]
   21 | "2 c #f0f0f0",
      | ^
/Users/otsunah/Documents/GitHub/VVDViewer/VVDViewer/fluorender/FluoRender/img/cube.xpm:22:1: warning: ISO C++11 does not allow conversion from string literal to 'char *' [-Wwritable-strings]
   22 | "3 c #888888",
      | ^
/Users/otsunah/Documents/GitHub/VVDViewer/VVDViewer/fluorender/FluoRender/img/cube.xpm:23:1: warning: ISO C++11 does not allow conversion from string literal to 'char *' [-Wwritable-strings]
   23 | "4 c #585858",
      | ^
/Users/otsunah/Documents/GitHub/VVDViewer/VVDViewer/fluorender/FluoRender/img/cube.xpm:24:1: warning: ISO C++11 does not allow conversion from string literal to 'char *' [-Wwritable-strings]
   24 | "5 c #d8d8d8",
      | ^
/Users/otsunah/Documents/GitHub/VVDViewer/VVDViewer/fluorender/FluoRender/img/cube.xpm:25:1: warning: ISO C++11 does not allow conversion from string literal to 'char *' [-Wwritable-strings]
   25 | "6 c #383838",
      | ^
/Users/otsunah/Documents/GitHub/VVDViewer/VVDViewer/fluorender/FluoRender/img/cube.xpm:26:1: warning: ISO C++11 does not allow conversion from string literal to 'char *' [-Wwritable-strings]
   26 | "7 c #c0c0c0",
      | ^
/Users/otsunah/Documents/GitHub/VVDViewer/VVDViewer/fluorender/FluoRender/img/cube.xpm:27:1: warning: ISO C++11 does not allow conversion from string literal to 'char *' [-Wwritable-strings]
   27 | "8 c #181818",
      | ^
/Users/otsunah/Documents/GitHub/VVDViewer/VVDViewer/fluorender/FluoRender/img/cube.xpm:28:1: warning: ISO C++11 does not allow conversion from string literal to 'char *' [-Wwritable-strings]
   28 | "9 c #a8a8a8",
      | ^
/Users/otsunah/Documents/GitHub/VVDViewer/VVDViewer/fluorender/FluoRender/img/cube.xpm:29:1: warning: ISO C++11 does not allow conversion from string literal to 'char *' [-Wwritable-strings]
   29 | ": c #808080",
      | ^
/Users/otsunah/Documents/GitHub/VVDViewer/VVDViewer/fluorender/FluoRender/img/cube.xpm:30:1: warning: ISO C++11 does not allow conversion from string literal to 'char *' [-Wwritable-strings]
   30 | "; c #505050",
      | ^
/Users/otsunah/Documents/GitHub/VVDViewer/VVDViewer/fluorender/FluoRender/img/cube.xpm:31:1: warning: ISO C++11 does not allow conversion from string literal to 'char *' [-Wwritable-strings]
   31 | "< c #303030",
      | ^
/Users/otsunah/Documents/GitHub/VVDViewer/VVDViewer/fluorender/FluoRender/img/cube.xpm:32:1: warning: ISO C++11 does not allow conversion from string literal to 'char *' [-Wwritable-strings]
   32 | "= c #b8b8b8",
      | ^
/Users/otsunah/Documents/GitHub/VVDViewer/VVDViewer/fluorender/FluoRender/img/cube.xpm:33:1: warning: ISO C++11 does not allow conversion from string literal to 'char *' [-Wwritable-strings]
   33 | "> c #a0a0a0",
      | ^
/Users/otsunah/Documents/GitHub/VVDViewer/VVDViewer/fluorender/FluoRender/img/cube.xpm:34:1: warning: ISO C++11 does not allow conversion from string literal to 'char *' [-Wwritable-strings]
   34 | "? c #909090",
      | ^
/Users/otsunah/Documents/GitHub/VVDViewer/VVDViewer/fluorender/FluoRender/img/cube.xpm:35:1: warning: ISO C++11 does not allow conversion from string literal to 'char *' [-Wwritable-strings]
   35 | "@ c #282828",
      | ^
/Users/otsunah/Documents/GitHub/VVDViewer/VVDViewer/fluorender/FluoRender/img/cube.xpm:36:1: warning: ISO C++11 does not allow conversion from string literal to 'char *' [-Wwritable-strings]
   36 | "!!!!!!!!!!0//&!!!!!!!!!!",
      | ^
/Users/otsunah/Documents/GitHub/VVDViewer/VVDViewer/fluorender/FluoRender/img/cube.xpm:37:1: warning: ISO C++11 does not allow conversion from string literal to 'char *' [-Wwritable-strings]
   37 | "!!!!!!!!.4    -.!!!!!!!!",
      | ^
/Users/otsunah/Documents/GitHub/VVDViewer/VVDViewer/fluorender/FluoRender/img/cube.xpm:38:1: warning: ISO C++11 does not allow conversion from string literal to 'char *' [-Wwritable-strings]
   38 | "!!!!!!*1#  ))  #$2!!!!!!",
      | ^
/Users/otsunah/Documents/GitHub/VVDViewer/VVDViewer/fluorender/FluoRender/img/cube.xpm:39:1: warning: ISO C++11 does not allow conversion from string literal to 'char *' [-Wwritable-strings]
   39 | "!!!!23+  45!!5;  +?!!!!!",
      | ^
/Users/otsunah/Documents/GitHub/VVDViewer/VVDViewer/fluorender/FluoRender/img/cube.xpm:40:1: warning: ISO C++11 does not allow conversion from string literal to 'char *' [-Wwritable-strings]
   40 | "!!!>'  /0!!!!!!76  '9!!!",
      | ^
/Users/otsunah/Documents/GitHub/VVDViewer/VVDViewer/fluorender/FluoRender/img/cube.xpm:41:1: warning: ISO C++11 does not allow conversion from string literal to 'char *' [-Wwritable-strings]
   41 | "!=<  @(!!!!!!!!!!9'  67!",
      | ^
/Users/otsunah/Documents/GitHub/VVDViewer/VVDViewer/fluorender/FluoRender/img/cube.xpm:42:1: warning: ISO C++11 does not allow conversion from string literal to 'char *' [-Wwritable-strings]
   42 | "!   -!!!!!!!!!!!!!!)   !",
      | ^
/Users/otsunah/Documents/GitHub/VVDViewer/VVDViewer/fluorender/FluoRender/img/cube.xpm:43:1: warning: ISO C++11 does not allow conversion from string literal to 'char *' [-Wwritable-strings]
   43 | "!    ;&!!!!!!!!!!.-    !",
      | ^
/Users/otsunah/Documents/GitHub/VVDViewer/VVDViewer/fluorender/FluoRender/img/cube.xpm:44:1: warning: ISO C++11 does not allow conversion from string literal to 'char *' [-Wwritable-strings]
   44 | "!  $#  -.!!!!!!*1#  -  !",
      | ^
/Users/otsunah/Documents/GitHub/VVDViewer/VVDViewer/fluorender/FluoRender/img/cube.xpm:45:1: warning: ISO C++11 does not allow conversion from string literal to 'char *' [-Wwritable-strings]
   45 | "!  !.-  #$2!!23+  ;&!  !",
      | ^
/Users/otsunah/Documents/GitHub/VVDViewer/VVDViewer/fluorender/FluoRender/img/cube.xpm:46:1: warning: ISO C++11 does not allow conversion from string literal to 'char *' [-Wwritable-strings]
   46 | "!  !!!&%  +?,8  /0!!!  !",
      | ^
/Users/otsunah/Documents/GitHub/VVDViewer/VVDViewer/fluorender/FluoRender/img/cube.xpm:47:1: warning: ISO C++11 does not allow conversion from string literal to 'char *' [-Wwritable-strings]
   47 | "!  !!!!!76    <=!!!!!  !",
      | ^
/Users/otsunah/Documents/GitHub/VVDViewer/VVDViewer/fluorender/FluoRender/img/cube.xpm:48:1: warning: ISO C++11 does not allow conversion from string literal to 'char *' [-Wwritable-strings]
   48 | "!  !!!!!!!9  9!!!!!!!  !",
      | ^
/Users/otsunah/Documents/GitHub/VVDViewer/VVDViewer/fluorender/FluoRender/img/cube.xpm:49:1: warning: ISO C++11 does not allow conversion from string literal to 'char *' [-Wwritable-strings]
   49 | "!  !!!!!!!!  !!!!!!!!  !",
      | ^
/Users/otsunah/Documents/GitHub/VVDViewer/VVDViewer/fluorender/FluoRender/img/cube.xpm:50:1: warning: ISO C++11 does not allow conversion from string literal to 'char *' [-Wwritable-strings]
   50 | "!  !!!!!!!!  !!!!!!!!  !",
      | ^
/Users/otsunah/Documents/GitHub/VVDViewer/VVDViewer/fluorender/FluoRender/img/cube.xpm:51:1: warning: ISO C++11 does not allow conversion from string literal to 'char *' [-Wwritable-strings]
   51 | "!  !!!!!!!!  !!!!!!!!  !",
      | ^
/Users/otsunah/Documents/GitHub/VVDViewer/VVDViewer/fluorender/FluoRender/img/cube.xpm:52:1: warning: ISO C++11 does not allow conversion from string literal to 'char *' [-Wwritable-strings]
   52 | "!  !!!!!!!!  !!!!!!!!  !",
      | ^
/Users/otsunah/Documents/GitHub/VVDViewer/VVDViewer/fluorender/FluoRender/img/cube.xpm:53:1: warning: ISO C++11 does not allow conversion from string literal to 'char *' [-Wwritable-strings]
   53 | "!  <=!!!!!!  !!!!!!=<  !",
      | ^
/Users/otsunah/Documents/GitHub/VVDViewer/VVDViewer/fluorender/FluoRender/img/cube.xpm:54:1: warning: ISO C++11 does not allow conversion from string literal to 'char *' [-Wwritable-strings]
   54 | "!,8  /0!!!!  !!!!0/  8?!",
      | ^
/Users/otsunah/Documents/GitHub/VVDViewer/VVDViewer/fluorender/FluoRender/img/cube.xpm:55:1: warning: ISO C++11 does not allow conversion from string literal to 'char *' [-Wwritable-strings]
   55 | "!!2:+  ;5!!  !!5;  +:2!!",
      | ^
/Users/otsunah/Documents/GitHub/VVDViewer/VVDViewer/fluorender/FluoRender/img/cube.xpm:56:1: warning: ISO C++11 does not allow conversion from string literal to 'char *' [-Wwritable-strings]
   56 | "!!!!*1#  -.  .-  #1*!!!!",
      | ^
/Users/otsunah/Documents/GitHub/VVDViewer/VVDViewer/fluorender/FluoRender/img/cube.xpm:57:1: warning: ISO C++11 does not allow conversion from string literal to 'char *' [-Wwritable-strings]
   57 | "!!!!!!.-  #  #  -.!!!!!!",
      | ^
/Users/otsunah/Documents/GitHub/VVDViewer/VVDViewer/fluorender/FluoRender/img/cube.xpm:58:1: warning: ISO C++11 does not allow conversion from string literal to 'char *' [-Wwritable-strings]
   58 | "!!!!!!!!&;    ;&!!!!!!!!",
      | ^
/Users/otsunah/Documents/GitHub/VVDViewer/VVDViewer/fluorender/FluoRender/img/cube.xpm:59:1: warning: ISO C++11 does not allow conversion from string literal to 'char *' [-Wwritable-strings]
   59 | "!!!!!!!!!!0//0!!!!!!!!!!"};
      | ^
In file included from /Users/otsunah/Documents/GitHub/VVDViewer/VVDViewer/fluorender/FluoRender/DatabaseDlg.cpp:13:
/Users/otsunah/Documents/GitHub/VVDViewer/VVDViewer/fluorender/FluoRender/img/folder.xpm:4:1: warning: ISO C++11 does not allow conversion from string literal to 'char *' [-Wwritable-strings]
    4 | "24 24 3 1",
      | ^
/Users/otsunah/Documents/GitHub/VVDViewer/VVDViewer/fluorender/FluoRender/img/folder.xpm:5:1: warning: ISO C++11 does not allow conversion from string literal to 'char *' [-Wwritable-strings]
    5 | "  c #000000",
      | ^
/Users/otsunah/Documents/GitHub/VVDViewer/VVDViewer/fluorender/FluoRender/img/folder.xpm:6:1: warning: ISO C++11 does not allow conversion from string literal to 'char *' [-Wwritable-strings]
    6 | ". c #010101",
      | ^
/Users/otsunah/Documents/GitHub/VVDViewer/VVDViewer/fluorender/FluoRender/img/folder.xpm:7:1: warning: ISO C++11 does not allow conversion from string literal to 'char *' [-Wwritable-strings]
    7 | "X c None",
      | ^
/Users/otsunah/Documents/GitHub/VVDViewer/VVDViewer/fluorender/FluoRender/img/folder.xpm:9:1: warning: ISO C++11 does not allow conversion from string literal to 'char *' [-Wwritable-strings]
    9 | "XXXXXXXXXXXXXXXXXXXXXXXX",
      | ^
/Users/otsunah/Documents/GitHub/VVDViewer/VVDViewer/fluorender/FluoRender/img/folder.xpm:10:1: warning: ISO C++11 does not allow conversion from string literal to 'char *' [-Wwritable-strings]
   10 | "XXXXXXXXXXXXXXXXXXXXXXXX",
      | ^
/Users/otsunah/Documents/GitHub/VVDViewer/VVDViewer/fluorender/FluoRender/img/folder.xpm:11:1: warning: ISO C++11 does not allow conversion from string literal to 'char *' [-Wwritable-strings]
   11 | "......XXXXXXXXXXXXXXXXXX",
      | ^
/Users/otsunah/Documents/GitHub/VVDViewer/VVDViewer/fluorender/FluoRender/img/folder.xpm:12:1: warning: ISO C++11 does not allow conversion from string literal to 'char *' [-Wwritable-strings]
   12 | ".......XXXXXXXXXXXXXXXXX",
      | ^
/Users/otsunah/Documents/GitHub/VVDViewer/VVDViewer/fluorender/FluoRender/img/folder.xpm:13:1: warning: ISO C++11 does not allow conversion from string literal to 'char *' [-Wwritable-strings]
   13 | "........XXXXXXXXXXXXXXXX",
      | ^
/Users/otsunah/Documents/GitHub/VVDViewer/VVDViewer/fluorender/FluoRender/img/folder.xpm:14:1: warning: ISO C++11 does not allow conversion from string literal to 'char *' [-Wwritable-strings]
   14 | "........................",
      | ^
/Users/otsunah/Documents/GitHub/VVDViewer/VVDViewer/fluorender/FluoRender/img/folder.xpm:15:1: warning: ISO C++11 does not allow conversion from string literal to 'char *' [-Wwritable-strings]
   15 | "........................",
      | ^
/Users/otsunah/Documents/GitHub/VVDViewer/VVDViewer/fluorender/FluoRender/img/folder.xpm:16:1: warning: ISO C++11 does not allow conversion from string literal to 'char *' [-Wwritable-strings]
   16 | "........................",
      | ^
/Users/otsunah/Documents/GitHub/VVDViewer/VVDViewer/fluorender/FluoRender/img/folder.xpm:17:1: warning: ISO C++11 does not allow conversion from string literal to 'char *' [-Wwritable-strings]
   17 | "........................",
      | ^
/Users/otsunah/Documents/GitHub/VVDViewer/VVDViewer/fluorender/FluoRender/img/folder.xpm:18:1: warning: ISO C++11 does not allow conversion from string literal to 'char *' [-Wwritable-strings]
   18 | "........................",
      | ^
/Users/otsunah/Documents/GitHub/VVDViewer/VVDViewer/fluorender/FluoRender/img/folder.xpm:19:1: warning: ISO C++11 does not allow conversion from string literal to 'char *' [-Wwritable-strings]
   19 | "........................",
      | ^
/Users/otsunah/Documents/GitHub/VVDViewer/VVDViewer/fluorender/FluoRender/img/folder.xpm:20:1: warning: ISO C++11 does not allow conversion from string literal to 'char *' [-Wwritable-strings]
   20 | "........................",
      | ^
/Users/otsunah/Documents/GitHub/VVDViewer/VVDViewer/fluorender/FluoRender/img/folder.xpm:21:1: warning: ISO C++11 does not allow conversion from string literal to 'char *' [-Wwritable-strings]
   21 | "........................",
      | ^
/Users/otsunah/Documents/GitHub/VVDViewer/VVDViewer/fluorender/FluoRender/img/folder.xpm:22:1: warning: ISO C++11 does not allow conversion from string literal to 'char *' [-Wwritable-strings]
   22 | "........................",
      | ^
/Users/otsunah/Documents/GitHub/VVDViewer/VVDViewer/fluorender/FluoRender/img/folder.xpm:23:1: warning: ISO C++11 does not allow conversion from string literal to 'char *' [-Wwritable-strings]
   23 | "........................",
      | ^
/Users/otsunah/Documents/GitHub/VVDViewer/VVDViewer/fluorender/FluoRender/img/folder.xpm:24:1: warning: ISO C++11 does not allow conversion from string literal to 'char *' [-Wwritable-strings]
   24 | "........................",
      | ^
/Users/otsunah/Documents/GitHub/VVDViewer/VVDViewer/fluorender/FluoRender/img/folder.xpm:25:1: warning: ISO C++11 does not allow conversion from string literal to 'char *' [-Wwritable-strings]
   25 | "........................",
      | ^
/Users/otsunah/Documents/GitHub/VVDViewer/VVDViewer/fluorender/FluoRender/img/folder.xpm:26:1: warning: ISO C++11 does not allow conversion from string literal to 'char *' [-Wwritable-strings]
   26 | "........................",
      | ^
/Users/otsunah/Documents/GitHub/VVDViewer/VVDViewer/fluorender/FluoRender/img/folder.xpm:27:1: warning: ISO C++11 does not allow conversion from string literal to 'char *' [-Wwritable-strings]
   27 | "........................",
      | ^
/Users/otsunah/Documents/GitHub/VVDViewer/VVDViewer/fluorender/FluoRender/img/folder.xpm:28:1: warning: ISO C++11 does not allow conversion from string literal to 'char *' [-Wwritable-strings]
   28 | "........................",
      | ^
/Users/otsunah/Documents/GitHub/VVDViewer/VVDViewer/fluorender/FluoRender/img/folder.xpm:29:1: warning: ISO C++11 does not allow conversion from string literal to 'char *' [-Wwritable-strings]
   29 | "........................",
      | ^
/Users/otsunah/Documents/GitHub/VVDViewer/VVDViewer/fluorender/FluoRender/img/folder.xpm:30:1: warning: ISO C++11 does not allow conversion from string literal to 'char *' [-Wwritable-strings]
   30 | "........................",
      | ^
/Users/otsunah/Documents/GitHub/VVDViewer/VVDViewer/fluorender/FluoRender/img/folder.xpm:31:1: warning: ISO C++11 does not allow conversion from string literal to 'char *' [-Wwritable-strings]
   31 | "XXXXXXXXXXXXXXXXXXXXXXXX",
      | ^
/Users/otsunah/Documents/GitHub/VVDViewer/VVDViewer/fluorender/FluoRender/img/folder.xpm:32:1: warning: ISO C++11 does not allow conversion from string literal to 'char *' [-Wwritable-strings]
   32 | "XXXXXXXXXXXXXXXXXXXXXXXX"
      | ^
In file included from /Users/otsunah/Documents/GitHub/VVDViewer/VVDViewer/fluorender/FluoRender/DatabaseDlg.cpp:14:
/Users/otsunah/Documents/GitHub/VVDViewer/VVDViewer/fluorender/FluoRender/img/database.xpm:3:1: warning: ISO C++11 does not allow conversion from string literal to 'char *' [-Wwritable-strings]
    3 | "24 24 31 1",
      | ^
/Users/otsunah/Documents/GitHub/VVDViewer/VVDViewer/fluorender/FluoRender/img/database.xpm:4:1: warning: ISO C++11 does not allow conversion from string literal to 'char *' [-Wwritable-strings]
    4 | "  c #000000",
      | ^
/Users/otsunah/Documents/GitHub/VVDViewer/VVDViewer/fluorender/FluoRender/img/database.xpm:5:1: warning: ISO C++11 does not allow conversion from string literal to 'char *' [-Wwritable-strings]
    5 | "! c #505050",
      | ^
/Users/otsunah/Documents/GitHub/VVDViewer/VVDViewer/fluorender/FluoRender/img/database.xpm:6:1: warning: ISO C++11 does not allow conversion from string literal to 'char *' [-Wwritable-strings]
    6 | "# c #080808",
      | ^
/Users/otsunah/Documents/GitHub/VVDViewer/VVDViewer/fluorender/FluoRender/img/database.xpm:7:1: warning: ISO C++11 does not allow conversion from string literal to 'char *' [-Wwritable-strings]
    7 | "$ c None",
      | ^
/Users/otsunah/Documents/GitHub/VVDViewer/VVDViewer/fluorender/FluoRender/img/database.xpm:8:1: warning: ISO C++11 does not allow conversion from string literal to 'char *' [-Wwritable-strings]
    8 | "% c #a0a0a0",
      | ^
/Users/otsunah/Documents/GitHub/VVDViewer/VVDViewer/fluorender/FluoRender/img/database.xpm:9:1: warning: ISO C++11 does not allow conversion from string literal to 'char *' [-Wwritable-strings]
    9 | "& c #303030",
      | ^
/Users/otsunah/Documents/GitHub/VVDViewer/VVDViewer/fluorender/FluoRender/img/database.xpm:10:1: warning: ISO C++11 does not allow conversion from string literal to 'char *' [-Wwritable-strings]
   10 | "' c #686868",
      | ^
/Users/otsunah/Documents/GitHub/VVDViewer/VVDViewer/fluorender/FluoRender/img/database.xpm:11:1: warning: ISO C++11 does not allow conversion from string literal to 'char *' [-Wwritable-strings]
   11 | "( c #181818",
      | ^
/Users/otsunah/Documents/GitHub/VVDViewer/VVDViewer/fluorender/FluoRender/img/database.xpm:12:1: warning: ISO C++11 does not allow conversion from string literal to 'char *' [-Wwritable-strings]
   12 | ") c #d0d0d0",
      | ^
/Users/otsunah/Documents/GitHub/VVDViewer/VVDViewer/fluorender/FluoRender/img/database.xpm:13:1: warning: ISO C++11 does not allow conversion from string literal to 'char *' [-Wwritable-strings]
   13 | "* c #484848",
      | ^
/Users/otsunah/Documents/GitHub/VVDViewer/VVDViewer/fluorender/FluoRender/img/database.xpm:14:1: warning: ISO C++11 does not allow conversion from string literal to 'char *' [-Wwritable-strings]
   14 | "+ c #606060",
      | ^
/Users/otsunah/Documents/GitHub/VVDViewer/VVDViewer/fluorender/FluoRender/img/database.xpm:15:1: warning: ISO C++11 does not allow conversion from string literal to 'char *' [-Wwritable-strings]
   15 | ", c #101010",
      | ^
/Users/otsunah/Documents/GitHub/VVDViewer/VVDViewer/fluorender/FluoRender/img/database.xpm:16:1: warning: ISO C++11 does not allow conversion from string literal to 'char *' [-Wwritable-strings]
   16 | "- c #c0c0c0",
      | ^
/Users/otsunah/Documents/GitHub/VVDViewer/VVDViewer/fluorender/FluoRender/img/database.xpm:17:1: warning: ISO C++11 does not allow conversion from string literal to 'char *' [-Wwritable-strings]
   17 | ". c #404040",
      | ^
/Users/otsunah/Documents/GitHub/VVDViewer/VVDViewer/fluorender/FluoRender/img/database.xpm:18:1: warning: ISO C++11 does not allow conversion from string literal to 'char *' [-Wwritable-strings]
   18 | "/ c #909090",
      | ^
/Users/otsunah/Documents/GitHub/VVDViewer/VVDViewer/fluorender/FluoRender/img/database.xpm:19:1: warning: ISO C++11 does not allow conversion from string literal to 'char *' [-Wwritable-strings]
   19 | "0 c #282828",
      | ^
/Users/otsunah/Documents/GitHub/VVDViewer/VVDViewer/fluorender/FluoRender/img/database.xpm:20:1: warning: ISO C++11 does not allow conversion from string literal to 'char *' [-Wwritable-strings]
   20 | "1 c #e8e8e8",
      | ^
/Users/otsunah/Documents/GitHub/VVDViewer/VVDViewer/fluorender/FluoRender/img/database.xpm:21:1: warning: ISO C++11 does not allow conversion from string literal to 'char *' [-Wwritable-strings]
   21 | "2 c #585858",
      | ^
/Users/otsunah/Documents/GitHub/VVDViewer/VVDViewer/fluorender/FluoRender/img/database.xpm:22:1: warning: ISO C++11 does not allow conversion from string literal to 'char *' [-Wwritable-strings]
   22 | "3 c #b8b8b8",
      | ^
/Users/otsunah/Documents/GitHub/VVDViewer/VVDViewer/fluorender/FluoRender/img/database.xpm:23:1: warning: ISO C++11 does not allow conversion from string literal to 'char *' [-Wwritable-strings]
   23 | "4 c #383838",
      | ^
/Users/otsunah/Documents/GitHub/VVDViewer/VVDViewer/fluorender/FluoRender/img/database.xpm:24:1: warning: ISO C++11 does not allow conversion from string literal to 'char *' [-Wwritable-strings]
   24 | "5 c #808080",
      | ^
/Users/otsunah/Documents/GitHub/VVDViewer/VVDViewer/fluorender/FluoRender/img/database.xpm:25:1: warning: ISO C++11 does not allow conversion from string literal to 'char *' [-Wwritable-strings]
   25 | "6 c #202020",
      | ^
/Users/otsunah/Documents/GitHub/VVDViewer/VVDViewer/fluorender/FluoRender/img/database.xpm:26:1: warning: ISO C++11 does not allow conversion from string literal to 'char *' [-Wwritable-strings]
   26 | "7 c #e0e0e0",
      | ^
/Users/otsunah/Documents/GitHub/VVDViewer/VVDViewer/fluorender/FluoRender/img/database.xpm:27:1: warning: ISO C++11 does not allow conversion from string literal to 'char *' [-Wwritable-strings]
   27 | "8 c #c8c8c8",
      | ^
/Users/otsunah/Documents/GitHub/VVDViewer/VVDViewer/fluorender/FluoRender/img/database.xpm:28:1: warning: ISO C++11 does not allow conversion from string literal to 'char *' [-Wwritable-strings]
   28 | "9 c #989898",
      | ^
/Users/otsunah/Documents/GitHub/VVDViewer/VVDViewer/fluorender/FluoRender/img/database.xpm:29:1: warning: ISO C++11 does not allow conversion from string literal to 'char *' [-Wwritable-strings]
   29 | ": c #f0f0f0",
      | ^
/Users/otsunah/Documents/GitHub/VVDViewer/VVDViewer/fluorender/FluoRender/img/database.xpm:30:1: warning: ISO C++11 does not allow conversion from string literal to 'char *' [-Wwritable-strings]
   30 | "; c #b0b0b0",
      | ^
/Users/otsunah/Documents/GitHub/VVDViewer/VVDViewer/fluorender/FluoRender/img/database.xpm:31:1: warning: ISO C++11 does not allow conversion from string literal to 'char *' [-Wwritable-strings]
   31 | "< c #787878",
      | ^
/Users/otsunah/Documents/GitHub/VVDViewer/VVDViewer/fluorender/FluoRender/img/database.xpm:32:1: warning: ISO C++11 does not allow conversion from string literal to 'char *' [-Wwritable-strings]
   32 | "= c #888888",
      | ^
/Users/otsunah/Documents/GitHub/VVDViewer/VVDViewer/fluorender/FluoRender/img/database.xpm:33:1: warning: ISO C++11 does not allow conversion from string literal to 'char *' [-Wwritable-strings]
   33 | "> c #a8a8a8",
      | ^
/Users/otsunah/Documents/GitHub/VVDViewer/VVDViewer/fluorender/FluoRender/img/database.xpm:34:1: warning: ISO C++11 does not allow conversion from string literal to 'char *' [-Wwritable-strings]
   34 | "? c #707070",
      | ^
/Users/otsunah/Documents/GitHub/VVDViewer/VVDViewer/fluorender/FluoRender/img/database.xpm:35:1: warning: ISO C++11 does not allow conversion from string literal to 'char *' [-Wwritable-strings]
   35 | "$$$$$79+4(#  #(4+97$$$$$",
      | ^
/Users/otsunah/Documents/GitHub/VVDViewer/VVDViewer/fluorender/FluoRender/img/database.xpm:36:1: warning: ISO C++11 does not allow conversion from string literal to 'char *' [-Wwritable-strings]
   36 | "$$$8*              *8$$$",
      | ^
/Users/otsunah/Documents/GitHub/VVDViewer/VVDViewer/fluorender/FluoRender/img/database.xpm:37:1: warning: ISO C++11 does not allow conversion from string literal to 'char *' [-Wwritable-strings]
   37 | "$$3                  3$$",
      | ^
/Users/otsunah/Documents/GitHub/VVDViewer/VVDViewer/fluorender/FluoRender/img/database.xpm:38:1: warning: ISO C++11 does not allow conversion from string literal to 'char *' [-Wwritable-strings]
   38 | "$$2                  2$$",
      | ^
/Users/otsunah/Documents/GitHub/VVDViewer/VVDViewer/fluorender/FluoRender/img/database.xpm:39:1: warning: ISO C++11 does not allow conversion from string literal to 'char *' [-Wwritable-strings]
   39 | "$$3#                #3$$",
      | ^
/Users/otsunah/Documents/GitHub/VVDViewer/VVDViewer/fluorender/FluoRender/img/database.xpm:40:1: warning: ISO C++11 does not allow conversion from string literal to 'char *' [-Wwritable-strings]
   40 | "$$$)*              *)$$$",
      | ^
/Users/otsunah/Documents/GitHub/VVDViewer/VVDViewer/fluorender/FluoRender/img/database.xpm:41:1: warning: ISO C++11 does not allow conversion from string literal to 'char *' [-Wwritable-strings]
   41 | "$$8$$1%'.6,  ,6.'%1$$8$$",
      | ^
/Users/otsunah/Documents/GitHub/VVDViewer/VVDViewer/fluorender/FluoRender/img/database.xpm:42:1: warning: ISO C++11 does not allow conversion from string literal to 'char *' [-Wwritable-strings]
   42 | "$$!0/7$$$$$$$$$$$$7/0!$$",
      | ^
/Users/otsunah/Documents/GitHub/VVDViewer/VVDViewer/fluorender/FluoRender/img/database.xpm:43:1: warning: ISO C++11 does not allow conversion from string literal to 'char *' [-Wwritable-strings]
   43 | "$$!   62<9>;;>9<26   !$$",
      | ^
/Users/otsunah/Documents/GitHub/VVDViewer/VVDViewer/fluorender/FluoRender/img/database.xpm:44:1: warning: ISO C++11 does not allow conversion from string literal to 'char *' [-Wwritable-strings]
   44 | "$$+                  +$$",
      | ^
/Users/otsunah/Documents/GitHub/VVDViewer/VVDViewer/fluorender/FluoRender/img/database.xpm:45:1: warning: ISO C++11 does not allow conversion from string literal to 'char *' [-Wwritable-strings]
   45 | "$$7&                &7$$",
      | ^
/Users/otsunah/Documents/GitHub/VVDViewer/VVDViewer/fluorender/FluoRender/img/database.xpm:46:1: warning: ISO C++11 does not allow conversion from string literal to 'char *' [-Wwritable-strings]
   46 | "$$$$%.            .%$$$$",
      | ^
/Users/otsunah/Documents/GitHub/VVDViewer/VVDViewer/fluorender/FluoRender/img/database.xpm:47:1: warning: ISO C++11 does not allow conversion from string literal to 'char *' [-Wwritable-strings]
   47 | "$$/)$$:-/?+22+?/-:$$)/$$",
      | ^
/Users/otsunah/Documents/GitHub/VVDViewer/VVDViewer/fluorender/FluoRender/img/database.xpm:48:1: warning: ISO C++11 does not allow conversion from string literal to 'char *' [-Wwritable-strings]
   48 | "$$! 4=)$$$$$$$$$$)=4 !$$",
      | ^
/Users/otsunah/Documents/GitHub/VVDViewer/VVDViewer/fluorender/FluoRender/img/database.xpm:49:1: warning: ISO C++11 does not allow conversion from string literal to 'char *' [-Wwritable-strings]
   49 | "$$!    #0.2++2.0#    !$$",
      | ^
/Users/otsunah/Documents/GitHub/VVDViewer/VVDViewer/fluorender/FluoRender/img/database.xpm:50:1: warning: ISO C++11 does not allow conversion from string literal to 'char *' [-Wwritable-strings]
   50 | "$$=                  =$$",
      | ^
/Users/otsunah/Documents/GitHub/VVDViewer/VVDViewer/fluorender/FluoRender/img/database.xpm:51:1: warning: ISO C++11 does not allow conversion from string literal to 'char *' [-Wwritable-strings]
   51 | "$$$5#              #5$$$",
      | ^
/Users/otsunah/Documents/GitHub/VVDViewer/VVDViewer/fluorender/FluoRender/img/database.xpm:52:1: warning: ISO C++11 does not allow conversion from string literal to 'char *' [-Wwritable-strings]
   52 | "$$:$19*,        ,*91$:$$",
      | ^
/Users/otsunah/Documents/GitHub/VVDViewer/VVDViewer/fluorender/FluoRender/img/database.xpm:53:1: warning: ISO C++11 does not allow conversion from string literal to 'char *' [-Wwritable-strings]
   53 | "$$2<7$$$183;;381$$$7<2$$",
      | ^
/Users/otsunah/Documents/GitHub/VVDViewer/VVDViewer/fluorender/FluoRender/img/database.xpm:54:1: warning: ISO C++11 does not allow conversion from string literal to 'char *' [-Wwritable-strings]
   54 | "$$!  4<>):$$$$:)><4  !$$",
      | ^
/Users/otsunah/Documents/GitHub/VVDViewer/VVDViewer/fluorender/FluoRender/img/database.xpm:55:1: warning: ISO C++11 does not allow conversion from string literal to 'char *' [-Wwritable-strings]
   55 | "$$!        ##        !$$",
      | ^
/Users/otsunah/Documents/GitHub/VVDViewer/VVDViewer/fluorender/FluoRender/img/database.xpm:56:1: warning: ISO C++11 does not allow conversion from string literal to 'char *' [-Wwritable-strings]
   56 | "$$3                  3$$",
      | ^
/Users/otsunah/Documents/GitHub/VVDViewer/VVDViewer/fluorender/FluoRender/img/database.xpm:57:1: warning: ISO C++11 does not allow conversion from string literal to 'char *' [-Wwritable-strings]
   57 | "$$$8*              *8$$$",
      | ^
/Users/otsunah/Documents/GitHub/VVDViewer/VVDViewer/fluorender/FluoRender/img/database.xpm:58:1: warning: ISO C++11 does not allow conversion from string literal to 'char *' [-Wwritable-strings]
   58 | "$$$$$79+4(#  #(4+97$$$$$"};
      | ^
150 warnings generated.
[22/74] Building CXX object CMakeFiles/VVDMainFrame.dir/fluorender/FluoRender/AdjustView.cpp.o
In file included from /Users/otsunah/Documents/GitHub/VVDViewer/VVDViewer/fluorender/FluoRender/AdjustView.cpp:1:
In file included from /Users/otsunah/Documents/GitHub/VVDViewer/VVDViewer/fluorender/FluoRender/AdjustView.h:2:
In file included from /Users/otsunah/Documents/GitHub/VVDViewer/VVDViewer/fluorender/FluoRender/DataManager.h:29:
/Users/otsunah/Documents/GitHub/VVDViewer/VVDViewer/fluorender/FluoRender/compatibility.h:364:28: warning: 'codecvt_utf8_utf16<wchar_t>' is deprecated [-Wdeprecated-declarations]
  364 |         std::wstring_convert<std::codecvt_utf8_utf16<wchar_t>, wchar_t> converter;
      |                                   ^
/Library/Developer/CommandLineTools/SDKs/MacOSX.sdk/usr/include/c++/v1/codecvt:568:28: note: 'codecvt_utf8_utf16<wchar_t>' has been explicitly marked deprecated here
  568 | class _LIBCPP_TEMPLATE_VIS _LIBCPP_DEPRECATED_IN_CXX17 codecvt_utf8_utf16 : public __codecvt_utf8_utf16<_Elem> {
      |                            ^
/Library/Developer/CommandLineTools/SDKs/MacOSX.sdk/usr/include/c++/v1/__config:731:41: note: expanded from macro '_LIBCPP_DEPRECATED_IN_CXX17'
  731 | #    define _LIBCPP_DEPRECATED_IN_CXX17 _LIBCPP_DEPRECATED
      |                                         ^
/Library/Developer/CommandLineTools/SDKs/MacOSX.sdk/usr/include/c++/v1/__config:696:49: note: expanded from macro '_LIBCPP_DEPRECATED'
  696 | #      define _LIBCPP_DEPRECATED __attribute__((__deprecated__))
      |                                                 ^
In file included from /Users/otsunah/Documents/GitHub/VVDViewer/VVDViewer/fluorender/FluoRender/AdjustView.cpp:1:
In file included from /Users/otsunah/Documents/GitHub/VVDViewer/VVDViewer/fluorender/FluoRender/AdjustView.h:2:
In file included from /Users/otsunah/Documents/GitHub/VVDViewer/VVDViewer/fluorender/FluoRender/DataManager.h:29:
/Users/otsunah/Documents/GitHub/VVDViewer/VVDViewer/fluorender/FluoRender/compatibility.h:364:7: warning: 'wstring_convert<std::codecvt_utf8_utf16<wchar_t>>' is deprecated [-Wdeprecated-declarations]
  364 |         std::wstring_convert<std::codecvt_utf8_utf16<wchar_t>, wchar_t> converter;
      |              ^
/Library/Developer/CommandLineTools/SDKs/MacOSX.sdk/usr/include/c++/v1/locale:3145:28: note: 'wstring_convert<std::codecvt_utf8_utf16<wchar_t>>' has been explicitly marked deprecated here
 3145 | class _LIBCPP_TEMPLATE_VIS _LIBCPP_DEPRECATED_IN_CXX17 wstring_convert {
      |                            ^
/Library/Developer/CommandLineTools/SDKs/MacOSX.sdk/usr/include/c++/v1/__config:731:41: note: expanded from macro '_LIBCPP_DEPRECATED_IN_CXX17'
  731 | #    define _LIBCPP_DEPRECATED_IN_CXX17 _LIBCPP_DEPRECATED
      |                                         ^
/Library/Developer/CommandLineTools/SDKs/MacOSX.sdk/usr/include/c++/v1/__config:696:49: note: expanded from macro '_LIBCPP_DEPRECATED'
  696 | #      define _LIBCPP_DEPRECATED __attribute__((__deprecated__))
      |                                                 ^
In file included from /Users/otsunah/Documents/GitHub/VVDViewer/VVDViewer/fluorender/FluoRender/AdjustView.cpp:1:
In file included from /Users/otsunah/Documents/GitHub/VVDViewer/VVDViewer/fluorender/FluoRender/AdjustView.h:2:
In file included from /Users/otsunah/Documents/GitHub/VVDViewer/VVDViewer/fluorender/FluoRender/DataManager.h:29:
/Users/otsunah/Documents/GitHub/VVDViewer/VVDViewer/fluorender/FluoRender/compatibility.h:370:28: warning: 'codecvt_utf8_utf16<wchar_t>' is deprecated [-Wdeprecated-declarations]
  370 |         std::wstring_convert<std::codecvt_utf8_utf16<wchar_t>, wchar_t> converter;
      |                                   ^
/Library/Developer/CommandLineTools/SDKs/MacOSX.sdk/usr/include/c++/v1/codecvt:568:28: note: 'codecvt_utf8_utf16<wchar_t>' has been explicitly marked deprecated here
  568 | class _LIBCPP_TEMPLATE_VIS _LIBCPP_DEPRECATED_IN_CXX17 codecvt_utf8_utf16 : public __codecvt_utf8_utf16<_Elem> {
      |                            ^
/Library/Developer/CommandLineTools/SDKs/MacOSX.sdk/usr/include/c++/v1/__config:731:41: note: expanded from macro '_LIBCPP_DEPRECATED_IN_CXX17'
  731 | #    define _LIBCPP_DEPRECATED_IN_CXX17 _LIBCPP_DEPRECATED
      |                                         ^
/Library/Developer/CommandLineTools/SDKs/MacOSX.sdk/usr/include/c++/v1/__config:696:49: note: expanded from macro '_LIBCPP_DEPRECATED'
  696 | #      define _LIBCPP_DEPRECATED __attribute__((__deprecated__))
      |                                                 ^
In file included from /Users/otsunah/Documents/GitHub/VVDViewer/VVDViewer/fluorender/FluoRender/AdjustView.cpp:1:
In file included from /Users/otsunah/Documents/GitHub/VVDViewer/VVDViewer/fluorender/FluoRender/AdjustView.h:2:
In file included from /Users/otsunah/Documents/GitHub/VVDViewer/VVDViewer/fluorender/FluoRender/DataManager.h:29:
/Users/otsunah/Documents/GitHub/VVDViewer/VVDViewer/fluorender/FluoRender/compatibility.h:370:7: warning: 'wstring_convert<std::codecvt_utf8_utf16<wchar_t>>' is deprecated [-Wdeprecated-declarations]
  370 |         std::wstring_convert<std::codecvt_utf8_utf16<wchar_t>, wchar_t> converter;
      |              ^
/Library/Developer/CommandLineTools/SDKs/MacOSX.sdk/usr/include/c++/v1/locale:3145:28: note: 'wstring_convert<std::codecvt_utf8_utf16<wchar_t>>' has been explicitly marked deprecated here
 3145 | class _LIBCPP_TEMPLATE_VIS _LIBCPP_DEPRECATED_IN_CXX17 wstring_convert {
      |                            ^
/Library/Developer/CommandLineTools/SDKs/MacOSX.sdk/usr/include/c++/v1/__config:731:41: note: expanded from macro '_LIBCPP_DEPRECATED_IN_CXX17'
  731 | #    define _LIBCPP_DEPRECATED_IN_CXX17 _LIBCPP_DEPRECATED
      |                                         ^
/Library/Developer/CommandLineTools/SDKs/MacOSX.sdk/usr/include/c++/v1/__config:696:49: note: expanded from macro '_LIBCPP_DEPRECATED'
  696 | #      define _LIBCPP_DEPRECATED __attribute__((__deprecated__))
      |                                                 ^
In file included from /Users/otsunah/Documents/GitHub/VVDViewer/VVDViewer/fluorender/FluoRender/AdjustView.cpp:1:
In file included from /Users/otsunah/Documents/GitHub/VVDViewer/VVDViewer/fluorender/FluoRender/AdjustView.h:2:
In file included from /Users/otsunah/Documents/GitHub/VVDViewer/VVDViewer/fluorender/FluoRender/DataManager.h:29:
/Users/otsunah/Documents/GitHub/VVDViewer/VVDViewer/fluorender/FluoRender/compatibility.h:411:10: warning: 'vsprintf' is deprecated: This function is provided for compatibility reasons only.  Due to security concerns inherent in the design of sprintf(3), it is highly recommended that you use vsnprintf(3) instead. [-Wdeprecated-declarations]
  411 |         int r = vsprintf(buf, fmt, args);
      |                 ^
/Library/Developer/CommandLineTools/SDKs/MacOSX.sdk/usr/include/_stdio.h:298:1: note: 'vsprintf' has been explicitly marked deprecated here
  298 | __deprecated_msg("This function is provided for compatibility reasons only.  Due to security concerns inherent in the design of sprintf(3), it is highly recommended that you use vsnprintf(3) instead.")
      | ^
/Library/Developer/CommandLineTools/SDKs/MacOSX.sdk/usr/include/sys/cdefs.h:218:48: note: expanded from macro '__deprecated_msg'
  218 |         #define __deprecated_msg(_msg) __attribute__((__deprecated__(_msg)))
      |                                                       ^
In file included from /Users/otsunah/Documents/GitHub/VVDViewer/VVDViewer/fluorender/FluoRender/AdjustView.cpp:1:
In file included from /Users/otsunah/Documents/GitHub/VVDViewer/VVDViewer/fluorender/FluoRender/AdjustView.h:2:
In file included from /Users/otsunah/Documents/GitHub/VVDViewer/VVDViewer/fluorender/FluoRender/DataManager.h:38:
In file included from /Users/otsunah/Documents/GitHub/VVDViewer/VVDViewer/fluorender/FluoRender/FLIVR/MeshRenderer.h:33:
In file included from /Users/otsunah/Documents/GitHub/VVDViewer/VVDViewer/fluorender/FluoRender/FLIVR/MshShader.h:37:
In file included from /Users/otsunah/Documents/GitHub/VVDViewer/VVDViewer/fluorender/FluoRender/Vulkan/VulkanDevice.hpp:23:
/Users/otsunah/Documents/GitHub/VVDViewer/VVDViewer/fluorender/FluoRender/FLIVR/TextureBrick.h:129:7: warning: cannot delete expression with pointer-to-'void' type 'void *' [-Wdelete-incomplete]
  129 |                                                 delete[] m_nrrd->data;
      |                                                 ^        ~~~~~~~~~~~~
In file included from /Users/otsunah/Documents/GitHub/VVDViewer/VVDViewer/fluorender/FluoRender/AdjustView.cpp:1:
In file included from /Users/otsunah/Documents/GitHub/VVDViewer/VVDViewer/fluorender/FluoRender/AdjustView.h:2:
In file included from /Users/otsunah/Documents/GitHub/VVDViewer/VVDViewer/fluorender/FluoRender/DataManager.h:38:
In file included from /Users/otsunah/Documents/GitHub/VVDViewer/VVDViewer/fluorender/FluoRender/FLIVR/MeshRenderer.h:38:
/Users/otsunah/Documents/GitHub/VVDViewer/VVDViewer/fluorender/FluoRender/VVulkan.h:2:9: warning: 'GLM_FORCE_DEPTH_ZERO_TO_ONE' macro redefined [-Wmacro-redefined]
    2 | #define GLM_FORCE_DEPTH_ZERO_TO_ONE
      |         ^
<command line>:9:9: note: previous definition is here
    9 | #define GLM_FORCE_DEPTH_ZERO_TO_ONE 1
      |         ^
In file included from /Users/otsunah/Documents/GitHub/VVDViewer/VVDViewer/fluorender/FluoRender/AdjustView.cpp:1:
In file included from /Users/otsunah/Documents/GitHub/VVDViewer/VVDViewer/fluorender/FluoRender/AdjustView.h:2:
In file included from /Users/otsunah/Documents/GitHub/VVDViewer/VVDViewer/fluorender/FluoRender/DataManager.h:59:
/Users/otsunah/Documents/GitHub/VVDViewer/VVDViewer/fluorender/FluoRender/Formats/brkxml_reader.h:100:21: warning: cannot delete expression with pointer-to-'void' type 'void *' [-Wdelete-incomplete]
  100 |                     delete[] m_data;
      |                     ^        ~~~~~~
In file included from /Users/otsunah/Documents/GitHub/VVDViewer/VVDViewer/fluorender/FluoRender/AdjustView.cpp:2:
In file included from /Users/otsunah/Documents/GitHub/VVDViewer/VVDViewer/fluorender/FluoRender/VRenderFrame.h:49:
/Users/otsunah/Documents/GitHub/VVDViewer/VVDViewer/fluorender/FluoRender/MeasureDlg.h:125:9: warning: 'GetSizeAvailableForScrollTarget' overrides a member function but is not marked 'override' [-Winconsistent-missing-override]
  125 |         wxSize GetSizeAvailableForScrollTarget(const wxSize& size) {
      |                ^
/Users/otsunah/Documents/GitHub/VVDViewer/VVDViewer/build/vcpkg_installed/arm64-osx-vvd/include/wx-3.3/wx/generic/listctrl.h:228:20: note: overridden virtual function is here
  228 |     virtual wxSize GetSizeAvailableForScrollTarget(const wxSize& size) override;
      |                    ^
9 warnings generated.
[23/74] Building CXX object CMakeFiles/VVDMainFrame.dir/fluorender/FluoRender/TextureAtlas.cpp.o
In file included from /Users/otsunah/Documents/GitHub/VVDViewer/VVDViewer/fluorender/FluoRender/TextureAtlas.cpp:5:
In file included from /Users/otsunah/Documents/GitHub/VVDViewer/VVDViewer/fluorender/FluoRender/TextureAtlas.h:8:
In file included from /Users/otsunah/Documents/GitHub/VVDViewer/VVDViewer/fluorender/FluoRender/Vulkan/VulkanDevice.hpp:23:
/Users/otsunah/Documents/GitHub/VVDViewer/VVDViewer/fluorender/FluoRender/FLIVR/TextureBrick.h:129:7: warning: cannot delete expression with pointer-to-'void' type 'void *' [-Wdelete-incomplete]
  129 |                                                 delete[] m_nrrd->data;
      |                                                 ^        ~~~~~~~~~~~~
1 warning generated.
[24/74] Building CXX object CMakeFiles/VVDMainFrame.dir/fluorender/FluoRender/BrushToolDlg.cpp.o
In file included from /Users/otsunah/Documents/GitHub/VVDViewer/VVDViewer/fluorender/FluoRender/BrushToolDlg.cpp:2:
In file included from /Users/otsunah/Documents/GitHub/VVDViewer/VVDViewer/fluorender/FluoRender/VRenderFrame.h:29:
In file included from /Users/otsunah/Documents/GitHub/VVDViewer/VVDViewer/fluorender/FluoRender/DataManager.h:29:
/Users/otsunah/Documents/GitHub/VVDViewer/VVDViewer/fluorender/FluoRender/compatibility.h:364:28: warning: 'codecvt_utf8_utf16<wchar_t>' is deprecated [-Wdeprecated-declarations]
  364 |         std::wstring_convert<std::codecvt_utf8_utf16<wchar_t>, wchar_t> converter;
      |                                   ^
/Library/Developer/CommandLineTools/SDKs/MacOSX.sdk/usr/include/c++/v1/codecvt:568:28: note: 'codecvt_utf8_utf16<wchar_t>' has been explicitly marked deprecated here
  568 | class _LIBCPP_TEMPLATE_VIS _LIBCPP_DEPRECATED_IN_CXX17 codecvt_utf8_utf16 : public __codecvt_utf8_utf16<_Elem> {
      |                            ^
/Library/Developer/CommandLineTools/SDKs/MacOSX.sdk/usr/include/c++/v1/__config:731:41: note: expanded from macro '_LIBCPP_DEPRECATED_IN_CXX17'
  731 | #    define _LIBCPP_DEPRECATED_IN_CXX17 _LIBCPP_DEPRECATED
      |                                         ^
/Library/Developer/CommandLineTools/SDKs/MacOSX.sdk/usr/include/c++/v1/__config:696:49: note: expanded from macro '_LIBCPP_DEPRECATED'
  696 | #      define _LIBCPP_DEPRECATED __attribute__((__deprecated__))
      |                                                 ^
In file included from /Users/otsunah/Documents/GitHub/VVDViewer/VVDViewer/fluorender/FluoRender/BrushToolDlg.cpp:2:
In file included from /Users/otsunah/Documents/GitHub/VVDViewer/VVDViewer/fluorender/FluoRender/VRenderFrame.h:29:
In file included from /Users/otsunah/Documents/GitHub/VVDViewer/VVDViewer/fluorender/FluoRender/DataManager.h:29:
/Users/otsunah/Documents/GitHub/VVDViewer/VVDViewer/fluorender/FluoRender/compatibility.h:364:7: warning: 'wstring_convert<std::codecvt_utf8_utf16<wchar_t>>' is deprecated [-Wdeprecated-declarations]
  364 |         std::wstring_convert<std::codecvt_utf8_utf16<wchar_t>, wchar_t> converter;
      |              ^
/Library/Developer/CommandLineTools/SDKs/MacOSX.sdk/usr/include/c++/v1/locale:3145:28: note: 'wstring_convert<std::codecvt_utf8_utf16<wchar_t>>' has been explicitly marked deprecated here
 3145 | class _LIBCPP_TEMPLATE_VIS _LIBCPP_DEPRECATED_IN_CXX17 wstring_convert {
      |                            ^
/Library/Developer/CommandLineTools/SDKs/MacOSX.sdk/usr/include/c++/v1/__config:731:41: note: expanded from macro '_LIBCPP_DEPRECATED_IN_CXX17'
  731 | #    define _LIBCPP_DEPRECATED_IN_CXX17 _LIBCPP_DEPRECATED
      |                                         ^
/Library/Developer/CommandLineTools/SDKs/MacOSX.sdk/usr/include/c++/v1/__config:696:49: note: expanded from macro '_LIBCPP_DEPRECATED'
  696 | #      define _LIBCPP_DEPRECATED __attribute__((__deprecated__))
      |                                                 ^
In file included from /Users/otsunah/Documents/GitHub/VVDViewer/VVDViewer/fluorender/FluoRender/BrushToolDlg.cpp:2:
In file included from /Users/otsunah/Documents/GitHub/VVDViewer/VVDViewer/fluorender/FluoRender/VRenderFrame.h:29:
In file included from /Users/otsunah/Documents/GitHub/VVDViewer/VVDViewer/fluorender/FluoRender/DataManager.h:29:
/Users/otsunah/Documents/GitHub/VVDViewer/VVDViewer/fluorender/FluoRender/compatibility.h:370:28: warning: 'codecvt_utf8_utf16<wchar_t>' is deprecated [-Wdeprecated-declarations]
  370 |         std::wstring_convert<std::codecvt_utf8_utf16<wchar_t>, wchar_t> converter;
      |                                   ^
/Library/Developer/CommandLineTools/SDKs/MacOSX.sdk/usr/include/c++/v1/codecvt:568:28: note: 'codecvt_utf8_utf16<wchar_t>' has been explicitly marked deprecated here
  568 | class _LIBCPP_TEMPLATE_VIS _LIBCPP_DEPRECATED_IN_CXX17 codecvt_utf8_utf16 : public __codecvt_utf8_utf16<_Elem> {
      |                            ^
/Library/Developer/CommandLineTools/SDKs/MacOSX.sdk/usr/include/c++/v1/__config:731:41: note: expanded from macro '_LIBCPP_DEPRECATED_IN_CXX17'
  731 | #    define _LIBCPP_DEPRECATED_IN_CXX17 _LIBCPP_DEPRECATED
      |                                         ^
/Library/Developer/CommandLineTools/SDKs/MacOSX.sdk/usr/include/c++/v1/__config:696:49: note: expanded from macro '_LIBCPP_DEPRECATED'
  696 | #      define _LIBCPP_DEPRECATED __attribute__((__deprecated__))
      |                                                 ^
In file included from /Users/otsunah/Documents/GitHub/VVDViewer/VVDViewer/fluorender/FluoRender/BrushToolDlg.cpp:2:
In file included from /Users/otsunah/Documents/GitHub/VVDViewer/VVDViewer/fluorender/FluoRender/VRenderFrame.h:29:
In file included from /Users/otsunah/Documents/GitHub/VVDViewer/VVDViewer/fluorender/FluoRender/DataManager.h:29:
/Users/otsunah/Documents/GitHub/VVDViewer/VVDViewer/fluorender/FluoRender/compatibility.h:370:7: warning: 'wstring_convert<std::codecvt_utf8_utf16<wchar_t>>' is deprecated [-Wdeprecated-declarations]
  370 |         std::wstring_convert<std::codecvt_utf8_utf16<wchar_t>, wchar_t> converter;
      |              ^
/Library/Developer/CommandLineTools/SDKs/MacOSX.sdk/usr/include/c++/v1/locale:3145:28: note: 'wstring_convert<std::codecvt_utf8_utf16<wchar_t>>' has been explicitly marked deprecated here
 3145 | class _LIBCPP_TEMPLATE_VIS _LIBCPP_DEPRECATED_IN_CXX17 wstring_convert {
      |                            ^
/Library/Developer/CommandLineTools/SDKs/MacOSX.sdk/usr/include/c++/v1/__config:731:41: note: expanded from macro '_LIBCPP_DEPRECATED_IN_CXX17'
  731 | #    define _LIBCPP_DEPRECATED_IN_CXX17 _LIBCPP_DEPRECATED
      |                                         ^
/Library/Developer/CommandLineTools/SDKs/MacOSX.sdk/usr/include/c++/v1/__config:696:49: note: expanded from macro '_LIBCPP_DEPRECATED'
  696 | #      define _LIBCPP_DEPRECATED __attribute__((__deprecated__))
      |                                                 ^
In file included from /Users/otsunah/Documents/GitHub/VVDViewer/VVDViewer/fluorender/FluoRender/BrushToolDlg.cpp:2:
In file included from /Users/otsunah/Documents/GitHub/VVDViewer/VVDViewer/fluorender/FluoRender/VRenderFrame.h:29:
In file included from /Users/otsunah/Documents/GitHub/VVDViewer/VVDViewer/fluorender/FluoRender/DataManager.h:29:
/Users/otsunah/Documents/GitHub/VVDViewer/VVDViewer/fluorender/FluoRender/compatibility.h:411:10: warning: 'vsprintf' is deprecated: This function is provided for compatibility reasons only.  Due to security concerns inherent in the design of sprintf(3), it is highly recommended that you use vsnprintf(3) instead. [-Wdeprecated-declarations]
  411 |         int r = vsprintf(buf, fmt, args);
      |                 ^
/Library/Developer/CommandLineTools/SDKs/MacOSX.sdk/usr/include/_stdio.h:298:1: note: 'vsprintf' has been explicitly marked deprecated here
  298 | __deprecated_msg("This function is provided for compatibility reasons only.  Due to security concerns inherent in the design of sprintf(3), it is highly recommended that you use vsnprintf(3) instead.")
      | ^
/Library/Developer/CommandLineTools/SDKs/MacOSX.sdk/usr/include/sys/cdefs.h:218:48: note: expanded from macro '__deprecated_msg'
  218 |         #define __deprecated_msg(_msg) __attribute__((__deprecated__(_msg)))
      |                                                       ^
In file included from /Users/otsunah/Documents/GitHub/VVDViewer/VVDViewer/fluorender/FluoRender/BrushToolDlg.cpp:2:
In file included from /Users/otsunah/Documents/GitHub/VVDViewer/VVDViewer/fluorender/FluoRender/VRenderFrame.h:29:
In file included from /Users/otsunah/Documents/GitHub/VVDViewer/VVDViewer/fluorender/FluoRender/DataManager.h:38:
In file included from /Users/otsunah/Documents/GitHub/VVDViewer/VVDViewer/fluorender/FluoRender/FLIVR/MeshRenderer.h:33:
In file included from /Users/otsunah/Documents/GitHub/VVDViewer/VVDViewer/fluorender/FluoRender/FLIVR/MshShader.h:37:
In file included from /Users/otsunah/Documents/GitHub/VVDViewer/VVDViewer/fluorender/FluoRender/Vulkan/VulkanDevice.hpp:23:
/Users/otsunah/Documents/GitHub/VVDViewer/VVDViewer/fluorender/FluoRender/FLIVR/TextureBrick.h:129:7: warning: cannot delete expression with pointer-to-'void' type 'void *' [-Wdelete-incomplete]
  129 |                                                 delete[] m_nrrd->data;
      |                                                 ^        ~~~~~~~~~~~~
In file included from /Users/otsunah/Documents/GitHub/VVDViewer/VVDViewer/fluorender/FluoRender/BrushToolDlg.cpp:2:
In file included from /Users/otsunah/Documents/GitHub/VVDViewer/VVDViewer/fluorender/FluoRender/VRenderFrame.h:29:
In file included from /Users/otsunah/Documents/GitHub/VVDViewer/VVDViewer/fluorender/FluoRender/DataManager.h:38:
In file included from /Users/otsunah/Documents/GitHub/VVDViewer/VVDViewer/fluorender/FluoRender/FLIVR/MeshRenderer.h:38:
/Users/otsunah/Documents/GitHub/VVDViewer/VVDViewer/fluorender/FluoRender/VVulkan.h:2:9: warning: 'GLM_FORCE_DEPTH_ZERO_TO_ONE' macro redefined [-Wmacro-redefined]
    2 | #define GLM_FORCE_DEPTH_ZERO_TO_ONE
      |         ^
<command line>:9:9: note: previous definition is here
    9 | #define GLM_FORCE_DEPTH_ZERO_TO_ONE 1
      |         ^
In file included from /Users/otsunah/Documents/GitHub/VVDViewer/VVDViewer/fluorender/FluoRender/BrushToolDlg.cpp:2:
In file included from /Users/otsunah/Documents/GitHub/VVDViewer/VVDViewer/fluorender/FluoRender/VRenderFrame.h:29:
In file included from /Users/otsunah/Documents/GitHub/VVDViewer/VVDViewer/fluorender/FluoRender/DataManager.h:59:
/Users/otsunah/Documents/GitHub/VVDViewer/VVDViewer/fluorender/FluoRender/Formats/brkxml_reader.h:100:21: warning: cannot delete expression with pointer-to-'void' type 'void *' [-Wdelete-incomplete]
  100 |                     delete[] m_data;
      |                     ^        ~~~~~~
In file included from /Users/otsunah/Documents/GitHub/VVDViewer/VVDViewer/fluorender/FluoRender/BrushToolDlg.cpp:2:
In file included from /Users/otsunah/Documents/GitHub/VVDViewer/VVDViewer/fluorender/FluoRender/VRenderFrame.h:49:
/Users/otsunah/Documents/GitHub/VVDViewer/VVDViewer/fluorender/FluoRender/MeasureDlg.h:125:9: warning: 'GetSizeAvailableForScrollTarget' overrides a member function but is not marked 'override' [-Winconsistent-missing-override]
  125 |         wxSize GetSizeAvailableForScrollTarget(const wxSize& size) {
      |                ^
/Users/otsunah/Documents/GitHub/VVDViewer/VVDViewer/build/vcpkg_installed/arm64-osx-vvd/include/wx-3.3/wx/generic/listctrl.h:228:20: note: overridden virtual function is here
  228 |     virtual wxSize GetSizeAvailableForScrollTarget(const wxSize& size) override;
      |                    ^
9 warnings generated.
[25/74] Building CXX object CMakeFiles/VVDMainFrame.dir/fluorender/FluoRender/bitmap_fonts.cpp.o
[26/74] Building CXX object CMakeFiles/VVDMainFrame.dir/fluorender/FluoRender/ClippingView.cpp.o
In file included from /Users/otsunah/Documents/GitHub/VVDViewer/VVDViewer/fluorender/FluoRender/ClippingView.cpp:28:
In file included from /Users/otsunah/Documents/GitHub/VVDViewer/VVDViewer/fluorender/FluoRender/ClippingView.h:29:
In file included from /Users/otsunah/Documents/GitHub/VVDViewer/VVDViewer/fluorender/FluoRender/DataManager.h:29:
/Users/otsunah/Documents/GitHub/VVDViewer/VVDViewer/fluorender/FluoRender/compatibility.h:364:28: warning: 'codecvt_utf8_utf16<wchar_t>' is deprecated [-Wdeprecated-declarations]
  364 |         std::wstring_convert<std::codecvt_utf8_utf16<wchar_t>, wchar_t> converter;
      |                                   ^
/Library/Developer/CommandLineTools/SDKs/MacOSX.sdk/usr/include/c++/v1/codecvt:568:28: note: 'codecvt_utf8_utf16<wchar_t>' has been explicitly marked deprecated here
  568 | class _LIBCPP_TEMPLATE_VIS _LIBCPP_DEPRECATED_IN_CXX17 codecvt_utf8_utf16 : public __codecvt_utf8_utf16<_Elem> {
      |                            ^
/Library/Developer/CommandLineTools/SDKs/MacOSX.sdk/usr/include/c++/v1/__config:731:41: note: expanded from macro '_LIBCPP_DEPRECATED_IN_CXX17'
  731 | #    define _LIBCPP_DEPRECATED_IN_CXX17 _LIBCPP_DEPRECATED
      |                                         ^
/Library/Developer/CommandLineTools/SDKs/MacOSX.sdk/usr/include/c++/v1/__config:696:49: note: expanded from macro '_LIBCPP_DEPRECATED'
  696 | #      define _LIBCPP_DEPRECATED __attribute__((__deprecated__))
      |                                                 ^
In file included from /Users/otsunah/Documents/GitHub/VVDViewer/VVDViewer/fluorender/FluoRender/ClippingView.cpp:28:
In file included from /Users/otsunah/Documents/GitHub/VVDViewer/VVDViewer/fluorender/FluoRender/ClippingView.h:29:
In file included from /Users/otsunah/Documents/GitHub/VVDViewer/VVDViewer/fluorender/FluoRender/DataManager.h:29:
/Users/otsunah/Documents/GitHub/VVDViewer/VVDViewer/fluorender/FluoRender/compatibility.h:364:7: warning: 'wstring_convert<std::codecvt_utf8_utf16<wchar_t>>' is deprecated [-Wdeprecated-declarations]
  364 |         std::wstring_convert<std::codecvt_utf8_utf16<wchar_t>, wchar_t> converter;
      |              ^
/Library/Developer/CommandLineTools/SDKs/MacOSX.sdk/usr/include/c++/v1/locale:3145:28: note: 'wstring_convert<std::codecvt_utf8_utf16<wchar_t>>' has been explicitly marked deprecated here
 3145 | class _LIBCPP_TEMPLATE_VIS _LIBCPP_DEPRECATED_IN_CXX17 wstring_convert {
      |                            ^
/Library/Developer/CommandLineTools/SDKs/MacOSX.sdk/usr/include/c++/v1/__config:731:41: note: expanded from macro '_LIBCPP_DEPRECATED_IN_CXX17'
  731 | #    define _LIBCPP_DEPRECATED_IN_CXX17 _LIBCPP_DEPRECATED
      |                                         ^
/Library/Developer/CommandLineTools/SDKs/MacOSX.sdk/usr/include/c++/v1/__config:696:49: note: expanded from macro '_LIBCPP_DEPRECATED'
  696 | #      define _LIBCPP_DEPRECATED __attribute__((__deprecated__))
      |                                                 ^
In file included from /Users/otsunah/Documents/GitHub/VVDViewer/VVDViewer/fluorender/FluoRender/ClippingView.cpp:28:
In file included from /Users/otsunah/Documents/GitHub/VVDViewer/VVDViewer/fluorender/FluoRender/ClippingView.h:29:
In file included from /Users/otsunah/Documents/GitHub/VVDViewer/VVDViewer/fluorender/FluoRender/DataManager.h:29:
/Users/otsunah/Documents/GitHub/VVDViewer/VVDViewer/fluorender/FluoRender/compatibility.h:370:28: warning: 'codecvt_utf8_utf16<wchar_t>' is deprecated [-Wdeprecated-declarations]
  370 |         std::wstring_convert<std::codecvt_utf8_utf16<wchar_t>, wchar_t> converter;
      |                                   ^
/Library/Developer/CommandLineTools/SDKs/MacOSX.sdk/usr/include/c++/v1/codecvt:568:28: note: 'codecvt_utf8_utf16<wchar_t>' has been explicitly marked deprecated here
  568 | class _LIBCPP_TEMPLATE_VIS _LIBCPP_DEPRECATED_IN_CXX17 codecvt_utf8_utf16 : public __codecvt_utf8_utf16<_Elem> {
      |                            ^
/Library/Developer/CommandLineTools/SDKs/MacOSX.sdk/usr/include/c++/v1/__config:731:41: note: expanded from macro '_LIBCPP_DEPRECATED_IN_CXX17'
  731 | #    define _LIBCPP_DEPRECATED_IN_CXX17 _LIBCPP_DEPRECATED
      |                                         ^
/Library/Developer/CommandLineTools/SDKs/MacOSX.sdk/usr/include/c++/v1/__config:696:49: note: expanded from macro '_LIBCPP_DEPRECATED'
  696 | #      define _LIBCPP_DEPRECATED __attribute__((__deprecated__))
      |                                                 ^
In file included from /Users/otsunah/Documents/GitHub/VVDViewer/VVDViewer/fluorender/FluoRender/ClippingView.cpp:28:
In file included from /Users/otsunah/Documents/GitHub/VVDViewer/VVDViewer/fluorender/FluoRender/ClippingView.h:29:
In file included from /Users/otsunah/Documents/GitHub/VVDViewer/VVDViewer/fluorender/FluoRender/DataManager.h:29:
/Users/otsunah/Documents/GitHub/VVDViewer/VVDViewer/fluorender/FluoRender/compatibility.h:370:7: warning: 'wstring_convert<std::codecvt_utf8_utf16<wchar_t>>' is deprecated [-Wdeprecated-declarations]
  370 |         std::wstring_convert<std::codecvt_utf8_utf16<wchar_t>, wchar_t> converter;
      |              ^
/Library/Developer/CommandLineTools/SDKs/MacOSX.sdk/usr/include/c++/v1/locale:3145:28: note: 'wstring_convert<std::codecvt_utf8_utf16<wchar_t>>' has been explicitly marked deprecated here
 3145 | class _LIBCPP_TEMPLATE_VIS _LIBCPP_DEPRECATED_IN_CXX17 wstring_convert {
      |                            ^
/Library/Developer/CommandLineTools/SDKs/MacOSX.sdk/usr/include/c++/v1/__config:731:41: note: expanded from macro '_LIBCPP_DEPRECATED_IN_CXX17'
  731 | #    define _LIBCPP_DEPRECATED_IN_CXX17 _LIBCPP_DEPRECATED
      |                                         ^
/Library/Developer/CommandLineTools/SDKs/MacOSX.sdk/usr/include/c++/v1/__config:696:49: note: expanded from macro '_LIBCPP_DEPRECATED'
  696 | #      define _LIBCPP_DEPRECATED __attribute__((__deprecated__))
      |                                                 ^
In file included from /Users/otsunah/Documents/GitHub/VVDViewer/VVDViewer/fluorender/FluoRender/ClippingView.cpp:28:
In file included from /Users/otsunah/Documents/GitHub/VVDViewer/VVDViewer/fluorender/FluoRender/ClippingView.h:29:
In file included from /Users/otsunah/Documents/GitHub/VVDViewer/VVDViewer/fluorender/FluoRender/DataManager.h:29:
/Users/otsunah/Documents/GitHub/VVDViewer/VVDViewer/fluorender/FluoRender/compatibility.h:411:10: warning: 'vsprintf' is deprecated: This function is provided for compatibility reasons only.  Due to security concerns inherent in the design of sprintf(3), it is highly recommended that you use vsnprintf(3) instead. [-Wdeprecated-declarations]
  411 |         int r = vsprintf(buf, fmt, args);
      |                 ^
/Library/Developer/CommandLineTools/SDKs/MacOSX.sdk/usr/include/_stdio.h:298:1: note: 'vsprintf' has been explicitly marked deprecated here
  298 | __deprecated_msg("This function is provided for compatibility reasons only.  Due to security concerns inherent in the design of sprintf(3), it is highly recommended that you use vsnprintf(3) instead.")
      | ^
/Library/Developer/CommandLineTools/SDKs/MacOSX.sdk/usr/include/sys/cdefs.h:218:48: note: expanded from macro '__deprecated_msg'
  218 |         #define __deprecated_msg(_msg) __attribute__((__deprecated__(_msg)))
      |                                                       ^
In file included from /Users/otsunah/Documents/GitHub/VVDViewer/VVDViewer/fluorender/FluoRender/ClippingView.cpp:28:
In file included from /Users/otsunah/Documents/GitHub/VVDViewer/VVDViewer/fluorender/FluoRender/ClippingView.h:29:
In file included from /Users/otsunah/Documents/GitHub/VVDViewer/VVDViewer/fluorender/FluoRender/DataManager.h:38:
In file included from /Users/otsunah/Documents/GitHub/VVDViewer/VVDViewer/fluorender/FluoRender/FLIVR/MeshRenderer.h:33:
In file included from /Users/otsunah/Documents/GitHub/VVDViewer/VVDViewer/fluorender/FluoRender/FLIVR/MshShader.h:37:
In file included from /Users/otsunah/Documents/GitHub/VVDViewer/VVDViewer/fluorender/FluoRender/Vulkan/VulkanDevice.hpp:23:
/Users/otsunah/Documents/GitHub/VVDViewer/VVDViewer/fluorender/FluoRender/FLIVR/TextureBrick.h:129:7: warning: cannot delete expression with pointer-to-'void' type 'void *' [-Wdelete-incomplete]
  129 |                                                 delete[] m_nrrd->data;
      |                                                 ^        ~~~~~~~~~~~~
In file included from /Users/otsunah/Documents/GitHub/VVDViewer/VVDViewer/fluorender/FluoRender/ClippingView.cpp:28:
In file included from /Users/otsunah/Documents/GitHub/VVDViewer/VVDViewer/fluorender/FluoRender/ClippingView.h:29:
In file included from /Users/otsunah/Documents/GitHub/VVDViewer/VVDViewer/fluorender/FluoRender/DataManager.h:38:
In file included from /Users/otsunah/Documents/GitHub/VVDViewer/VVDViewer/fluorender/FluoRender/FLIVR/MeshRenderer.h:38:
/Users/otsunah/Documents/GitHub/VVDViewer/VVDViewer/fluorender/FluoRender/VVulkan.h:2:9: warning: 'GLM_FORCE_DEPTH_ZERO_TO_ONE' macro redefined [-Wmacro-redefined]
    2 | #define GLM_FORCE_DEPTH_ZERO_TO_ONE
      |         ^
<command line>:9:9: note: previous definition is here
    9 | #define GLM_FORCE_DEPTH_ZERO_TO_ONE 1
      |         ^
In file included from /Users/otsunah/Documents/GitHub/VVDViewer/VVDViewer/fluorender/FluoRender/ClippingView.cpp:28:
In file included from /Users/otsunah/Documents/GitHub/VVDViewer/VVDViewer/fluorender/FluoRender/ClippingView.h:29:
In file included from /Users/otsunah/Documents/GitHub/VVDViewer/VVDViewer/fluorender/FluoRender/DataManager.h:59:
/Users/otsunah/Documents/GitHub/VVDViewer/VVDViewer/fluorender/FluoRender/Formats/brkxml_reader.h:100:21: warning: cannot delete expression with pointer-to-'void' type 'void *' [-Wdelete-incomplete]
  100 |                     delete[] m_data;
      |                     ^        ~~~~~~
In file included from /Users/otsunah/Documents/GitHub/VVDViewer/VVDViewer/fluorender/FluoRender/ClippingView.cpp:29:
In file included from /Users/otsunah/Documents/GitHub/VVDViewer/VVDViewer/fluorender/FluoRender/VRenderFrame.h:49:
/Users/otsunah/Documents/GitHub/VVDViewer/VVDViewer/fluorender/FluoRender/MeasureDlg.h:125:9: warning: 'GetSizeAvailableForScrollTarget' overrides a member function but is not marked 'override' [-Winconsistent-missing-override]
  125 |         wxSize GetSizeAvailableForScrollTarget(const wxSize& size) {
      |                ^
/Users/otsunah/Documents/GitHub/VVDViewer/VVDViewer/build/vcpkg_installed/arm64-osx-vvd/include/wx-3.3/wx/generic/listctrl.h:228:20: note: overridden virtual function is here
  228 |     virtual wxSize GetSizeAvailableForScrollTarget(const wxSize& size) override;
      |                    ^
9 warnings generated.
[27/74] Building CXX object CMakeFiles/VVDMainFrame.dir/fluorender/FluoRender/TextRenderer.cpp.o
In file included from /Users/otsunah/Documents/GitHub/VVDViewer/VVDViewer/fluorender/FluoRender/TextRenderer.cpp:29:
In file included from /Users/otsunah/Documents/GitHub/VVDViewer/VVDViewer/fluorender/FluoRender/TextRenderer.h:37:
In file included from /Users/otsunah/Documents/GitHub/VVDViewer/VVDViewer/fluorender/FluoRender/TextureAtlas.h:8:
In file included from /Users/otsunah/Documents/GitHub/VVDViewer/VVDViewer/fluorender/FluoRender/Vulkan/VulkanDevice.hpp:23:
/Users/otsunah/Documents/GitHub/VVDViewer/VVDViewer/fluorender/FluoRender/FLIVR/TextureBrick.h:129:7: warning: cannot delete expression with pointer-to-'void' type 'void *' [-Wdelete-incomplete]
  129 |                                                 delete[] m_nrrd->data;
      |                                                 ^        ~~~~~~~~~~~~
In file included from /Users/otsunah/Documents/GitHub/VVDViewer/VVDViewer/fluorender/FluoRender/TextRenderer.cpp:29:
In file included from /Users/otsunah/Documents/GitHub/VVDViewer/VVDViewer/fluorender/FluoRender/TextRenderer.h:39:
In file included from /Users/otsunah/Documents/GitHub/VVDViewer/VVDViewer/fluorender/FluoRender/Vulkan/Vulkan2dRender.h:1:
/Users/otsunah/Documents/GitHub/VVDViewer/VVDViewer/fluorender/FluoRender/VVulkan.h:2:9: warning: 'GLM_FORCE_DEPTH_ZERO_TO_ONE' macro redefined [-Wmacro-redefined]
    2 | #define GLM_FORCE_DEPTH_ZERO_TO_ONE
      |         ^
<command line>:9:9: note: previous definition is here
    9 | #define GLM_FORCE_DEPTH_ZERO_TO_ONE 1
      |         ^
2 warnings generated.
[28/74] Building CXX object CMakeFiles/VVDMainFrame.dir/fluorender/FluoRender/utility.cpp.o
[29/74] Building CXX object CMakeFiles/VVDMainFrame.dir/fluorender/FluoRender/MeasureDlg.cpp.o
In file included from /Users/otsunah/Documents/GitHub/VVDViewer/VVDViewer/fluorender/FluoRender/MeasureDlg.cpp:1:
/Users/otsunah/Documents/GitHub/VVDViewer/VVDViewer/fluorender/FluoRender/MeasureDlg.h:125:9: warning: 'GetSizeAvailableForScrollTarget' overrides a member function but is not marked 'override' [-Winconsistent-missing-override]
  125 |         wxSize GetSizeAvailableForScrollTarget(const wxSize& size) {
      |                ^
/Users/otsunah/Documents/GitHub/VVDViewer/VVDViewer/build/vcpkg_installed/arm64-osx-vvd/include/wx-3.3/wx/generic/listctrl.h:228:20: note: overridden virtual function is here
  228 |     virtual wxSize GetSizeAvailableForScrollTarget(const wxSize& size) override;
      |                    ^
In file included from /Users/otsunah/Documents/GitHub/VVDViewer/VVDViewer/fluorender/FluoRender/MeasureDlg.cpp:2:
In file included from /Users/otsunah/Documents/GitHub/VVDViewer/VVDViewer/fluorender/FluoRender/VRenderFrame.h:29:
In file included from /Users/otsunah/Documents/GitHub/VVDViewer/VVDViewer/fluorender/FluoRender/DataManager.h:29:
/Users/otsunah/Documents/GitHub/VVDViewer/VVDViewer/fluorender/FluoRender/compatibility.h:364:28: warning: 'codecvt_utf8_utf16<wchar_t>' is deprecated [-Wdeprecated-declarations]
  364 |         std::wstring_convert<std::codecvt_utf8_utf16<wchar_t>, wchar_t> converter;
      |                                   ^
/Library/Developer/CommandLineTools/SDKs/MacOSX.sdk/usr/include/c++/v1/codecvt:568:28: note: 'codecvt_utf8_utf16<wchar_t>' has been explicitly marked deprecated here
  568 | class _LIBCPP_TEMPLATE_VIS _LIBCPP_DEPRECATED_IN_CXX17 codecvt_utf8_utf16 : public __codecvt_utf8_utf16<_Elem> {
      |                            ^
/Library/Developer/CommandLineTools/SDKs/MacOSX.sdk/usr/include/c++/v1/__config:731:41: note: expanded from macro '_LIBCPP_DEPRECATED_IN_CXX17'
  731 | #    define _LIBCPP_DEPRECATED_IN_CXX17 _LIBCPP_DEPRECATED
      |                                         ^
/Library/Developer/CommandLineTools/SDKs/MacOSX.sdk/usr/include/c++/v1/__config:696:49: note: expanded from macro '_LIBCPP_DEPRECATED'
  696 | #      define _LIBCPP_DEPRECATED __attribute__((__deprecated__))
      |                                                 ^
In file included from /Users/otsunah/Documents/GitHub/VVDViewer/VVDViewer/fluorender/FluoRender/MeasureDlg.cpp:2:
In file included from /Users/otsunah/Documents/GitHub/VVDViewer/VVDViewer/fluorender/FluoRender/VRenderFrame.h:29:
In file included from /Users/otsunah/Documents/GitHub/VVDViewer/VVDViewer/fluorender/FluoRender/DataManager.h:29:
/Users/otsunah/Documents/GitHub/VVDViewer/VVDViewer/fluorender/FluoRender/compatibility.h:364:7: warning: 'wstring_convert<std::codecvt_utf8_utf16<wchar_t>>' is deprecated [-Wdeprecated-declarations]
  364 |         std::wstring_convert<std::codecvt_utf8_utf16<wchar_t>, wchar_t> converter;
      |              ^
/Library/Developer/CommandLineTools/SDKs/MacOSX.sdk/usr/include/c++/v1/locale:3145:28: note: 'wstring_convert<std::codecvt_utf8_utf16<wchar_t>>' has been explicitly marked deprecated here
 3145 | class _LIBCPP_TEMPLATE_VIS _LIBCPP_DEPRECATED_IN_CXX17 wstring_convert {
      |                            ^
/Library/Developer/CommandLineTools/SDKs/MacOSX.sdk/usr/include/c++/v1/__config:731:41: note: expanded from macro '_LIBCPP_DEPRECATED_IN_CXX17'
  731 | #    define _LIBCPP_DEPRECATED_IN_CXX17 _LIBCPP_DEPRECATED
      |                                         ^
/Library/Developer/CommandLineTools/SDKs/MacOSX.sdk/usr/include/c++/v1/__config:696:49: note: expanded from macro '_LIBCPP_DEPRECATED'
  696 | #      define _LIBCPP_DEPRECATED __attribute__((__deprecated__))
      |                                                 ^
In file included from /Users/otsunah/Documents/GitHub/VVDViewer/VVDViewer/fluorender/FluoRender/MeasureDlg.cpp:2:
In file included from /Users/otsunah/Documents/GitHub/VVDViewer/VVDViewer/fluorender/FluoRender/VRenderFrame.h:29:
In file included from /Users/otsunah/Documents/GitHub/VVDViewer/VVDViewer/fluorender/FluoRender/DataManager.h:29:
/Users/otsunah/Documents/GitHub/VVDViewer/VVDViewer/fluorender/FluoRender/compatibility.h:370:28: warning: 'codecvt_utf8_utf16<wchar_t>' is deprecated [-Wdeprecated-declarations]
  370 |         std::wstring_convert<std::codecvt_utf8_utf16<wchar_t>, wchar_t> converter;
      |                                   ^
/Library/Developer/CommandLineTools/SDKs/MacOSX.sdk/usr/include/c++/v1/codecvt:568:28: note: 'codecvt_utf8_utf16<wchar_t>' has been explicitly marked deprecated here
  568 | class _LIBCPP_TEMPLATE_VIS _LIBCPP_DEPRECATED_IN_CXX17 codecvt_utf8_utf16 : public __codecvt_utf8_utf16<_Elem> {
      |                            ^
/Library/Developer/CommandLineTools/SDKs/MacOSX.sdk/usr/include/c++/v1/__config:731:41: note: expanded from macro '_LIBCPP_DEPRECATED_IN_CXX17'
  731 | #    define _LIBCPP_DEPRECATED_IN_CXX17 _LIBCPP_DEPRECATED
      |                                         ^
/Library/Developer/CommandLineTools/SDKs/MacOSX.sdk/usr/include/c++/v1/__config:696:49: note: expanded from macro '_LIBCPP_DEPRECATED'
  696 | #      define _LIBCPP_DEPRECATED __attribute__((__deprecated__))
      |                                                 ^
In file included from /Users/otsunah/Documents/GitHub/VVDViewer/VVDViewer/fluorender/FluoRender/MeasureDlg.cpp:2:
In file included from /Users/otsunah/Documents/GitHub/VVDViewer/VVDViewer/fluorender/FluoRender/VRenderFrame.h:29:
In file included from /Users/otsunah/Documents/GitHub/VVDViewer/VVDViewer/fluorender/FluoRender/DataManager.h:29:
/Users/otsunah/Documents/GitHub/VVDViewer/VVDViewer/fluorender/FluoRender/compatibility.h:370:7: warning: 'wstring_convert<std::codecvt_utf8_utf16<wchar_t>>' is deprecated [-Wdeprecated-declarations]
  370 |         std::wstring_convert<std::codecvt_utf8_utf16<wchar_t>, wchar_t> converter;
      |              ^
/Library/Developer/CommandLineTools/SDKs/MacOSX.sdk/usr/include/c++/v1/locale:3145:28: note: 'wstring_convert<std::codecvt_utf8_utf16<wchar_t>>' has been explicitly marked deprecated here
 3145 | class _LIBCPP_TEMPLATE_VIS _LIBCPP_DEPRECATED_IN_CXX17 wstring_convert {
      |                            ^
/Library/Developer/CommandLineTools/SDKs/MacOSX.sdk/usr/include/c++/v1/__config:731:41: note: expanded from macro '_LIBCPP_DEPRECATED_IN_CXX17'
  731 | #    define _LIBCPP_DEPRECATED_IN_CXX17 _LIBCPP_DEPRECATED
      |                                         ^
/Library/Developer/CommandLineTools/SDKs/MacOSX.sdk/usr/include/c++/v1/__config:696:49: note: expanded from macro '_LIBCPP_DEPRECATED'
  696 | #      define _LIBCPP_DEPRECATED __attribute__((__deprecated__))
      |                                                 ^
In file included from /Users/otsunah/Documents/GitHub/VVDViewer/VVDViewer/fluorender/FluoRender/MeasureDlg.cpp:2:
In file included from /Users/otsunah/Documents/GitHub/VVDViewer/VVDViewer/fluorender/FluoRender/VRenderFrame.h:29:
In file included from /Users/otsunah/Documents/GitHub/VVDViewer/VVDViewer/fluorender/FluoRender/DataManager.h:29:
/Users/otsunah/Documents/GitHub/VVDViewer/VVDViewer/fluorender/FluoRender/compatibility.h:411:10: warning: 'vsprintf' is deprecated: This function is provided for compatibility reasons only.  Due to security concerns inherent in the design of sprintf(3), it is highly recommended that you use vsnprintf(3) instead. [-Wdeprecated-declarations]
  411 |         int r = vsprintf(buf, fmt, args);
      |                 ^
/Library/Developer/CommandLineTools/SDKs/MacOSX.sdk/usr/include/_stdio.h:298:1: note: 'vsprintf' has been explicitly marked deprecated here
  298 | __deprecated_msg("This function is provided for compatibility reasons only.  Due to security concerns inherent in the design of sprintf(3), it is highly recommended that you use vsnprintf(3) instead.")
      | ^
/Library/Developer/CommandLineTools/SDKs/MacOSX.sdk/usr/include/sys/cdefs.h:218:48: note: expanded from macro '__deprecated_msg'
  218 |         #define __deprecated_msg(_msg) __attribute__((__deprecated__(_msg)))
      |                                                       ^
In file included from /Users/otsunah/Documents/GitHub/VVDViewer/VVDViewer/fluorender/FluoRender/MeasureDlg.cpp:2:
In file included from /Users/otsunah/Documents/GitHub/VVDViewer/VVDViewer/fluorender/FluoRender/VRenderFrame.h:29:
In file included from /Users/otsunah/Documents/GitHub/VVDViewer/VVDViewer/fluorender/FluoRender/DataManager.h:38:
In file included from /Users/otsunah/Documents/GitHub/VVDViewer/VVDViewer/fluorender/FluoRender/FLIVR/MeshRenderer.h:33:
In file included from /Users/otsunah/Documents/GitHub/VVDViewer/VVDViewer/fluorender/FluoRender/FLIVR/MshShader.h:37:
In file included from /Users/otsunah/Documents/GitHub/VVDViewer/VVDViewer/fluorender/FluoRender/Vulkan/VulkanDevice.hpp:23:
/Users/otsunah/Documents/GitHub/VVDViewer/VVDViewer/fluorender/FluoRender/FLIVR/TextureBrick.h:129:7: warning: cannot delete expression with pointer-to-'void' type 'void *' [-Wdelete-incomplete]
  129 |                                                 delete[] m_nrrd->data;
      |                                                 ^        ~~~~~~~~~~~~
In file included from /Users/otsunah/Documents/GitHub/VVDViewer/VVDViewer/fluorender/FluoRender/MeasureDlg.cpp:2:
In file included from /Users/otsunah/Documents/GitHub/VVDViewer/VVDViewer/fluorender/FluoRender/VRenderFrame.h:29:
In file included from /Users/otsunah/Documents/GitHub/VVDViewer/VVDViewer/fluorender/FluoRender/DataManager.h:38:
In file included from /Users/otsunah/Documents/GitHub/VVDViewer/VVDViewer/fluorender/FluoRender/FLIVR/MeshRenderer.h:38:
/Users/otsunah/Documents/GitHub/VVDViewer/VVDViewer/fluorender/FluoRender/VVulkan.h:2:9: warning: 'GLM_FORCE_DEPTH_ZERO_TO_ONE' macro redefined [-Wmacro-redefined]
    2 | #define GLM_FORCE_DEPTH_ZERO_TO_ONE
      |         ^
<command line>:9:9: note: previous definition is here
    9 | #define GLM_FORCE_DEPTH_ZERO_TO_ONE 1
      |         ^
In file included from /Users/otsunah/Documents/GitHub/VVDViewer/VVDViewer/fluorender/FluoRender/MeasureDlg.cpp:2:
In file included from /Users/otsunah/Documents/GitHub/VVDViewer/VVDViewer/fluorender/FluoRender/VRenderFrame.h:29:
In file included from /Users/otsunah/Documents/GitHub/VVDViewer/VVDViewer/fluorender/FluoRender/DataManager.h:59:
/Users/otsunah/Documents/GitHub/VVDViewer/VVDViewer/fluorender/FluoRender/Formats/brkxml_reader.h:100:21: warning: cannot delete expression with pointer-to-'void' type 'void *' [-Wdelete-incomplete]
  100 |                     delete[] m_data;
      |                     ^        ~~~~~~
9 warnings generated.
[30/74] Building C object CMakeFiles/VVDMainFrame.dir/fluorender/FluoRender/MetalCompatibility.m.o
[31/74] Building CXX object CMakeFiles/VVDMainFrame.dir/fluorender/FluoRender/RecorderDlg.cpp.o
In file included from /Users/otsunah/Documents/GitHub/VVDViewer/VVDViewer/fluorender/FluoRender/RecorderDlg.cpp:29:
In file included from /Users/otsunah/Documents/GitHub/VVDViewer/VVDViewer/fluorender/FluoRender/VRenderFrame.h:29:
In file included from /Users/otsunah/Documents/GitHub/VVDViewer/VVDViewer/fluorender/FluoRender/DataManager.h:29:
/Users/otsunah/Documents/GitHub/VVDViewer/VVDViewer/fluorender/FluoRender/compatibility.h:364:28: warning: 'codecvt_utf8_utf16<wchar_t>' is deprecated [-Wdeprecated-declarations]
  364 |         std::wstring_convert<std::codecvt_utf8_utf16<wchar_t>, wchar_t> converter;
      |                                   ^
/Library/Developer/CommandLineTools/SDKs/MacOSX.sdk/usr/include/c++/v1/codecvt:568:28: note: 'codecvt_utf8_utf16<wchar_t>' has been explicitly marked deprecated here
  568 | class _LIBCPP_TEMPLATE_VIS _LIBCPP_DEPRECATED_IN_CXX17 codecvt_utf8_utf16 : public __codecvt_utf8_utf16<_Elem> {
      |                            ^
/Library/Developer/CommandLineTools/SDKs/MacOSX.sdk/usr/include/c++/v1/__config:731:41: note: expanded from macro '_LIBCPP_DEPRECATED_IN_CXX17'
  731 | #    define _LIBCPP_DEPRECATED_IN_CXX17 _LIBCPP_DEPRECATED
      |                                         ^
/Library/Developer/CommandLineTools/SDKs/MacOSX.sdk/usr/include/c++/v1/__config:696:49: note: expanded from macro '_LIBCPP_DEPRECATED'
  696 | #      define _LIBCPP_DEPRECATED __attribute__((__deprecated__))
      |                                                 ^
In file included from /Users/otsunah/Documents/GitHub/VVDViewer/VVDViewer/fluorender/FluoRender/RecorderDlg.cpp:29:
In file included from /Users/otsunah/Documents/GitHub/VVDViewer/VVDViewer/fluorender/FluoRender/VRenderFrame.h:29:
In file included from /Users/otsunah/Documents/GitHub/VVDViewer/VVDViewer/fluorender/FluoRender/DataManager.h:29:
/Users/otsunah/Documents/GitHub/VVDViewer/VVDViewer/fluorender/FluoRender/compatibility.h:364:7: warning: 'wstring_convert<std::codecvt_utf8_utf16<wchar_t>>' is deprecated [-Wdeprecated-declarations]
  364 |         std::wstring_convert<std::codecvt_utf8_utf16<wchar_t>, wchar_t> converter;
      |              ^
/Library/Developer/CommandLineTools/SDKs/MacOSX.sdk/usr/include/c++/v1/locale:3145:28: note: 'wstring_convert<std::codecvt_utf8_utf16<wchar_t>>' has been explicitly marked deprecated here
 3145 | class _LIBCPP_TEMPLATE_VIS _LIBCPP_DEPRECATED_IN_CXX17 wstring_convert {
      |                            ^
/Library/Developer/CommandLineTools/SDKs/MacOSX.sdk/usr/include/c++/v1/__config:731:41: note: expanded from macro '_LIBCPP_DEPRECATED_IN_CXX17'
  731 | #    define _LIBCPP_DEPRECATED_IN_CXX17 _LIBCPP_DEPRECATED
      |                                         ^
/Library/Developer/CommandLineTools/SDKs/MacOSX.sdk/usr/include/c++/v1/__config:696:49: note: expanded from macro '_LIBCPP_DEPRECATED'
  696 | #      define _LIBCPP_DEPRECATED __attribute__((__deprecated__))
      |                                                 ^
In file included from /Users/otsunah/Documents/GitHub/VVDViewer/VVDViewer/fluorender/FluoRender/RecorderDlg.cpp:29:
In file included from /Users/otsunah/Documents/GitHub/VVDViewer/VVDViewer/fluorender/FluoRender/VRenderFrame.h:29:
In file included from /Users/otsunah/Documents/GitHub/VVDViewer/VVDViewer/fluorender/FluoRender/DataManager.h:29:
/Users/otsunah/Documents/GitHub/VVDViewer/VVDViewer/fluorender/FluoRender/compatibility.h:370:28: warning: 'codecvt_utf8_utf16<wchar_t>' is deprecated [-Wdeprecated-declarations]
  370 |         std::wstring_convert<std::codecvt_utf8_utf16<wchar_t>, wchar_t> converter;
      |                                   ^
/Library/Developer/CommandLineTools/SDKs/MacOSX.sdk/usr/include/c++/v1/codecvt:568:28: note: 'codecvt_utf8_utf16<wchar_t>' has been explicitly marked deprecated here
  568 | class _LIBCPP_TEMPLATE_VIS _LIBCPP_DEPRECATED_IN_CXX17 codecvt_utf8_utf16 : public __codecvt_utf8_utf16<_Elem> {
      |                            ^
/Library/Developer/CommandLineTools/SDKs/MacOSX.sdk/usr/include/c++/v1/__config:731:41: note: expanded from macro '_LIBCPP_DEPRECATED_IN_CXX17'
  731 | #    define _LIBCPP_DEPRECATED_IN_CXX17 _LIBCPP_DEPRECATED
      |                                         ^
/Library/Developer/CommandLineTools/SDKs/MacOSX.sdk/usr/include/c++/v1/__config:696:49: note: expanded from macro '_LIBCPP_DEPRECATED'
  696 | #      define _LIBCPP_DEPRECATED __attribute__((__deprecated__))
      |                                                 ^
In file included from /Users/otsunah/Documents/GitHub/VVDViewer/VVDViewer/fluorender/FluoRender/RecorderDlg.cpp:29:
In file included from /Users/otsunah/Documents/GitHub/VVDViewer/VVDViewer/fluorender/FluoRender/VRenderFrame.h:29:
In file included from /Users/otsunah/Documents/GitHub/VVDViewer/VVDViewer/fluorender/FluoRender/DataManager.h:29:
/Users/otsunah/Documents/GitHub/VVDViewer/VVDViewer/fluorender/FluoRender/compatibility.h:370:7: warning: 'wstring_convert<std::codecvt_utf8_utf16<wchar_t>>' is deprecated [-Wdeprecated-declarations]
  370 |         std::wstring_convert<std::codecvt_utf8_utf16<wchar_t>, wchar_t> converter;
      |              ^
/Library/Developer/CommandLineTools/SDKs/MacOSX.sdk/usr/include/c++/v1/locale:3145:28: note: 'wstring_convert<std::codecvt_utf8_utf16<wchar_t>>' has been explicitly marked deprecated here
 3145 | class _LIBCPP_TEMPLATE_VIS _LIBCPP_DEPRECATED_IN_CXX17 wstring_convert {
      |                            ^
/Library/Developer/CommandLineTools/SDKs/MacOSX.sdk/usr/include/c++/v1/__config:731:41: note: expanded from macro '_LIBCPP_DEPRECATED_IN_CXX17'
  731 | #    define _LIBCPP_DEPRECATED_IN_CXX17 _LIBCPP_DEPRECATED
      |                                         ^
/Library/Developer/CommandLineTools/SDKs/MacOSX.sdk/usr/include/c++/v1/__config:696:49: note: expanded from macro '_LIBCPP_DEPRECATED'
  696 | #      define _LIBCPP_DEPRECATED __attribute__((__deprecated__))
      |                                                 ^
In file included from /Users/otsunah/Documents/GitHub/VVDViewer/VVDViewer/fluorender/FluoRender/RecorderDlg.cpp:29:
In file included from /Users/otsunah/Documents/GitHub/VVDViewer/VVDViewer/fluorender/FluoRender/VRenderFrame.h:29:
In file included from /Users/otsunah/Documents/GitHub/VVDViewer/VVDViewer/fluorender/FluoRender/DataManager.h:29:
/Users/otsunah/Documents/GitHub/VVDViewer/VVDViewer/fluorender/FluoRender/compatibility.h:411:10: warning: 'vsprintf' is deprecated: This function is provided for compatibility reasons only.  Due to security concerns inherent in the design of sprintf(3), it is highly recommended that you use vsnprintf(3) instead. [-Wdeprecated-declarations]
  411 |         int r = vsprintf(buf, fmt, args);
      |                 ^
/Library/Developer/CommandLineTools/SDKs/MacOSX.sdk/usr/include/_stdio.h:298:1: note: 'vsprintf' has been explicitly marked deprecated here
  298 | __deprecated_msg("This function is provided for compatibility reasons only.  Due to security concerns inherent in the design of sprintf(3), it is highly recommended that you use vsnprintf(3) instead.")
      | ^
/Library/Developer/CommandLineTools/SDKs/MacOSX.sdk/usr/include/sys/cdefs.h:218:48: note: expanded from macro '__deprecated_msg'
  218 |         #define __deprecated_msg(_msg) __attribute__((__deprecated__(_msg)))
      |                                                       ^
In file included from /Users/otsunah/Documents/GitHub/VVDViewer/VVDViewer/fluorender/FluoRender/RecorderDlg.cpp:29:
In file included from /Users/otsunah/Documents/GitHub/VVDViewer/VVDViewer/fluorender/FluoRender/VRenderFrame.h:29:
In file included from /Users/otsunah/Documents/GitHub/VVDViewer/VVDViewer/fluorender/FluoRender/DataManager.h:38:
In file included from /Users/otsunah/Documents/GitHub/VVDViewer/VVDViewer/fluorender/FluoRender/FLIVR/MeshRenderer.h:33:
In file included from /Users/otsunah/Documents/GitHub/VVDViewer/VVDViewer/fluorender/FluoRender/FLIVR/MshShader.h:37:
In file included from /Users/otsunah/Documents/GitHub/VVDViewer/VVDViewer/fluorender/FluoRender/Vulkan/VulkanDevice.hpp:23:
/Users/otsunah/Documents/GitHub/VVDViewer/VVDViewer/fluorender/FluoRender/FLIVR/TextureBrick.h:129:7: warning: cannot delete expression with pointer-to-'void' type 'void *' [-Wdelete-incomplete]
  129 |                                                 delete[] m_nrrd->data;
      |                                                 ^        ~~~~~~~~~~~~
In file included from /Users/otsunah/Documents/GitHub/VVDViewer/VVDViewer/fluorender/FluoRender/RecorderDlg.cpp:29:
In file included from /Users/otsunah/Documents/GitHub/VVDViewer/VVDViewer/fluorender/FluoRender/VRenderFrame.h:29:
In file included from /Users/otsunah/Documents/GitHub/VVDViewer/VVDViewer/fluorender/FluoRender/DataManager.h:38:
In file included from /Users/otsunah/Documents/GitHub/VVDViewer/VVDViewer/fluorender/FluoRender/FLIVR/MeshRenderer.h:38:
/Users/otsunah/Documents/GitHub/VVDViewer/VVDViewer/fluorender/FluoRender/VVulkan.h:2:9: warning: 'GLM_FORCE_DEPTH_ZERO_TO_ONE' macro redefined [-Wmacro-redefined]
    2 | #define GLM_FORCE_DEPTH_ZERO_TO_ONE
      |         ^
<command line>:9:9: note: previous definition is here
    9 | #define GLM_FORCE_DEPTH_ZERO_TO_ONE 1
      |         ^
In file included from /Users/otsunah/Documents/GitHub/VVDViewer/VVDViewer/fluorender/FluoRender/RecorderDlg.cpp:29:
In file included from /Users/otsunah/Documents/GitHub/VVDViewer/VVDViewer/fluorender/FluoRender/VRenderFrame.h:29:
In file included from /Users/otsunah/Documents/GitHub/VVDViewer/VVDViewer/fluorender/FluoRender/DataManager.h:59:
/Users/otsunah/Documents/GitHub/VVDViewer/VVDViewer/fluorender/FluoRender/Formats/brkxml_reader.h:100:21: warning: cannot delete expression with pointer-to-'void' type 'void *' [-Wdelete-incomplete]
  100 |                     delete[] m_data;
      |                     ^        ~~~~~~
In file included from /Users/otsunah/Documents/GitHub/VVDViewer/VVDViewer/fluorender/FluoRender/RecorderDlg.cpp:29:
In file included from /Users/otsunah/Documents/GitHub/VVDViewer/VVDViewer/fluorender/FluoRender/VRenderFrame.h:49:
/Users/otsunah/Documents/GitHub/VVDViewer/VVDViewer/fluorender/FluoRender/MeasureDlg.h:125:9: warning: 'GetSizeAvailableForScrollTarget' overrides a member function but is not marked 'override' [-Winconsistent-missing-override]
  125 |         wxSize GetSizeAvailableForScrollTarget(const wxSize& size) {
      |                ^
/Users/otsunah/Documents/GitHub/VVDViewer/VVDViewer/build/vcpkg_installed/arm64-osx-vvd/include/wx-3.3/wx/generic/listctrl.h:228:20: note: overridden virtual function is here
  228 |     virtual wxSize GetSizeAvailableForScrollTarget(const wxSize& size) override;
      |                    ^
9 warnings generated.
[32/74] Building CXX object CMakeFiles/VVDMainFrame.dir/fluorender/FluoRender/Vulkan/VulkanDebug.cpp.o
In file included from /Users/otsunah/Documents/GitHub/VVDViewer/VVDViewer/fluorender/FluoRender/Vulkan/VulkanDebug.cpp:11:
/Users/otsunah/Documents/GitHub/VVDViewer/VVDViewer/fluorender/FluoRender/Vulkan/VulkanDebug.h:22:9: warning: 'GLM_FORCE_DEPTH_ZERO_TO_ONE' macro redefined [-Wmacro-redefined]
   22 | #define GLM_FORCE_DEPTH_ZERO_TO_ONE
      |         ^
<command line>:9:9: note: previous definition is here
    9 | #define GLM_FORCE_DEPTH_ZERO_TO_ONE 1
      |         ^
1 warning generated.
[33/74] Building CXX object CMakeFiles/VVDMainFrame.dir/fluorender/FluoRender/VVulkan.cpp.o
In file included from /Users/otsunah/Documents/GitHub/VVDViewer/VVDViewer/fluorender/FluoRender/VVulkan.cpp:1:
/Users/otsunah/Documents/GitHub/VVDViewer/VVDViewer/fluorender/FluoRender/VVulkan.h:2:9: warning: 'GLM_FORCE_DEPTH_ZERO_TO_ONE' macro redefined [-Wmacro-redefined]
    2 | #define GLM_FORCE_DEPTH_ZERO_TO_ONE
      |         ^
<command line>:9:9: note: previous definition is here
    9 | #define GLM_FORCE_DEPTH_ZERO_TO_ONE 1
      |         ^
In file included from /Users/otsunah/Documents/GitHub/VVDViewer/VVDViewer/fluorender/FluoRender/VVulkan.cpp:1:
In file included from /Users/otsunah/Documents/GitHub/VVDViewer/VVDViewer/fluorender/FluoRender/VVulkan.h:7:
In file included from /Users/otsunah/Documents/GitHub/VVDViewer/VVDViewer/fluorender/FluoRender/Vulkan/vulkanexamplebase.h:48:
In file included from /Users/otsunah/Documents/GitHub/VVDViewer/VVDViewer/fluorender/FluoRender/Vulkan/VulkanUIOverlay.h:23:
In file included from /Users/otsunah/Documents/GitHub/VVDViewer/VVDViewer/fluorender/FluoRender/Vulkan/VulkanDevice.hpp:23:
/Users/otsunah/Documents/GitHub/VVDViewer/VVDViewer/fluorender/FluoRender/FLIVR/TextureBrick.h:129:7: warning: cannot delete expression with pointer-to-'void' type 'void *' [-Wdelete-incomplete]
  129 |                                                 delete[] m_nrrd->data;
      |                                                 ^        ~~~~~~~~~~~~
2 warnings generated.
[34/74] Building CXX object CMakeFiles/VVDMainFrame.dir/fluorender/FluoRender/Vulkan/VulkanTools.cpp.o
[35/74] Building CXX object CMakeFiles/VVDMainFrame.dir/fluorender/FluoRender/Vulkan/vk_format_utils.cpp.o
[36/74] Building CXX object CMakeFiles/VVDMainFrame.dir/fluorender/FluoRender/Vulkan/VulkanUIOverlay.cpp.o
In file included from /Users/otsunah/Documents/GitHub/VVDViewer/VVDViewer/fluorender/FluoRender/Vulkan/VulkanUIOverlay.cpp:9:
In file included from /Users/otsunah/Documents/GitHub/VVDViewer/VVDViewer/fluorender/FluoRender/Vulkan/VulkanUIOverlay.h:21:
/Users/otsunah/Documents/GitHub/VVDViewer/VVDViewer/fluorender/FluoRender/Vulkan/VulkanDebug.h:22:9: warning: 'GLM_FORCE_DEPTH_ZERO_TO_ONE' macro redefined [-Wmacro-redefined]
   22 | #define GLM_FORCE_DEPTH_ZERO_TO_ONE
      |         ^
<command line>:9:9: note: previous definition is here
    9 | #define GLM_FORCE_DEPTH_ZERO_TO_ONE 1
      |         ^
In file included from /Users/otsunah/Documents/GitHub/VVDViewer/VVDViewer/fluorender/FluoRender/Vulkan/VulkanUIOverlay.cpp:9:
In file included from /Users/otsunah/Documents/GitHub/VVDViewer/VVDViewer/fluorender/FluoRender/Vulkan/VulkanUIOverlay.h:23:
In file included from /Users/otsunah/Documents/GitHub/VVDViewer/VVDViewer/fluorender/FluoRender/Vulkan/VulkanDevice.hpp:23:
/Users/otsunah/Documents/GitHub/VVDViewer/VVDViewer/fluorender/FluoRender/FLIVR/TextureBrick.h:129:7: warning: cannot delete expression with pointer-to-'void' type 'void *' [-Wdelete-incomplete]
  129 |                                                 delete[] m_nrrd->data;
      |                                                 ^        ~~~~~~~~~~~~
2 warnings generated.
[37/74] Building CXX object CMakeFiles/VVDMainFrame.dir/fluorender/FluoRender/SettingDlg.cpp.o
In file included from /Users/otsunah/Documents/GitHub/VVDViewer/VVDViewer/fluorender/FluoRender/SettingDlg.cpp:29:
In file included from /Users/otsunah/Documents/GitHub/VVDViewer/VVDViewer/fluorender/FluoRender/VRenderFrame.h:29:
In file included from /Users/otsunah/Documents/GitHub/VVDViewer/VVDViewer/fluorender/FluoRender/DataManager.h:29:
/Users/otsunah/Documents/GitHub/VVDViewer/VVDViewer/fluorender/FluoRender/compatibility.h:364:28: warning: 'codecvt_utf8_utf16<wchar_t>' is deprecated [-Wdeprecated-declarations]
  364 |         std::wstring_convert<std::codecvt_utf8_utf16<wchar_t>, wchar_t> converter;
      |                                   ^
/Library/Developer/CommandLineTools/SDKs/MacOSX.sdk/usr/include/c++/v1/codecvt:568:28: note: 'codecvt_utf8_utf16<wchar_t>' has been explicitly marked deprecated here
  568 | class _LIBCPP_TEMPLATE_VIS _LIBCPP_DEPRECATED_IN_CXX17 codecvt_utf8_utf16 : public __codecvt_utf8_utf16<_Elem> {
      |                            ^
/Library/Developer/CommandLineTools/SDKs/MacOSX.sdk/usr/include/c++/v1/__config:731:41: note: expanded from macro '_LIBCPP_DEPRECATED_IN_CXX17'
  731 | #    define _LIBCPP_DEPRECATED_IN_CXX17 _LIBCPP_DEPRECATED
      |                                         ^
/Library/Developer/CommandLineTools/SDKs/MacOSX.sdk/usr/include/c++/v1/__config:696:49: note: expanded from macro '_LIBCPP_DEPRECATED'
  696 | #      define _LIBCPP_DEPRECATED __attribute__((__deprecated__))
      |                                                 ^
In file included from /Users/otsunah/Documents/GitHub/VVDViewer/VVDViewer/fluorender/FluoRender/SettingDlg.cpp:29:
In file included from /Users/otsunah/Documents/GitHub/VVDViewer/VVDViewer/fluorender/FluoRender/VRenderFrame.h:29:
In file included from /Users/otsunah/Documents/GitHub/VVDViewer/VVDViewer/fluorender/FluoRender/DataManager.h:29:
/Users/otsunah/Documents/GitHub/VVDViewer/VVDViewer/fluorender/FluoRender/compatibility.h:364:7: warning: 'wstring_convert<std::codecvt_utf8_utf16<wchar_t>>' is deprecated [-Wdeprecated-declarations]
  364 |         std::wstring_convert<std::codecvt_utf8_utf16<wchar_t>, wchar_t> converter;
      |              ^
/Library/Developer/CommandLineTools/SDKs/MacOSX.sdk/usr/include/c++/v1/locale:3145:28: note: 'wstring_convert<std::codecvt_utf8_utf16<wchar_t>>' has been explicitly marked deprecated here
 3145 | class _LIBCPP_TEMPLATE_VIS _LIBCPP_DEPRECATED_IN_CXX17 wstring_convert {
      |                            ^
/Library/Developer/CommandLineTools/SDKs/MacOSX.sdk/usr/include/c++/v1/__config:731:41: note: expanded from macro '_LIBCPP_DEPRECATED_IN_CXX17'
  731 | #    define _LIBCPP_DEPRECATED_IN_CXX17 _LIBCPP_DEPRECATED
      |                                         ^
/Library/Developer/CommandLineTools/SDKs/MacOSX.sdk/usr/include/c++/v1/__config:696:49: note: expanded from macro '_LIBCPP_DEPRECATED'
  696 | #      define _LIBCPP_DEPRECATED __attribute__((__deprecated__))
      |                                                 ^
In file included from /Users/otsunah/Documents/GitHub/VVDViewer/VVDViewer/fluorender/FluoRender/SettingDlg.cpp:29:
In file included from /Users/otsunah/Documents/GitHub/VVDViewer/VVDViewer/fluorender/FluoRender/VRenderFrame.h:29:
In file included from /Users/otsunah/Documents/GitHub/VVDViewer/VVDViewer/fluorender/FluoRender/DataManager.h:29:
/Users/otsunah/Documents/GitHub/VVDViewer/VVDViewer/fluorender/FluoRender/compatibility.h:370:28: warning: 'codecvt_utf8_utf16<wchar_t>' is deprecated [-Wdeprecated-declarations]
  370 |         std::wstring_convert<std::codecvt_utf8_utf16<wchar_t>, wchar_t> converter;
      |                                   ^
/Library/Developer/CommandLineTools/SDKs/MacOSX.sdk/usr/include/c++/v1/codecvt:568:28: note: 'codecvt_utf8_utf16<wchar_t>' has been explicitly marked deprecated here
  568 | class _LIBCPP_TEMPLATE_VIS _LIBCPP_DEPRECATED_IN_CXX17 codecvt_utf8_utf16 : public __codecvt_utf8_utf16<_Elem> {
      |                            ^
/Library/Developer/CommandLineTools/SDKs/MacOSX.sdk/usr/include/c++/v1/__config:731:41: note: expanded from macro '_LIBCPP_DEPRECATED_IN_CXX17'
  731 | #    define _LIBCPP_DEPRECATED_IN_CXX17 _LIBCPP_DEPRECATED
      |                                         ^
/Library/Developer/CommandLineTools/SDKs/MacOSX.sdk/usr/include/c++/v1/__config:696:49: note: expanded from macro '_LIBCPP_DEPRECATED'
  696 | #      define _LIBCPP_DEPRECATED __attribute__((__deprecated__))
      |                                                 ^
In file included from /Users/otsunah/Documents/GitHub/VVDViewer/VVDViewer/fluorender/FluoRender/SettingDlg.cpp:29:
In file included from /Users/otsunah/Documents/GitHub/VVDViewer/VVDViewer/fluorender/FluoRender/VRenderFrame.h:29:
In file included from /Users/otsunah/Documents/GitHub/VVDViewer/VVDViewer/fluorender/FluoRender/DataManager.h:29:
/Users/otsunah/Documents/GitHub/VVDViewer/VVDViewer/fluorender/FluoRender/compatibility.h:370:7: warning: 'wstring_convert<std::codecvt_utf8_utf16<wchar_t>>' is deprecated [-Wdeprecated-declarations]
  370 |         std::wstring_convert<std::codecvt_utf8_utf16<wchar_t>, wchar_t> converter;
      |              ^
/Library/Developer/CommandLineTools/SDKs/MacOSX.sdk/usr/include/c++/v1/locale:3145:28: note: 'wstring_convert<std::codecvt_utf8_utf16<wchar_t>>' has been explicitly marked deprecated here
 3145 | class _LIBCPP_TEMPLATE_VIS _LIBCPP_DEPRECATED_IN_CXX17 wstring_convert {
      |                            ^
/Library/Developer/CommandLineTools/SDKs/MacOSX.sdk/usr/include/c++/v1/__config:731:41: note: expanded from macro '_LIBCPP_DEPRECATED_IN_CXX17'
  731 | #    define _LIBCPP_DEPRECATED_IN_CXX17 _LIBCPP_DEPRECATED
      |                                         ^
/Library/Developer/CommandLineTools/SDKs/MacOSX.sdk/usr/include/c++/v1/__config:696:49: note: expanded from macro '_LIBCPP_DEPRECATED'
  696 | #      define _LIBCPP_DEPRECATED __attribute__((__deprecated__))
      |                                                 ^
In file included from /Users/otsunah/Documents/GitHub/VVDViewer/VVDViewer/fluorender/FluoRender/SettingDlg.cpp:29:
In file included from /Users/otsunah/Documents/GitHub/VVDViewer/VVDViewer/fluorender/FluoRender/VRenderFrame.h:29:
In file included from /Users/otsunah/Documents/GitHub/VVDViewer/VVDViewer/fluorender/FluoRender/DataManager.h:29:
/Users/otsunah/Documents/GitHub/VVDViewer/VVDViewer/fluorender/FluoRender/compatibility.h:411:10: warning: 'vsprintf' is deprecated: This function is provided for compatibility reasons only.  Due to security concerns inherent in the design of sprintf(3), it is highly recommended that you use vsnprintf(3) instead. [-Wdeprecated-declarations]
  411 |         int r = vsprintf(buf, fmt, args);
      |                 ^
/Library/Developer/CommandLineTools/SDKs/MacOSX.sdk/usr/include/_stdio.h:298:1: note: 'vsprintf' has been explicitly marked deprecated here
  298 | __deprecated_msg("This function is provided for compatibility reasons only.  Due to security concerns inherent in the design of sprintf(3), it is highly recommended that you use vsnprintf(3) instead.")
      | ^
/Library/Developer/CommandLineTools/SDKs/MacOSX.sdk/usr/include/sys/cdefs.h:218:48: note: expanded from macro '__deprecated_msg'
  218 |         #define __deprecated_msg(_msg) __attribute__((__deprecated__(_msg)))
      |                                                       ^
In file included from /Users/otsunah/Documents/GitHub/VVDViewer/VVDViewer/fluorender/FluoRender/SettingDlg.cpp:29:
In file included from /Users/otsunah/Documents/GitHub/VVDViewer/VVDViewer/fluorender/FluoRender/VRenderFrame.h:29:
In file included from /Users/otsunah/Documents/GitHub/VVDViewer/VVDViewer/fluorender/FluoRender/DataManager.h:38:
In file included from /Users/otsunah/Documents/GitHub/VVDViewer/VVDViewer/fluorender/FluoRender/FLIVR/MeshRenderer.h:33:
In file included from /Users/otsunah/Documents/GitHub/VVDViewer/VVDViewer/fluorender/FluoRender/FLIVR/MshShader.h:37:
In file included from /Users/otsunah/Documents/GitHub/VVDViewer/VVDViewer/fluorender/FluoRender/Vulkan/VulkanDevice.hpp:23:
/Users/otsunah/Documents/GitHub/VVDViewer/VVDViewer/fluorender/FluoRender/FLIVR/TextureBrick.h:129:7: warning: cannot delete expression with pointer-to-'void' type 'void *' [-Wdelete-incomplete]
  129 |                                                 delete[] m_nrrd->data;
      |                                                 ^        ~~~~~~~~~~~~
In file included from /Users/otsunah/Documents/GitHub/VVDViewer/VVDViewer/fluorender/FluoRender/SettingDlg.cpp:29:
In file included from /Users/otsunah/Documents/GitHub/VVDViewer/VVDViewer/fluorender/FluoRender/VRenderFrame.h:29:
In file included from /Users/otsunah/Documents/GitHub/VVDViewer/VVDViewer/fluorender/FluoRender/DataManager.h:38:
In file included from /Users/otsunah/Documents/GitHub/VVDViewer/VVDViewer/fluorender/FluoRender/FLIVR/MeshRenderer.h:38:
/Users/otsunah/Documents/GitHub/VVDViewer/VVDViewer/fluorender/FluoRender/VVulkan.h:2:9: warning: 'GLM_FORCE_DEPTH_ZERO_TO_ONE' macro redefined [-Wmacro-redefined]
    2 | #define GLM_FORCE_DEPTH_ZERO_TO_ONE
      |         ^
<command line>:9:9: note: previous definition is here
    9 | #define GLM_FORCE_DEPTH_ZERO_TO_ONE 1
      |         ^
In file included from /Users/otsunah/Documents/GitHub/VVDViewer/VVDViewer/fluorender/FluoRender/SettingDlg.cpp:29:
In file included from /Users/otsunah/Documents/GitHub/VVDViewer/VVDViewer/fluorender/FluoRender/VRenderFrame.h:29:
In file included from /Users/otsunah/Documents/GitHub/VVDViewer/VVDViewer/fluorender/FluoRender/DataManager.h:59:
/Users/otsunah/Documents/GitHub/VVDViewer/VVDViewer/fluorender/FluoRender/Formats/brkxml_reader.h:100:21: warning: cannot delete expression with pointer-to-'void' type 'void *' [-Wdelete-incomplete]
  100 |                     delete[] m_data;
      |                     ^        ~~~~~~
In file included from /Users/otsunah/Documents/GitHub/VVDViewer/VVDViewer/fluorender/FluoRender/SettingDlg.cpp:29:
In file included from /Users/otsunah/Documents/GitHub/VVDViewer/VVDViewer/fluorender/FluoRender/VRenderFrame.h:49:
/Users/otsunah/Documents/GitHub/VVDViewer/VVDViewer/fluorender/FluoRender/MeasureDlg.h:125:9: warning: 'GetSizeAvailableForScrollTarget' overrides a member function but is not marked 'override' [-Winconsistent-missing-override]
  125 |         wxSize GetSizeAvailableForScrollTarget(const wxSize& size) {
      |                ^
/Users/otsunah/Documents/GitHub/VVDViewer/VVDViewer/build/vcpkg_installed/arm64-osx-vvd/include/wx-3.3/wx/generic/listctrl.h:228:20: note: overridden virtual function is here
  228 |     virtual wxSize GetSizeAvailableForScrollTarget(const wxSize& size) override;
      |                    ^
9 warnings generated.
[38/74] Building CXX object CMakeFiles/VVDMainFrame.dir/external/imgui/imgui_demo.cpp.o
[39/74] Building CXX object CMakeFiles/VVDMainFrame.dir/fluorender/FluoRender/Vulkan/VulkanDevice.cpp.o
In file included from /Users/otsunah/Documents/GitHub/VVDViewer/VVDViewer/fluorender/FluoRender/Vulkan/VulkanDevice.cpp:1:
In file included from /Users/otsunah/Documents/GitHub/VVDViewer/VVDViewer/fluorender/FluoRender/Vulkan/VulkanDevice.hpp:23:
/Users/otsunah/Documents/GitHub/VVDViewer/VVDViewer/fluorender/FluoRender/FLIVR/TextureBrick.h:129:7: warning: cannot delete expression with pointer-to-'void' type 'void *' [-Wdelete-incomplete]
  129 |                                                 delete[] m_nrrd->data;
      |                                                 ^        ~~~~~~~~~~~~
1 warning generated.
[40/74] Building CXX object CMakeFiles/VVDMainFrame.dir/external/imgui/imgui.cpp.o
[41/74] Building CXX object CMakeFiles/VVDMainFrame.dir/external/imgui/imgui_widgets.cpp.o
[42/74] Building CXX object CMakeFiles/VVDMainFrame.dir/fluorender/FluoRender/Tester.cpp.o
In file included from /Users/otsunah/Documents/GitHub/VVDViewer/VVDViewer/fluorender/FluoRender/Tester.cpp:29:
In file included from /Users/otsunah/Documents/GitHub/VVDViewer/VVDViewer/fluorender/FluoRender/VRenderFrame.h:29:
In file included from /Users/otsunah/Documents/GitHub/VVDViewer/VVDViewer/fluorender/FluoRender/DataManager.h:29:
/Users/otsunah/Documents/GitHub/VVDViewer/VVDViewer/fluorender/FluoRender/compatibility.h:364:28: warning: 'codecvt_utf8_utf16<wchar_t>' is deprecated [-Wdeprecated-declarations]
  364 |         std::wstring_convert<std::codecvt_utf8_utf16<wchar_t>, wchar_t> converter;
      |                                   ^
/Library/Developer/CommandLineTools/SDKs/MacOSX.sdk/usr/include/c++/v1/codecvt:568:28: note: 'codecvt_utf8_utf16<wchar_t>' has been explicitly marked deprecated here
  568 | class _LIBCPP_TEMPLATE_VIS _LIBCPP_DEPRECATED_IN_CXX17 codecvt_utf8_utf16 : public __codecvt_utf8_utf16<_Elem> {
      |                            ^
/Library/Developer/CommandLineTools/SDKs/MacOSX.sdk/usr/include/c++/v1/__config:731:41: note: expanded from macro '_LIBCPP_DEPRECATED_IN_CXX17'
  731 | #    define _LIBCPP_DEPRECATED_IN_CXX17 _LIBCPP_DEPRECATED
      |                                         ^
/Library/Developer/CommandLineTools/SDKs/MacOSX.sdk/usr/include/c++/v1/__config:696:49: note: expanded from macro '_LIBCPP_DEPRECATED'
  696 | #      define _LIBCPP_DEPRECATED __attribute__((__deprecated__))
      |                                                 ^
In file included from /Users/otsunah/Documents/GitHub/VVDViewer/VVDViewer/fluorender/FluoRender/Tester.cpp:29:
In file included from /Users/otsunah/Documents/GitHub/VVDViewer/VVDViewer/fluorender/FluoRender/VRenderFrame.h:29:
In file included from /Users/otsunah/Documents/GitHub/VVDViewer/VVDViewer/fluorender/FluoRender/DataManager.h:29:
/Users/otsunah/Documents/GitHub/VVDViewer/VVDViewer/fluorender/FluoRender/compatibility.h:364:7: warning: 'wstring_convert<std::codecvt_utf8_utf16<wchar_t>>' is deprecated [-Wdeprecated-declarations]
  364 |         std::wstring_convert<std::codecvt_utf8_utf16<wchar_t>, wchar_t> converter;
      |              ^
/Library/Developer/CommandLineTools/SDKs/MacOSX.sdk/usr/include/c++/v1/locale:3145:28: note: 'wstring_convert<std::codecvt_utf8_utf16<wchar_t>>' has been explicitly marked deprecated here
 3145 | class _LIBCPP_TEMPLATE_VIS _LIBCPP_DEPRECATED_IN_CXX17 wstring_convert {
      |                            ^
/Library/Developer/CommandLineTools/SDKs/MacOSX.sdk/usr/include/c++/v1/__config:731:41: note: expanded from macro '_LIBCPP_DEPRECATED_IN_CXX17'
  731 | #    define _LIBCPP_DEPRECATED_IN_CXX17 _LIBCPP_DEPRECATED
      |                                         ^
/Library/Developer/CommandLineTools/SDKs/MacOSX.sdk/usr/include/c++/v1/__config:696:49: note: expanded from macro '_LIBCPP_DEPRECATED'
  696 | #      define _LIBCPP_DEPRECATED __attribute__((__deprecated__))
      |                                                 ^
In file included from /Users/otsunah/Documents/GitHub/VVDViewer/VVDViewer/fluorender/FluoRender/Tester.cpp:29:
In file included from /Users/otsunah/Documents/GitHub/VVDViewer/VVDViewer/fluorender/FluoRender/VRenderFrame.h:29:
In file included from /Users/otsunah/Documents/GitHub/VVDViewer/VVDViewer/fluorender/FluoRender/DataManager.h:29:
/Users/otsunah/Documents/GitHub/VVDViewer/VVDViewer/fluorender/FluoRender/compatibility.h:370:28: warning: 'codecvt_utf8_utf16<wchar_t>' is deprecated [-Wdeprecated-declarations]
  370 |         std::wstring_convert<std::codecvt_utf8_utf16<wchar_t>, wchar_t> converter;
      |                                   ^
/Library/Developer/CommandLineTools/SDKs/MacOSX.sdk/usr/include/c++/v1/codecvt:568:28: note: 'codecvt_utf8_utf16<wchar_t>' has been explicitly marked deprecated here
  568 | class _LIBCPP_TEMPLATE_VIS _LIBCPP_DEPRECATED_IN_CXX17 codecvt_utf8_utf16 : public __codecvt_utf8_utf16<_Elem> {
      |                            ^
/Library/Developer/CommandLineTools/SDKs/MacOSX.sdk/usr/include/c++/v1/__config:731:41: note: expanded from macro '_LIBCPP_DEPRECATED_IN_CXX17'
  731 | #    define _LIBCPP_DEPRECATED_IN_CXX17 _LIBCPP_DEPRECATED
      |                                         ^
/Library/Developer/CommandLineTools/SDKs/MacOSX.sdk/usr/include/c++/v1/__config:696:49: note: expanded from macro '_LIBCPP_DEPRECATED'
  696 | #      define _LIBCPP_DEPRECATED __attribute__((__deprecated__))
      |                                                 ^
In file included from /Users/otsunah/Documents/GitHub/VVDViewer/VVDViewer/fluorender/FluoRender/Tester.cpp:29:
In file included from /Users/otsunah/Documents/GitHub/VVDViewer/VVDViewer/fluorender/FluoRender/VRenderFrame.h:29:
In file included from /Users/otsunah/Documents/GitHub/VVDViewer/VVDViewer/fluorender/FluoRender/DataManager.h:29:
/Users/otsunah/Documents/GitHub/VVDViewer/VVDViewer/fluorender/FluoRender/compatibility.h:370:7: warning: 'wstring_convert<std::codecvt_utf8_utf16<wchar_t>>' is deprecated [-Wdeprecated-declarations]
  370 |         std::wstring_convert<std::codecvt_utf8_utf16<wchar_t>, wchar_t> converter;
      |              ^
/Library/Developer/CommandLineTools/SDKs/MacOSX.sdk/usr/include/c++/v1/locale:3145:28: note: 'wstring_convert<std::codecvt_utf8_utf16<wchar_t>>' has been explicitly marked deprecated here
 3145 | class _LIBCPP_TEMPLATE_VIS _LIBCPP_DEPRECATED_IN_CXX17 wstring_convert {
      |                            ^
/Library/Developer/CommandLineTools/SDKs/MacOSX.sdk/usr/include/c++/v1/__config:731:41: note: expanded from macro '_LIBCPP_DEPRECATED_IN_CXX17'
  731 | #    define _LIBCPP_DEPRECATED_IN_CXX17 _LIBCPP_DEPRECATED
      |                                         ^
/Library/Developer/CommandLineTools/SDKs/MacOSX.sdk/usr/include/c++/v1/__config:696:49: note: expanded from macro '_LIBCPP_DEPRECATED'
  696 | #      define _LIBCPP_DEPRECATED __attribute__((__deprecated__))
      |                                                 ^
In file included from /Users/otsunah/Documents/GitHub/VVDViewer/VVDViewer/fluorender/FluoRender/Tester.cpp:29:
In file included from /Users/otsunah/Documents/GitHub/VVDViewer/VVDViewer/fluorender/FluoRender/VRenderFrame.h:29:
In file included from /Users/otsunah/Documents/GitHub/VVDViewer/VVDViewer/fluorender/FluoRender/DataManager.h:29:
/Users/otsunah/Documents/GitHub/VVDViewer/VVDViewer/fluorender/FluoRender/compatibility.h:411:10: warning: 'vsprintf' is deprecated: This function is provided for compatibility reasons only.  Due to security concerns inherent in the design of sprintf(3), it is highly recommended that you use vsnprintf(3) instead. [-Wdeprecated-declarations]
  411 |         int r = vsprintf(buf, fmt, args);
      |                 ^
/Library/Developer/CommandLineTools/SDKs/MacOSX.sdk/usr/include/_stdio.h:298:1: note: 'vsprintf' has been explicitly marked deprecated here
  298 | __deprecated_msg("This function is provided for compatibility reasons only.  Due to security concerns inherent in the design of sprintf(3), it is highly recommended that you use vsnprintf(3) instead.")
      | ^
/Library/Developer/CommandLineTools/SDKs/MacOSX.sdk/usr/include/sys/cdefs.h:218:48: note: expanded from macro '__deprecated_msg'
  218 |         #define __deprecated_msg(_msg) __attribute__((__deprecated__(_msg)))
      |                                                       ^
In file included from /Users/otsunah/Documents/GitHub/VVDViewer/VVDViewer/fluorender/FluoRender/Tester.cpp:29:
In file included from /Users/otsunah/Documents/GitHub/VVDViewer/VVDViewer/fluorender/FluoRender/VRenderFrame.h:29:
In file included from /Users/otsunah/Documents/GitHub/VVDViewer/VVDViewer/fluorender/FluoRender/DataManager.h:38:
In file included from /Users/otsunah/Documents/GitHub/VVDViewer/VVDViewer/fluorender/FluoRender/FLIVR/MeshRenderer.h:33:
In file included from /Users/otsunah/Documents/GitHub/VVDViewer/VVDViewer/fluorender/FluoRender/FLIVR/MshShader.h:37:
In file included from /Users/otsunah/Documents/GitHub/VVDViewer/VVDViewer/fluorender/FluoRender/Vulkan/VulkanDevice.hpp:23:
/Users/otsunah/Documents/GitHub/VVDViewer/VVDViewer/fluorender/FluoRender/FLIVR/TextureBrick.h:129:7: warning: cannot delete expression with pointer-to-'void' type 'void *' [-Wdelete-incomplete]
  129 |                                                 delete[] m_nrrd->data;
      |                                                 ^        ~~~~~~~~~~~~
In file included from /Users/otsunah/Documents/GitHub/VVDViewer/VVDViewer/fluorender/FluoRender/Tester.cpp:29:
In file included from /Users/otsunah/Documents/GitHub/VVDViewer/VVDViewer/fluorender/FluoRender/VRenderFrame.h:29:
In file included from /Users/otsunah/Documents/GitHub/VVDViewer/VVDViewer/fluorender/FluoRender/DataManager.h:38:
In file included from /Users/otsunah/Documents/GitHub/VVDViewer/VVDViewer/fluorender/FluoRender/FLIVR/MeshRenderer.h:38:
/Users/otsunah/Documents/GitHub/VVDViewer/VVDViewer/fluorender/FluoRender/VVulkan.h:2:9: warning: 'GLM_FORCE_DEPTH_ZERO_TO_ONE' macro redefined [-Wmacro-redefined]
    2 | #define GLM_FORCE_DEPTH_ZERO_TO_ONE
      |         ^
<command line>:9:9: note: previous definition is here
    9 | #define GLM_FORCE_DEPTH_ZERO_TO_ONE 1
      |         ^
In file included from /Users/otsunah/Documents/GitHub/VVDViewer/VVDViewer/fluorender/FluoRender/Tester.cpp:29:
In file included from /Users/otsunah/Documents/GitHub/VVDViewer/VVDViewer/fluorender/FluoRender/VRenderFrame.h:29:
In file included from /Users/otsunah/Documents/GitHub/VVDViewer/VVDViewer/fluorender/FluoRender/DataManager.h:59:
/Users/otsunah/Documents/GitHub/VVDViewer/VVDViewer/fluorender/FluoRender/Formats/brkxml_reader.h:100:21: warning: cannot delete expression with pointer-to-'void' type 'void *' [-Wdelete-incomplete]
  100 |                     delete[] m_data;
      |                     ^        ~~~~~~
In file included from /Users/otsunah/Documents/GitHub/VVDViewer/VVDViewer/fluorender/FluoRender/Tester.cpp:29:
In file included from /Users/otsunah/Documents/GitHub/VVDViewer/VVDViewer/fluorender/FluoRender/VRenderFrame.h:49:
/Users/otsunah/Documents/GitHub/VVDViewer/VVDViewer/fluorender/FluoRender/MeasureDlg.h:125:9: warning: 'GetSizeAvailableForScrollTarget' overrides a member function but is not marked 'override' [-Winconsistent-missing-override]
  125 |         wxSize GetSizeAvailableForScrollTarget(const wxSize& size) {
      |                ^
/Users/otsunah/Documents/GitHub/VVDViewer/VVDViewer/build/vcpkg_installed/arm64-osx-vvd/include/wx-3.3/wx/generic/listctrl.h:228:20: note: overridden virtual function is here
  228 |     virtual wxSize GetSizeAvailableForScrollTarget(const wxSize& size) override;
      |                    ^
9 warnings generated.
[43/74] Building CXX object CMakeFiles/VVDMainFrame.dir/fluorender/FluoRender/Vulkan/Vulkan2dRender.cpp.o
In file included from /Users/otsunah/Documents/GitHub/VVDViewer/VVDViewer/fluorender/FluoRender/Vulkan/Vulkan2dRender.cpp:1:
In file included from /Users/otsunah/Documents/GitHub/VVDViewer/VVDViewer/fluorender/FluoRender/Vulkan/Vulkan2dRender.h:1:
/Users/otsunah/Documents/GitHub/VVDViewer/VVDViewer/fluorender/FluoRender/VVulkan.h:2:9: warning: 'GLM_FORCE_DEPTH_ZERO_TO_ONE' macro redefined [-Wmacro-redefined]
    2 | #define GLM_FORCE_DEPTH_ZERO_TO_ONE
      |         ^
<command line>:9:9: note: previous definition is here
    9 | #define GLM_FORCE_DEPTH_ZERO_TO_ONE 1
      |         ^
In file included from /Users/otsunah/Documents/GitHub/VVDViewer/VVDViewer/fluorender/FluoRender/Vulkan/Vulkan2dRender.cpp:1:
In file included from /Users/otsunah/Documents/GitHub/VVDViewer/VVDViewer/fluorender/FluoRender/Vulkan/Vulkan2dRender.h:1:
In file included from /Users/otsunah/Documents/GitHub/VVDViewer/VVDViewer/fluorender/FluoRender/VVulkan.h:7:
In file included from /Users/otsunah/Documents/GitHub/VVDViewer/VVDViewer/fluorender/FluoRender/Vulkan/vulkanexamplebase.h:48:
In file included from /Users/otsunah/Documents/GitHub/VVDViewer/VVDViewer/fluorender/FluoRender/Vulkan/VulkanUIOverlay.h:23:
In file included from /Users/otsunah/Documents/GitHub/VVDViewer/VVDViewer/fluorender/FluoRender/Vulkan/VulkanDevice.hpp:23:
/Users/otsunah/Documents/GitHub/VVDViewer/VVDViewer/fluorender/FluoRender/FLIVR/TextureBrick.h:129:7: warning: cannot delete expression with pointer-to-'void' type 'void *' [-Wdelete-incomplete]
  129 |                                                 delete[] m_nrrd->data;
      |                                                 ^        ~~~~~~~~~~~~
/Users/otsunah/Documents/GitHub/VVDViewer/VVDViewer/fluorender/FluoRender/Vulkan/Vulkan2dRender.cpp:586:13: warning: 30 enumeration values not handled in switch: 'VK_IMAGE_LAYOUT_UNDEFINED', 'VK_IMAGE_LAYOUT_GENERAL', 'VK_IMAGE_LAYOUT_DEPTH_STENCIL_READ_ONLY_OPTIMAL'... [-Wswitch]
  586 |                                 switch (params.tex[j]->descriptor.imageLayout) {
      |                                         ^~~~~~~~~~~~~~~~~~~~~~~~~~~~~~~~~~~~~
/Users/otsunah/Documents/GitHub/VVDViewer/VVDViewer/fluorender/FluoRender/Vulkan/Vulkan2dRender.cpp:586:13: note: add missing switch cases
  586 |                                 switch (params.tex[j]->descriptor.imageLayout) {
      |                                         ^
  587 |                                 case VK_IMAGE_LAYOUT_DEPTH_STENCIL_ATTACHMENT_OPTIMAL:
  588 |                                         dst = VK_IMAGE_LAYOUT_DEPTH_STENCIL_READ_ONLY_OPTIMAL;
  589 |                                         break;
  590 |                                 case VK_IMAGE_LAYOUT_PRESENT_SRC_KHR:
  591 |                                         dst = VK_IMAGE_LAYOUT_GENERAL;
  592 |                                         break;
  593 |                                 case VK_IMAGE_LAYOUT_COLOR_ATTACHMENT_OPTIMAL:
  594 |                                         dst = VK_IMAGE_LAYOUT_SHADER_READ_ONLY_OPTIMAL;
  595 |                                         break;
  596 |                                 }
/Users/otsunah/Documents/GitHub/VVDViewer/VVDViewer/fluorender/FluoRender/Vulkan/Vulkan2dRender.cpp:805:14: warning: 30 enumeration values not handled in switch: 'VK_IMAGE_LAYOUT_UNDEFINED', 'VK_IMAGE_LAYOUT_GENERAL', 'VK_IMAGE_LAYOUT_DEPTH_STENCIL_READ_ONLY_OPTIMAL'... [-Wswitch]
  805 |                                         switch (params[s].tex[j]->descriptor.imageLayout) {
      |                                                 ^~~~~~~~~~~~~~~~~~~~~~~~~~~~~~~~~~~~~~~~
/Users/otsunah/Documents/GitHub/VVDViewer/VVDViewer/fluorender/FluoRender/Vulkan/Vulkan2dRender.cpp:805:14: note: add missing switch cases
  805 |                                         switch (params[s].tex[j]->descriptor.imageLayout) {
      |                                                 ^
  806 |                                         case VK_IMAGE_LAYOUT_DEPTH_STENCIL_ATTACHMENT_OPTIMAL:
  807 |                                                 dst = VK_IMAGE_LAYOUT_DEPTH_STENCIL_READ_ONLY_OPTIMAL;
  808 |                                                 break;
  809 |                                         case VK_IMAGE_LAYOUT_PRESENT_SRC_KHR:
  810 |                                                 dst = VK_IMAGE_LAYOUT_GENERAL;
  811 |                                                 break;
  812 |                                         case VK_IMAGE_LAYOUT_COLOR_ATTACHMENT_OPTIMAL:
  813 |                                                 dst = VK_IMAGE_LAYOUT_SHADER_READ_ONLY_OPTIMAL;
  814 |                                                 break;
  815 |                                         }
4 warnings generated.
[44/74] Building CXX object CMakeFiles/VVDMainFrame.dir/fluorender/FluoRender/Vulkan/vulkanexamplebase.cpp.o
In file included from /Users/otsunah/Documents/GitHub/VVDViewer/VVDViewer/fluorender/FluoRender/Vulkan/vulkanexamplebase.cpp:9:
/Users/otsunah/Documents/GitHub/VVDViewer/VVDViewer/fluorender/FluoRender/Vulkan/vulkanexamplebase.h:36:9: warning: 'GLM_FORCE_DEPTH_ZERO_TO_ONE' macro redefined [-Wmacro-redefined]
   36 | #define GLM_FORCE_DEPTH_ZERO_TO_ONE
      |         ^
<command line>:9:9: note: previous definition is here
    9 | #define GLM_FORCE_DEPTH_ZERO_TO_ONE 1
      |         ^
In file included from /Users/otsunah/Documents/GitHub/VVDViewer/VVDViewer/fluorender/FluoRender/Vulkan/vulkanexamplebase.cpp:9:
In file included from /Users/otsunah/Documents/GitHub/VVDViewer/VVDViewer/fluorender/FluoRender/Vulkan/vulkanexamplebase.h:48:
In file included from /Users/otsunah/Documents/GitHub/VVDViewer/VVDViewer/fluorender/FluoRender/Vulkan/VulkanUIOverlay.h:23:
In file included from /Users/otsunah/Documents/GitHub/VVDViewer/VVDViewer/fluorender/FluoRender/Vulkan/VulkanDevice.hpp:23:
/Users/otsunah/Documents/GitHub/VVDViewer/VVDViewer/fluorender/FluoRender/FLIVR/TextureBrick.h:129:7: warning: cannot delete expression with pointer-to-'void' type 'void *' [-Wdelete-incomplete]
  129 |                                                 delete[] m_nrrd->data;
      |                                                 ^        ~~~~~~~~~~~~
/Users/otsunah/Documents/GitHub/VVDViewer/VVDViewer/fluorender/FluoRender/Vulkan/vulkanexamplebase.cpp:362:11: warning: enumeration values 'VK_PHYSICAL_DEVICE_TYPE_OTHER' and 'VK_PHYSICAL_DEVICE_TYPE_MAX_ENUM' not handled in switch [-Wswitch]
  362 |                 switch (deviceProperties.deviceType) {
      |                         ^~~~~~~~~~~~~~~~~~~~~~~~~~~
/Users/otsunah/Documents/GitHub/VVDViewer/VVDViewer/fluorender/FluoRender/Vulkan/vulkanexamplebase.cpp:362:11: note: add missing switch cases
  362 |                 switch (deviceProperties.deviceType) {
      |                         ^
  363 |                 case VkPhysicalDeviceType::VK_PHYSICAL_DEVICE_TYPE_DISCRETE_GPU:
  364 |                         device_score[i] += 100.0;
  365 |                         break;
  366 |                 case VkPhysicalDeviceType::VK_PHYSICAL_DEVICE_TYPE_INTEGRATED_GPU:
  367 |                         device_score[i] += 90.0;
  368 |                         break;
  369 |                 case VkPhysicalDeviceType::VK_PHYSICAL_DEVICE_TYPE_VIRTUAL_GPU:
  370 |                         device_score[i] += 80.0;
  371 |                         break;
  372 |                 case VkPhysicalDeviceType::VK_PHYSICAL_DEVICE_TYPE_CPU:
  373 |                         device_score[i] += 70.0;
  374 |                         break;
  375 |                 }
3 warnings generated.
[45/74] Building CXX object CMakeFiles/VVDMainFrame.dir/external/imgui/imgui_draw.cpp.o
[46/74] Building CXX object CMakeFiles/VVDMainFrame.dir/fluorender/FluoRender/DataManager.cpp.o
In file included from /Users/otsunah/Documents/GitHub/VVDViewer/VVDViewer/fluorender/FluoRender/DataManager.cpp:1:
In file included from /Users/otsunah/Documents/GitHub/VVDViewer/VVDViewer/fluorender/FluoRender/DataManager.h:29:
/Users/otsunah/Documents/GitHub/VVDViewer/VVDViewer/fluorender/FluoRender/compatibility.h:364:28: warning: 'codecvt_utf8_utf16<wchar_t>' is deprecated [-Wdeprecated-declarations]
  364 |         std::wstring_convert<std::codecvt_utf8_utf16<wchar_t>, wchar_t> converter;
      |                                   ^
/Library/Developer/CommandLineTools/SDKs/MacOSX.sdk/usr/include/c++/v1/codecvt:568:28: note: 'codecvt_utf8_utf16<wchar_t>' has been explicitly marked deprecated here
  568 | class _LIBCPP_TEMPLATE_VIS _LIBCPP_DEPRECATED_IN_CXX17 codecvt_utf8_utf16 : public __codecvt_utf8_utf16<_Elem> {
      |                            ^
/Library/Developer/CommandLineTools/SDKs/MacOSX.sdk/usr/include/c++/v1/__config:731:41: note: expanded from macro '_LIBCPP_DEPRECATED_IN_CXX17'
  731 | #    define _LIBCPP_DEPRECATED_IN_CXX17 _LIBCPP_DEPRECATED
      |                                         ^
/Library/Developer/CommandLineTools/SDKs/MacOSX.sdk/usr/include/c++/v1/__config:696:49: note: expanded from macro '_LIBCPP_DEPRECATED'
  696 | #      define _LIBCPP_DEPRECATED __attribute__((__deprecated__))
      |                                                 ^
In file included from /Users/otsunah/Documents/GitHub/VVDViewer/VVDViewer/fluorender/FluoRender/DataManager.cpp:1:
In file included from /Users/otsunah/Documents/GitHub/VVDViewer/VVDViewer/fluorender/FluoRender/DataManager.h:29:
/Users/otsunah/Documents/GitHub/VVDViewer/VVDViewer/fluorender/FluoRender/compatibility.h:364:7: warning: 'wstring_convert<std::codecvt_utf8_utf16<wchar_t>>' is deprecated [-Wdeprecated-declarations]
  364 |         std::wstring_convert<std::codecvt_utf8_utf16<wchar_t>, wchar_t> converter;
      |              ^
/Library/Developer/CommandLineTools/SDKs/MacOSX.sdk/usr/include/c++/v1/locale:3145:28: note: 'wstring_convert<std::codecvt_utf8_utf16<wchar_t>>' has been explicitly marked deprecated here
 3145 | class _LIBCPP_TEMPLATE_VIS _LIBCPP_DEPRECATED_IN_CXX17 wstring_convert {
      |                            ^
/Library/Developer/CommandLineTools/SDKs/MacOSX.sdk/usr/include/c++/v1/__config:731:41: note: expanded from macro '_LIBCPP_DEPRECATED_IN_CXX17'
  731 | #    define _LIBCPP_DEPRECATED_IN_CXX17 _LIBCPP_DEPRECATED
      |                                         ^
/Library/Developer/CommandLineTools/SDKs/MacOSX.sdk/usr/include/c++/v1/__config:696:49: note: expanded from macro '_LIBCPP_DEPRECATED'
  696 | #      define _LIBCPP_DEPRECATED __attribute__((__deprecated__))
      |                                                 ^
In file included from /Users/otsunah/Documents/GitHub/VVDViewer/VVDViewer/fluorender/FluoRender/DataManager.cpp:1:
In file included from /Users/otsunah/Documents/GitHub/VVDViewer/VVDViewer/fluorender/FluoRender/DataManager.h:29:
/Users/otsunah/Documents/GitHub/VVDViewer/VVDViewer/fluorender/FluoRender/compatibility.h:370:28: warning: 'codecvt_utf8_utf16<wchar_t>' is deprecated [-Wdeprecated-declarations]
  370 |         std::wstring_convert<std::codecvt_utf8_utf16<wchar_t>, wchar_t> converter;
      |                                   ^
/Library/Developer/CommandLineTools/SDKs/MacOSX.sdk/usr/include/c++/v1/codecvt:568:28: note: 'codecvt_utf8_utf16<wchar_t>' has been explicitly marked deprecated here
  568 | class _LIBCPP_TEMPLATE_VIS _LIBCPP_DEPRECATED_IN_CXX17 codecvt_utf8_utf16 : public __codecvt_utf8_utf16<_Elem> {
      |                            ^
/Library/Developer/CommandLineTools/SDKs/MacOSX.sdk/usr/include/c++/v1/__config:731:41: note: expanded from macro '_LIBCPP_DEPRECATED_IN_CXX17'
  731 | #    define _LIBCPP_DEPRECATED_IN_CXX17 _LIBCPP_DEPRECATED
      |                                         ^
/Library/Developer/CommandLineTools/SDKs/MacOSX.sdk/usr/include/c++/v1/__config:696:49: note: expanded from macro '_LIBCPP_DEPRECATED'
  696 | #      define _LIBCPP_DEPRECATED __attribute__((__deprecated__))
      |                                                 ^
In file included from /Users/otsunah/Documents/GitHub/VVDViewer/VVDViewer/fluorender/FluoRender/DataManager.cpp:1:
In file included from /Users/otsunah/Documents/GitHub/VVDViewer/VVDViewer/fluorender/FluoRender/DataManager.h:29:
/Users/otsunah/Documents/GitHub/VVDViewer/VVDViewer/fluorender/FluoRender/compatibility.h:370:7: warning: 'wstring_convert<std::codecvt_utf8_utf16<wchar_t>>' is deprecated [-Wdeprecated-declarations]
  370 |         std::wstring_convert<std::codecvt_utf8_utf16<wchar_t>, wchar_t> converter;
      |              ^
/Library/Developer/CommandLineTools/SDKs/MacOSX.sdk/usr/include/c++/v1/locale:3145:28: note: 'wstring_convert<std::codecvt_utf8_utf16<wchar_t>>' has been explicitly marked deprecated here
 3145 | class _LIBCPP_TEMPLATE_VIS _LIBCPP_DEPRECATED_IN_CXX17 wstring_convert {
      |                            ^
/Library/Developer/CommandLineTools/SDKs/MacOSX.sdk/usr/include/c++/v1/__config:731:41: note: expanded from macro '_LIBCPP_DEPRECATED_IN_CXX17'
  731 | #    define _LIBCPP_DEPRECATED_IN_CXX17 _LIBCPP_DEPRECATED
      |                                         ^
/Library/Developer/CommandLineTools/SDKs/MacOSX.sdk/usr/include/c++/v1/__config:696:49: note: expanded from macro '_LIBCPP_DEPRECATED'
  696 | #      define _LIBCPP_DEPRECATED __attribute__((__deprecated__))
      |                                                 ^
In file included from /Users/otsunah/Documents/GitHub/VVDViewer/VVDViewer/fluorender/FluoRender/DataManager.cpp:1:
In file included from /Users/otsunah/Documents/GitHub/VVDViewer/VVDViewer/fluorender/FluoRender/DataManager.h:29:
/Users/otsunah/Documents/GitHub/VVDViewer/VVDViewer/fluorender/FluoRender/compatibility.h:411:10: warning: 'vsprintf' is deprecated: This function is provided for compatibility reasons only.  Due to security concerns inherent in the design of sprintf(3), it is highly recommended that you use vsnprintf(3) instead. [-Wdeprecated-declarations]
  411 |         int r = vsprintf(buf, fmt, args);
      |                 ^
/Library/Developer/CommandLineTools/SDKs/MacOSX.sdk/usr/include/_stdio.h:298:1: note: 'vsprintf' has been explicitly marked deprecated here
  298 | __deprecated_msg("This function is provided for compatibility reasons only.  Due to security concerns inherent in the design of sprintf(3), it is highly recommended that you use vsnprintf(3) instead.")
      | ^
/Library/Developer/CommandLineTools/SDKs/MacOSX.sdk/usr/include/sys/cdefs.h:218:48: note: expanded from macro '__deprecated_msg'
  218 |         #define __deprecated_msg(_msg) __attribute__((__deprecated__(_msg)))
      |                                                       ^
In file included from /Users/otsunah/Documents/GitHub/VVDViewer/VVDViewer/fluorender/FluoRender/DataManager.cpp:1:
In file included from /Users/otsunah/Documents/GitHub/VVDViewer/VVDViewer/fluorender/FluoRender/DataManager.h:38:
In file included from /Users/otsunah/Documents/GitHub/VVDViewer/VVDViewer/fluorender/FluoRender/FLIVR/MeshRenderer.h:33:
In file included from /Users/otsunah/Documents/GitHub/VVDViewer/VVDViewer/fluorender/FluoRender/FLIVR/MshShader.h:37:
In file included from /Users/otsunah/Documents/GitHub/VVDViewer/VVDViewer/fluorender/FluoRender/Vulkan/VulkanDevice.hpp:23:
/Users/otsunah/Documents/GitHub/VVDViewer/VVDViewer/fluorender/FluoRender/FLIVR/TextureBrick.h:129:7: warning: cannot delete expression with pointer-to-'void' type 'void *' [-Wdelete-incomplete]
  129 |                                                 delete[] m_nrrd->data;
      |                                                 ^        ~~~~~~~~~~~~
In file included from /Users/otsunah/Documents/GitHub/VVDViewer/VVDViewer/fluorender/FluoRender/DataManager.cpp:1:
In file included from /Users/otsunah/Documents/GitHub/VVDViewer/VVDViewer/fluorender/FluoRender/DataManager.h:38:
In file included from /Users/otsunah/Documents/GitHub/VVDViewer/VVDViewer/fluorender/FluoRender/FLIVR/MeshRenderer.h:38:
/Users/otsunah/Documents/GitHub/VVDViewer/VVDViewer/fluorender/FluoRender/VVulkan.h:2:9: warning: 'GLM_FORCE_DEPTH_ZERO_TO_ONE' macro redefined [-Wmacro-redefined]
    2 | #define GLM_FORCE_DEPTH_ZERO_TO_ONE
      |         ^
<command line>:9:9: note: previous definition is here
    9 | #define GLM_FORCE_DEPTH_ZERO_TO_ONE 1
      |         ^
In file included from /Users/otsunah/Documents/GitHub/VVDViewer/VVDViewer/fluorender/FluoRender/DataManager.cpp:1:
In file included from /Users/otsunah/Documents/GitHub/VVDViewer/VVDViewer/fluorender/FluoRender/DataManager.h:59:
/Users/otsunah/Documents/GitHub/VVDViewer/VVDViewer/fluorender/FluoRender/Formats/brkxml_reader.h:100:21: warning: cannot delete expression with pointer-to-'void' type 'void *' [-Wdelete-incomplete]
  100 |                     delete[] m_data;
      |                     ^        ~~~~~~
/Users/otsunah/Documents/GitHub/VVDViewer/VVDViewer/fluorender/FluoRender/DataManager.cpp:1054:3: warning: 'uint8' is deprecated [-Wdeprecated-declarations]
 1054 |                 uint8 *val8 = new (std::nothrow) uint8[mem_size];
      |                 ^
/Users/otsunah/Documents/GitHub/VVDViewer/VVDViewer/build/vcpkg_installed/arm64-osx-vvd/include/tiff.h:80:43: note: 'uint8' has been explicitly marked deprecated here
   80 | typedef TIFF_MSC_DEPRECATED uint8_t uint8 TIFF_GCC_DEPRECATED;
      |                                           ^
/Users/otsunah/Documents/GitHub/VVDViewer/VVDViewer/build/vcpkg_installed/arm64-osx-vvd/include/tiff.h:66:44: note: expanded from macro 'TIFF_GCC_DEPRECATED'
   66 | #define TIFF_GCC_DEPRECATED __attribute__((deprecated))
      |                                            ^
/Users/otsunah/Documents/GitHub/VVDViewer/VVDViewer/fluorender/FluoRender/DataManager.cpp:1054:36: warning: 'uint8' is deprecated [-Wdeprecated-declarations]
 1054 |                 uint8 *val8 = new (std::nothrow) uint8[mem_size];
      |                                                  ^
/Users/otsunah/Documents/GitHub/VVDViewer/VVDViewer/build/vcpkg_installed/arm64-osx-vvd/include/tiff.h:80:43: note: 'uint8' has been explicitly marked deprecated here
   80 | typedef TIFF_MSC_DEPRECATED uint8_t uint8 TIFF_GCC_DEPRECATED;
      |                                           ^
/Users/otsunah/Documents/GitHub/VVDViewer/VVDViewer/build/vcpkg_installed/arm64-osx-vvd/include/tiff.h:66:44: note: expanded from macro 'TIFF_GCC_DEPRECATED'
   66 | #define TIFF_GCC_DEPRECATED __attribute__((deprecated))
      |                                            ^
/Users/otsunah/Documents/GitHub/VVDViewer/VVDViewer/fluorender/FluoRender/DataManager.cpp:1060:33: warning: 'uint8' is deprecated [-Wdeprecated-declarations]
 1060 |                 memset((void*)val8, 0, sizeof(uint8)*nx*ny*nz);
      |                                               ^
/Users/otsunah/Documents/GitHub/VVDViewer/VVDViewer/build/vcpkg_installed/arm64-osx-vvd/include/tiff.h:80:43: note: 'uint8' has been explicitly marked deprecated here
   80 | typedef TIFF_MSC_DEPRECATED uint8_t uint8 TIFF_GCC_DEPRECATED;
      |                                           ^
/Users/otsunah/Documents/GitHub/VVDViewer/VVDViewer/build/vcpkg_installed/arm64-osx-vvd/include/tiff.h:66:44: note: expanded from macro 'TIFF_GCC_DEPRECATED'
   66 | #define TIFF_GCC_DEPRECATED __attribute__((deprecated))
      |                                            ^
/Users/otsunah/Documents/GitHub/VVDViewer/VVDViewer/fluorender/FluoRender/DataManager.cpp:1067:3: warning: 'uint16' is deprecated [-Wdeprecated-declarations]
 1067 |                 uint16 *val16 = new (std::nothrow) uint16[mem_size];
      |                 ^
/Users/otsunah/Documents/GitHub/VVDViewer/VVDViewer/build/vcpkg_installed/arm64-osx-vvd/include/tiff.h:83:45: note: 'uint16' has been explicitly marked deprecated here
   83 | typedef TIFF_MSC_DEPRECATED uint16_t uint16 TIFF_GCC_DEPRECATED;
      |                                             ^
/Users/otsunah/Documents/GitHub/VVDViewer/VVDViewer/build/vcpkg_installed/arm64-osx-vvd/include/tiff.h:66:44: note: expanded from macro 'TIFF_GCC_DEPRECATED'
   66 | #define TIFF_GCC_DEPRECATED __attribute__((deprecated))
      |                                            ^
/Users/otsunah/Documents/GitHub/VVDViewer/VVDViewer/fluorender/FluoRender/DataManager.cpp:1067:38: warning: 'uint16' is deprecated [-Wdeprecated-declarations]
 1067 |                 uint16 *val16 = new (std::nothrow) uint16[mem_size];
      |                                                    ^
/Users/otsunah/Documents/GitHub/VVDViewer/VVDViewer/build/vcpkg_installed/arm64-osx-vvd/include/tiff.h:83:45: note: 'uint16' has been explicitly marked deprecated here
   83 | typedef TIFF_MSC_DEPRECATED uint16_t uint16 TIFF_GCC_DEPRECATED;
      |                                             ^
/Users/otsunah/Documents/GitHub/VVDViewer/VVDViewer/build/vcpkg_installed/arm64-osx-vvd/include/tiff.h:66:44: note: expanded from macro 'TIFF_GCC_DEPRECATED'
   66 | #define TIFF_GCC_DEPRECATED __attribute__((deprecated))
      |                                            ^
/Users/otsunah/Documents/GitHub/VVDViewer/VVDViewer/fluorender/FluoRender/DataManager.cpp:1073:34: warning: 'uint16' is deprecated [-Wdeprecated-declarations]
 1073 |                 memset((void*)val16, 0, sizeof(uint16)*nx*ny*nz);
      |                                                ^
/Users/otsunah/Documents/GitHub/VVDViewer/VVDViewer/build/vcpkg_installed/arm64-osx-vvd/include/tiff.h:83:45: note: 'uint16' has been explicitly marked deprecated here
   83 | typedef TIFF_MSC_DEPRECATED uint16_t uint16 TIFF_GCC_DEPRECATED;
      |                                             ^
/Users/otsunah/Documents/GitHub/VVDViewer/VVDViewer/build/vcpkg_installed/arm64-osx-vvd/include/tiff.h:66:44: note: expanded from macro 'TIFF_GCC_DEPRECATED'
   66 | #define TIFF_GCC_DEPRECATED __attribute__((deprecated))
      |                                            ^
/Users/otsunah/Documents/GitHub/VVDViewer/VVDViewer/fluorender/FluoRender/DataManager.cpp:1278:3: warning: 'uint8' is deprecated [-Wdeprecated-declarations]
 1278 |                 uint8 *val8 = new (std::nothrow) uint8[mem_size];
      |                 ^
/Users/otsunah/Documents/GitHub/VVDViewer/VVDViewer/build/vcpkg_installed/arm64-osx-vvd/include/tiff.h:80:43: note: 'uint8' has been explicitly marked deprecated here
   80 | typedef TIFF_MSC_DEPRECATED uint8_t uint8 TIFF_GCC_DEPRECATED;
      |                                           ^
/Users/otsunah/Documents/GitHub/VVDViewer/VVDViewer/build/vcpkg_installed/arm64-osx-vvd/include/tiff.h:66:44: note: expanded from macro 'TIFF_GCC_DEPRECATED'
   66 | #define TIFF_GCC_DEPRECATED __attribute__((deprecated))
      |                                            ^
/Users/otsunah/Documents/GitHub/VVDViewer/VVDViewer/fluorender/FluoRender/DataManager.cpp:1278:36: warning: 'uint8' is deprecated [-Wdeprecated-declarations]
 1278 |                 uint8 *val8 = new (std::nothrow) uint8[mem_size];
      |                                                  ^
/Users/otsunah/Documents/GitHub/VVDViewer/VVDViewer/build/vcpkg_installed/arm64-osx-vvd/include/tiff.h:80:43: note: 'uint8' has been explicitly marked deprecated here
   80 | typedef TIFF_MSC_DEPRECATED uint8_t uint8 TIFF_GCC_DEPRECATED;
      |                                           ^
/Users/otsunah/Documents/GitHub/VVDViewer/VVDViewer/build/vcpkg_installed/arm64-osx-vvd/include/tiff.h:66:44: note: expanded from macro 'TIFF_GCC_DEPRECATED'
   66 | #define TIFF_GCC_DEPRECATED __attribute__((deprecated))
      |                                            ^
/Users/otsunah/Documents/GitHub/VVDViewer/VVDViewer/fluorender/FluoRender/DataManager.cpp:1286:42: warning: 'uint8' is deprecated [-Wdeprecated-declarations]
 1286 |                 memset((void*)val8, 0, mem_size*sizeof(uint8));
      |                                                        ^
/Users/otsunah/Documents/GitHub/VVDViewer/VVDViewer/build/vcpkg_installed/arm64-osx-vvd/include/tiff.h:80:43: note: 'uint8' has been explicitly marked deprecated here
   80 | typedef TIFF_MSC_DEPRECATED uint8_t uint8 TIFF_GCC_DEPRECATED;
      |                                           ^
/Users/otsunah/Documents/GitHub/VVDViewer/VVDViewer/build/vcpkg_installed/arm64-osx-vvd/include/tiff.h:66:44: note: expanded from macro 'TIFF_GCC_DEPRECATED'
   66 | #define TIFF_GCC_DEPRECATED __attribute__((deprecated))
      |                                            ^
/Users/otsunah/Documents/GitHub/VVDViewer/VVDViewer/fluorender/FluoRender/DataManager.cpp:1325:3: warning: 'uint8' is deprecated [-Wdeprecated-declarations]
 1325 |                 uint8 *val8 = new (std::nothrow) uint8[mem_size];
      |                 ^
/Users/otsunah/Documents/GitHub/VVDViewer/VVDViewer/build/vcpkg_installed/arm64-osx-vvd/include/tiff.h:80:43: note: 'uint8' has been explicitly marked deprecated here
   80 | typedef TIFF_MSC_DEPRECATED uint8_t uint8 TIFF_GCC_DEPRECATED;
      |                                           ^
/Users/otsunah/Documents/GitHub/VVDViewer/VVDViewer/build/vcpkg_installed/arm64-osx-vvd/include/tiff.h:66:44: note: expanded from macro 'TIFF_GCC_DEPRECATED'
   66 | #define TIFF_GCC_DEPRECATED __attribute__((deprecated))
      |                                            ^
/Users/otsunah/Documents/GitHub/VVDViewer/VVDViewer/fluorender/FluoRender/DataManager.cpp:1325:36: warning: 'uint8' is deprecated [-Wdeprecated-declarations]
 1325 |                 uint8 *val8 = new (std::nothrow) uint8[mem_size];
      |                                                  ^
/Users/otsunah/Documents/GitHub/VVDViewer/VVDViewer/build/vcpkg_installed/arm64-osx-vvd/include/tiff.h:80:43: note: 'uint8' has been explicitly marked deprecated here
   80 | typedef TIFF_MSC_DEPRECATED uint8_t uint8 TIFF_GCC_DEPRECATED;
      |                                           ^
/Users/otsunah/Documents/GitHub/VVDViewer/VVDViewer/build/vcpkg_installed/arm64-osx-vvd/include/tiff.h:66:44: note: expanded from macro 'TIFF_GCC_DEPRECATED'
   66 | #define TIFF_GCC_DEPRECATED __attribute__((deprecated))
      |                                            ^
/Users/otsunah/Documents/GitHub/VVDViewer/VVDViewer/fluorender/FluoRender/DataManager.cpp:1333:42: warning: 'uint8' is deprecated [-Wdeprecated-declarations]
 1333 |                 memset((void*)val8, 0, mem_size*sizeof(uint8));
      |                                                        ^
/Users/otsunah/Documents/GitHub/VVDViewer/VVDViewer/build/vcpkg_installed/arm64-osx-vvd/include/tiff.h:80:43: note: 'uint8' has been explicitly marked deprecated here
   80 | typedef TIFF_MSC_DEPRECATED uint8_t uint8 TIFF_GCC_DEPRECATED;
      |                                           ^
/Users/otsunah/Documents/GitHub/VVDViewer/VVDViewer/build/vcpkg_installed/arm64-osx-vvd/include/tiff.h:66:44: note: expanded from macro 'TIFF_GCC_DEPRECATED'
   66 | #define TIFF_GCC_DEPRECATED __attribute__((deprecated))
      |                                            ^
/Users/otsunah/Documents/GitHub/VVDViewer/VVDViewer/fluorender/FluoRender/DataManager.cpp:1642:4: warning: 'uint8' is deprecated [-Wdeprecated-declarations]
 1642 |                         uint8 old_value = ((uint8*)(data->data))[index];
      |                         ^
/Users/otsunah/Documents/GitHub/VVDViewer/VVDViewer/build/vcpkg_installed/arm64-osx-vvd/include/tiff.h:80:43: note: 'uint8' has been explicitly marked deprecated here
   80 | typedef TIFF_MSC_DEPRECATED uint8_t uint8 TIFF_GCC_DEPRECATED;
      |                                           ^
/Users/otsunah/Documents/GitHub/VVDViewer/VVDViewer/build/vcpkg_installed/arm64-osx-vvd/include/tiff.h:66:44: note: expanded from macro 'TIFF_GCC_DEPRECATED'
   66 | #define TIFF_GCC_DEPRECATED __attribute__((deprecated))
      |                                            ^
/Users/otsunah/Documents/GitHub/VVDViewer/VVDViewer/fluorender/FluoRender/DataManager.cpp:1642:24: warning: 'uint8' is deprecated [-Wdeprecated-declarations]
 1642 |                         uint8 old_value = ((uint8*)(data->data))[index];
      |                                             ^
/Users/otsunah/Documents/GitHub/VVDViewer/VVDViewer/build/vcpkg_installed/arm64-osx-vvd/include/tiff.h:80:43: note: 'uint8' has been explicitly marked deprecated here
   80 | typedef TIFF_MSC_DEPRECATED uint8_t uint8 TIFF_GCC_DEPRECATED;
      |                                           ^
/Users/otsunah/Documents/GitHub/VVDViewer/VVDViewer/build/vcpkg_installed/arm64-osx-vvd/include/tiff.h:66:44: note: expanded from macro 'TIFF_GCC_DEPRECATED'
   66 | #define TIFF_GCC_DEPRECATED __attribute__((deprecated))
      |                                            ^
/Users/otsunah/Documents/GitHub/VVDViewer/VVDViewer/fluorender/FluoRender/DataManager.cpp:1647:19: warning: 'uint8' is deprecated [-Wdeprecated-declarations]
 1647 |                                         old_value = (uint8)combined_seg_id;
      |                                                      ^
/Users/otsunah/Documents/GitHub/VVDViewer/VVDViewer/build/vcpkg_installed/arm64-osx-vvd/include/tiff.h:80:43: note: 'uint8' has been explicitly marked deprecated here
   80 | typedef TIFF_MSC_DEPRECATED uint8_t uint8 TIFF_GCC_DEPRECATED;
      |                                           ^
/Users/otsunah/Documents/GitHub/VVDViewer/VVDViewer/build/vcpkg_installed/arm64-osx-vvd/include/tiff.h:66:44: note: expanded from macro 'TIFF_GCC_DEPRECATED'
   66 | #define TIFF_GCC_DEPRECATED __attribute__((deprecated))
      |                                            ^
/Users/otsunah/Documents/GitHub/VVDViewer/VVDViewer/fluorender/FluoRender/DataManager.cpp:1654:4: warning: 'uint16' is deprecated [-Wdeprecated-declarations]
 1654 |                         uint16 old_value = ((uint16*)(data->data))[index];
      |                         ^
/Users/otsunah/Documents/GitHub/VVDViewer/VVDViewer/build/vcpkg_installed/arm64-osx-vvd/include/tiff.h:83:45: note: 'uint16' has been explicitly marked deprecated here
   83 | typedef TIFF_MSC_DEPRECATED uint16_t uint16 TIFF_GCC_DEPRECATED;
      |                                             ^
/Users/otsunah/Documents/GitHub/VVDViewer/VVDViewer/build/vcpkg_installed/arm64-osx-vvd/include/tiff.h:66:44: note: expanded from macro 'TIFF_GCC_DEPRECATED'
   66 | #define TIFF_GCC_DEPRECATED __attribute__((deprecated))
      |                                            ^
/Users/otsunah/Documents/GitHub/VVDViewer/VVDViewer/fluorender/FluoRender/DataManager.cpp:1654:25: warning: 'uint16' is deprecated [-Wdeprecated-declarations]
 1654 |                         uint16 old_value = ((uint16*)(data->data))[index];
      |                                              ^
/Users/otsunah/Documents/GitHub/VVDViewer/VVDViewer/build/vcpkg_installed/arm64-osx-vvd/include/tiff.h:83:45: note: 'uint16' has been explicitly marked deprecated here
   83 | typedef TIFF_MSC_DEPRECATED uint16_t uint16 TIFF_GCC_DEPRECATED;
      |                                             ^
/Users/otsunah/Documents/GitHub/VVDViewer/VVDViewer/build/vcpkg_installed/arm64-osx-vvd/include/tiff.h:66:44: note: expanded from macro 'TIFF_GCC_DEPRECATED'
   66 | #define TIFF_GCC_DEPRECATED __attribute__((deprecated))
      |                                            ^
/Users/otsunah/Documents/GitHub/VVDViewer/VVDViewer/fluorender/FluoRender/DataManager.cpp:1659:19: warning: 'uint16' is deprecated [-Wdeprecated-declarations]
 1659 |                                         old_value = (uint16)combined_seg_id;
      |                                                      ^
/Users/otsunah/Documents/GitHub/VVDViewer/VVDViewer/build/vcpkg_installed/arm64-osx-vvd/include/tiff.h:83:45: note: 'uint16' has been explicitly marked deprecated here
   83 | typedef TIFF_MSC_DEPRECATED uint16_t uint16 TIFF_GCC_DEPRECATED;
      |                                             ^
/Users/otsunah/Documents/GitHub/VVDViewer/VVDViewer/build/vcpkg_installed/arm64-osx-vvd/include/tiff.h:66:44: note: expanded from macro 'TIFF_GCC_DEPRECATED'
   66 | #define TIFF_GCC_DEPRECATED __attribute__((deprecated))
      |                                            ^
/Users/otsunah/Documents/GitHub/VVDViewer/VVDViewer/fluorender/FluoRender/DataManager.cpp:1717:26: warning: 'uint8' is deprecated [-Wdeprecated-declarations]
 1717 |                         old_value = (double)((uint8*)(data->data))[index];
      |                                               ^
/Users/otsunah/Documents/GitHub/VVDViewer/VVDViewer/build/vcpkg_installed/arm64-osx-vvd/include/tiff.h:80:43: note: 'uint8' has been explicitly marked deprecated here
   80 | typedef TIFF_MSC_DEPRECATED uint8_t uint8 TIFF_GCC_DEPRECATED;
      |                                           ^
/Users/otsunah/Documents/GitHub/VVDViewer/VVDViewer/build/vcpkg_installed/arm64-osx-vvd/include/tiff.h:66:44: note: expanded from macro 'TIFF_GCC_DEPRECATED'
   66 | #define TIFF_GCC_DEPRECATED __attribute__((deprecated))
      |                                            ^
/Users/otsunah/Documents/GitHub/VVDViewer/VVDViewer/fluorender/FluoRender/DataManager.cpp:1732:12: warning: 'uint8' is deprecated [-Wdeprecated-declarations]
 1732 |                                 v1 = ((uint8*)(data->data))[nx*ny*kk + nx*jj + ii-1];
      |                                        ^
/Users/otsunah/Documents/GitHub/VVDViewer/VVDViewer/build/vcpkg_installed/arm64-osx-vvd/include/tiff.h:80:43: note: 'uint8' has been explicitly marked deprecated here
   80 | typedef TIFF_MSC_DEPRECATED uint8_t uint8 TIFF_GCC_DEPRECATED;
      |                                           ^
/Users/otsunah/Documents/GitHub/VVDViewer/VVDViewer/build/vcpkg_installed/arm64-osx-vvd/include/tiff.h:66:44: note: expanded from macro 'TIFF_GCC_DEPRECATED'
   66 | #define TIFF_GCC_DEPRECATED __attribute__((deprecated))
      |                                            ^
/Users/otsunah/Documents/GitHub/VVDViewer/VVDViewer/fluorender/FluoRender/DataManager.cpp:1733:12: warning: 'uint8' is deprecated [-Wdeprecated-declarations]
 1733 |                                 v2 = ((uint8*)(data->data))[nx*ny*kk + nx*jj + ii+1];
      |                                        ^
/Users/otsunah/Documents/GitHub/VVDViewer/VVDViewer/build/vcpkg_installed/arm64-osx-vvd/include/tiff.h:80:43: note: 'uint8' has been explicitly marked deprecated here
   80 | typedef TIFF_MSC_DEPRECATED uint8_t uint8 TIFF_GCC_DEPRECATED;
      |                                           ^
/Users/otsunah/Documents/GitHub/VVDViewer/VVDViewer/build/vcpkg_installed/arm64-osx-vvd/include/tiff.h:66:44: note: expanded from macro 'TIFF_GCC_DEPRECATED'
   66 | #define TIFF_GCC_DEPRECATED __attribute__((deprecated))
      |                                            ^
/Users/otsunah/Documents/GitHub/VVDViewer/VVDViewer/fluorender/FluoRender/DataManager.cpp:1734:12: warning: 'uint8' is deprecated [-Wdeprecated-declarations]
 1734 |                                 v3 = ((uint8*)(data->data))[nx*ny*kk + nx*(jj-1) + ii];
      |                                        ^
/Users/otsunah/Documents/GitHub/VVDViewer/VVDViewer/build/vcpkg_installed/arm64-osx-vvd/include/tiff.h:80:43: note: 'uint8' has been explicitly marked deprecated here
   80 | typedef TIFF_MSC_DEPRECATED uint8_t uint8 TIFF_GCC_DEPRECATED;
      |                                           ^
/Users/otsunah/Documents/GitHub/VVDViewer/VVDViewer/build/vcpkg_installed/arm64-osx-vvd/include/tiff.h:66:44: note: expanded from macro 'TIFF_GCC_DEPRECATED'
   66 | #define TIFF_GCC_DEPRECATED __attribute__((deprecated))
      |                                            ^
/Users/otsunah/Documents/GitHub/VVDViewer/VVDViewer/fluorender/FluoRender/DataManager.cpp:1735:12: warning: 'uint8' is deprecated [-Wdeprecated-declarations]
 1735 |                                 v4 = ((uint8*)(data->data))[nx*ny*kk + nx*(jj+1) + ii];
      |                                        ^
/Users/otsunah/Documents/GitHub/VVDViewer/VVDViewer/build/vcpkg_installed/arm64-osx-vvd/include/tiff.h:80:43: note: 'uint8' has been explicitly marked deprecated here
   80 | typedef TIFF_MSC_DEPRECATED uint8_t uint8 TIFF_GCC_DEPRECATED;
      |                                           ^
/Users/otsunah/Documents/GitHub/VVDViewer/VVDViewer/build/vcpkg_installed/arm64-osx-vvd/include/tiff.h:66:44: note: expanded from macro 'TIFF_GCC_DEPRECATED'
   66 | #define TIFF_GCC_DEPRECATED __attribute__((deprecated))
      |                                            ^
/Users/otsunah/Documents/GitHub/VVDViewer/VVDViewer/fluorender/FluoRender/DataManager.cpp:1736:12: warning: 'uint8' is deprecated [-Wdeprecated-declarations]
 1736 |                                 v5 = ((uint8*)(data->data))[nx*ny*(kk-1) + nx*jj + ii];
      |                                        ^
/Users/otsunah/Documents/GitHub/VVDViewer/VVDViewer/build/vcpkg_installed/arm64-osx-vvd/include/tiff.h:80:43: note: 'uint8' has been explicitly marked deprecated here
   80 | typedef TIFF_MSC_DEPRECATED uint8_t uint8 TIFF_GCC_DEPRECATED;
      |                                           ^
/Users/otsunah/Documents/GitHub/VVDViewer/VVDViewer/build/vcpkg_installed/arm64-osx-vvd/include/tiff.h:66:44: note: expanded from macro 'TIFF_GCC_DEPRECATED'
   66 | #define TIFF_GCC_DEPRECATED __attribute__((deprecated))
      |                                            ^
/Users/otsunah/Documents/GitHub/VVDViewer/VVDViewer/fluorender/FluoRender/DataManager.cpp:1737:12: warning: 'uint8' is deprecated [-Wdeprecated-declarations]
 1737 |                                 v6 = ((uint8*)(data->data))[nx*ny*(kk+1) + nx*jj + ii];
      |                                        ^
/Users/otsunah/Documents/GitHub/VVDViewer/VVDViewer/build/vcpkg_installed/arm64-osx-vvd/include/tiff.h:80:43: note: 'uint8' has been explicitly marked deprecated here
   80 | typedef TIFF_MSC_DEPRECATED uint8_t uint8 TIFF_GCC_DEPRECATED;
      |                                           ^
/Users/otsunah/Documents/GitHub/VVDViewer/VVDViewer/build/vcpkg_installed/arm64-osx-vvd/include/tiff.h:66:44: note: expanded from macro 'TIFF_GCC_DEPRECATED'
   66 | #define TIFF_GCC_DEPRECATED __attribute__((deprecated))
      |                                            ^
/Users/otsunah/Documents/GitHub/VVDViewer/VVDViewer/fluorender/FluoRender/DataManager.cpp:1781:26: warning: 'uint16' is deprecated [-Wdeprecated-declarations]
 1781 |                         old_value = (double)((uint16*)(data->data))[index];
      |                                               ^
/Users/otsunah/Documents/GitHub/VVDViewer/VVDViewer/build/vcpkg_installed/arm64-osx-vvd/include/tiff.h:83:45: note: 'uint16' has been explicitly marked deprecated here
   83 | typedef TIFF_MSC_DEPRECATED uint16_t uint16 TIFF_GCC_DEPRECATED;
      |                                             ^
/Users/otsunah/Documents/GitHub/VVDViewer/VVDViewer/build/vcpkg_installed/arm64-osx-vvd/include/tiff.h:66:44: note: expanded from macro 'TIFF_GCC_DEPRECATED'
   66 | #define TIFF_GCC_DEPRECATED __attribute__((deprecated))
      |                                            ^
/Users/otsunah/Documents/GitHub/VVDViewer/VVDViewer/fluorender/FluoRender/DataManager.cpp:1796:12: warning: 'uint16' is deprecated [-Wdeprecated-declarations]
 1796 |                                 v1 = ((uint16*)(data->data))[nx*ny*kk + nx*jj + ii-1];
      |                                        ^
/Users/otsunah/Documents/GitHub/VVDViewer/VVDViewer/build/vcpkg_installed/arm64-osx-vvd/include/tiff.h:83:45: note: 'uint16' has been explicitly marked deprecated here
   83 | typedef TIFF_MSC_DEPRECATED uint16_t uint16 TIFF_GCC_DEPRECATED;
      |                                             ^
/Users/otsunah/Documents/GitHub/VVDViewer/VVDViewer/build/vcpkg_installed/arm64-osx-vvd/include/tiff.h:66:44: note: expanded from macro 'TIFF_GCC_DEPRECATED'
   66 | #define TIFF_GCC_DEPRECATED __attribute__((deprecated))
      |                                            ^
/Users/otsunah/Documents/GitHub/VVDViewer/VVDViewer/fluorender/FluoRender/DataManager.cpp:1797:12: warning: 'uint16' is deprecated [-Wdeprecated-declarations]
 1797 |                                 v2 = ((uint16*)(data->data))[nx*ny*kk + nx*jj + ii+1];
      |                                        ^
/Users/otsunah/Documents/GitHub/VVDViewer/VVDViewer/build/vcpkg_installed/arm64-osx-vvd/include/tiff.h:83:45: note: 'uint16' has been explicitly marked deprecated here
   83 | typedef TIFF_MSC_DEPRECATED uint16_t uint16 TIFF_GCC_DEPRECATED;
      |                                             ^
/Users/otsunah/Documents/GitHub/VVDViewer/VVDViewer/build/vcpkg_installed/arm64-osx-vvd/include/tiff.h:66:44: note: expanded from macro 'TIFF_GCC_DEPRECATED'
   66 | #define TIFF_GCC_DEPRECATED __attribute__((deprecated))
      |                                            ^
/Users/otsunah/Documents/GitHub/VVDViewer/VVDViewer/fluorender/FluoRender/DataManager.cpp:1798:12: warning: 'uint16' is deprecated [-Wdeprecated-declarations]
 1798 |                                 v3 = ((uint16*)(data->data))[nx*ny*kk + nx*(jj-1) + ii];
      |                                        ^
/Users/otsunah/Documents/GitHub/VVDViewer/VVDViewer/build/vcpkg_installed/arm64-osx-vvd/include/tiff.h:83:45: note: 'uint16' has been explicitly marked deprecated here
   83 | typedef TIFF_MSC_DEPRECATED uint16_t uint16 TIFF_GCC_DEPRECATED;
      |                                             ^
/Users/otsunah/Documents/GitHub/VVDViewer/VVDViewer/build/vcpkg_installed/arm64-osx-vvd/include/tiff.h:66:44: note: expanded from macro 'TIFF_GCC_DEPRECATED'
   66 | #define TIFF_GCC_DEPRECATED __attribute__((deprecated))
      |                                            ^
/Users/otsunah/Documents/GitHub/VVDViewer/VVDViewer/fluorender/FluoRender/DataManager.cpp:1799:12: warning: 'uint16' is deprecated [-Wdeprecated-declarations]
 1799 |                                 v4 = ((uint16*)(data->data))[nx*ny*kk + nx*(jj+1) + ii];
      |                                        ^
/Users/otsunah/Documents/GitHub/VVDViewer/VVDViewer/build/vcpkg_installed/arm64-osx-vvd/include/tiff.h:83:45: note: 'uint16' has been explicitly marked deprecated here
   83 | typedef TIFF_MSC_DEPRECATED uint16_t uint16 TIFF_GCC_DEPRECATED;
      |                                             ^
/Users/otsunah/Documents/GitHub/VVDViewer/VVDViewer/build/vcpkg_installed/arm64-osx-vvd/include/tiff.h:66:44: note: expanded from macro 'TIFF_GCC_DEPRECATED'
   66 | #define TIFF_GCC_DEPRECATED __attribute__((deprecated))
      |                                            ^
/Users/otsunah/Documents/GitHub/VVDViewer/VVDViewer/fluorender/FluoRender/DataManager.cpp:1800:12: warning: 'uint16' is deprecated [-Wdeprecated-declarations]
 1800 |                                 v5 = ((uint16*)(data->data))[nx*ny*(kk-1) + nx*jj + ii];
      |                                        ^
/Users/otsunah/Documents/GitHub/VVDViewer/VVDViewer/build/vcpkg_installed/arm64-osx-vvd/include/tiff.h:83:45: note: 'uint16' has been explicitly marked deprecated here
   83 | typedef TIFF_MSC_DEPRECATED uint16_t uint16 TIFF_GCC_DEPRECATED;
      |                                             ^
/Users/otsunah/Documents/GitHub/VVDViewer/VVDViewer/build/vcpkg_installed/arm64-osx-vvd/include/tiff.h:66:44: note: expanded from macro 'TIFF_GCC_DEPRECATED'
   66 | #define TIFF_GCC_DEPRECATED __attribute__((deprecated))
      |                                            ^
/Users/otsunah/Documents/GitHub/VVDViewer/VVDViewer/fluorender/FluoRender/DataManager.cpp:1801:12: warning: 'uint16' is deprecated [-Wdeprecated-declarations]
 1801 |                                 v6 = ((uint16*)(data->data))[nx*ny*(kk+1) + nx*jj + ii];
      |                                        ^
/Users/otsunah/Documents/GitHub/VVDViewer/VVDViewer/build/vcpkg_installed/arm64-osx-vvd/include/tiff.h:83:45: note: 'uint16' has been explicitly marked deprecated here
   83 | typedef TIFF_MSC_DEPRECATED uint16_t uint16 TIFF_GCC_DEPRECATED;
      |                                             ^
/Users/otsunah/Documents/GitHub/VVDViewer/VVDViewer/build/vcpkg_installed/arm64-osx-vvd/include/tiff.h:66:44: note: expanded from macro 'TIFF_GCC_DEPRECATED'
   66 | #define TIFF_GCC_DEPRECATED __attribute__((deprecated))
      |                                            ^
/Users/otsunah/Documents/GitHub/VVDViewer/VVDViewer/fluorender/FluoRender/DataManager.cpp:1925:3: warning: 'uint8' is deprecated [-Wdeprecated-declarations]
 1925 |                 uint8 old_value = ((uint8*)(data->data))[index];
      |                 ^
/Users/otsunah/Documents/GitHub/VVDViewer/VVDViewer/build/vcpkg_installed/arm64-osx-vvd/include/tiff.h:80:43: note: 'uint8' has been explicitly marked deprecated here
   80 | typedef TIFF_MSC_DEPRECATED uint8_t uint8 TIFF_GCC_DEPRECATED;
      |                                           ^
/Users/otsunah/Documents/GitHub/VVDViewer/VVDViewer/build/vcpkg_installed/arm64-osx-vvd/include/tiff.h:66:44: note: expanded from macro 'TIFF_GCC_DEPRECATED'
   66 | #define TIFF_GCC_DEPRECATED __attribute__((deprecated))
      |                                            ^
/Users/otsunah/Documents/GitHub/VVDViewer/VVDViewer/fluorender/FluoRender/DataManager.cpp:1925:23: warning: 'uint8' is deprecated [-Wdeprecated-declarations]
 1925 |                 uint8 old_value = ((uint8*)(data->data))[index];
      |                                     ^
/Users/otsunah/Documents/GitHub/VVDViewer/VVDViewer/build/vcpkg_installed/arm64-osx-vvd/include/tiff.h:80:43: note: 'uint8' has been explicitly marked deprecated here
   80 | typedef TIFF_MSC_DEPRECATED uint8_t uint8 TIFF_GCC_DEPRECATED;
      |                                           ^
/Users/otsunah/Documents/GitHub/VVDViewer/VVDViewer/build/vcpkg_installed/arm64-osx-vvd/include/tiff.h:66:44: note: expanded from macro 'TIFF_GCC_DEPRECATED'
   66 | #define TIFF_GCC_DEPRECATED __attribute__((deprecated))
      |                                            ^
/Users/otsunah/Documents/GitHub/VVDViewer/VVDViewer/fluorender/FluoRender/DataManager.cpp:1931:3: warning: 'uint16' is deprecated [-Wdeprecated-declarations]
 1931 |                 uint16 old_value = ((uint16*)(data->data))[index];
      |                 ^
/Users/otsunah/Documents/GitHub/VVDViewer/VVDViewer/build/vcpkg_installed/arm64-osx-vvd/include/tiff.h:83:45: note: 'uint16' has been explicitly marked deprecated here
   83 | typedef TIFF_MSC_DEPRECATED uint16_t uint16 TIFF_GCC_DEPRECATED;
      |                                             ^
/Users/otsunah/Documents/GitHub/VVDViewer/VVDViewer/build/vcpkg_installed/arm64-osx-vvd/include/tiff.h:66:44: note: expanded from macro 'TIFF_GCC_DEPRECATED'
   66 | #define TIFF_GCC_DEPRECATED __attribute__((deprecated))
      |                                            ^
/Users/otsunah/Documents/GitHub/VVDViewer/VVDViewer/fluorender/FluoRender/DataManager.cpp:1931:24: warning: 'uint16' is deprecated [-Wdeprecated-declarations]
 1931 |                 uint16 old_value = ((uint16*)(data->data))[index];
      |                                      ^
/Users/otsunah/Documents/GitHub/VVDViewer/VVDViewer/build/vcpkg_installed/arm64-osx-vvd/include/tiff.h:83:45: note: 'uint16' has been explicitly marked deprecated here
   83 | typedef TIFF_MSC_DEPRECATED uint16_t uint16 TIFF_GCC_DEPRECATED;
      |                                             ^
/Users/otsunah/Documents/GitHub/VVDViewer/VVDViewer/build/vcpkg_installed/arm64-osx-vvd/include/tiff.h:66:44: note: expanded from macro 'TIFF_GCC_DEPRECATED'
   66 | #define TIFF_GCC_DEPRECATED __attribute__((deprecated))
      |                                            ^
/Users/otsunah/Documents/GitHub/VVDViewer/VVDViewer/fluorender/FluoRender/DataManager.cpp:1937:3: warning: 'uint16' is deprecated [-Wdeprecated-declarations]
 1937 |                 uint16 old_value = ((uint32*)(data->data))[index];
      |                 ^
/Users/otsunah/Documents/GitHub/VVDViewer/VVDViewer/build/vcpkg_installed/arm64-osx-vvd/include/tiff.h:83:45: note: 'uint16' has been explicitly marked deprecated here
   83 | typedef TIFF_MSC_DEPRECATED uint16_t uint16 TIFF_GCC_DEPRECATED;
      |                                             ^
/Users/otsunah/Documents/GitHub/VVDViewer/VVDViewer/build/vcpkg_installed/arm64-osx-vvd/include/tiff.h:66:44: note: expanded from macro 'TIFF_GCC_DEPRECATED'
   66 | #define TIFF_GCC_DEPRECATED __attribute__((deprecated))
      |                                            ^
/Users/otsunah/Documents/GitHub/VVDViewer/VVDViewer/fluorender/FluoRender/DataManager.cpp:1937:24: warning: 'uint32' is deprecated [-Wdeprecated-declarations]
 1937 |                 uint16 old_value = ((uint32*)(data->data))[index];
      |                                      ^
/Users/otsunah/Documents/GitHub/VVDViewer/VVDViewer/build/vcpkg_installed/arm64-osx-vvd/include/tiff.h:86:45: note: 'uint32' has been explicitly marked deprecated here
   86 | typedef TIFF_MSC_DEPRECATED uint32_t uint32 TIFF_GCC_DEPRECATED;
      |                                             ^
/Users/otsunah/Documents/GitHub/VVDViewer/VVDViewer/build/vcpkg_installed/arm64-osx-vvd/include/tiff.h:66:44: note: expanded from macro 'TIFF_GCC_DEPRECATED'
   66 | #define TIFF_GCC_DEPRECATED __attribute__((deprecated))
      |                                            ^
/Users/otsunah/Documents/GitHub/VVDViewer/VVDViewer/fluorender/FluoRender/DataManager.cpp:2092:7: warning: 'uint8' is deprecated [-Wdeprecated-declarations]
 2092 |                                                 uint8 *val8 = new (std::nothrow) uint8[mem_size];
      |                                                 ^
/Users/otsunah/Documents/GitHub/VVDViewer/VVDViewer/build/vcpkg_installed/arm64-osx-vvd/include/tiff.h:80:43: note: 'uint8' has been explicitly marked deprecated here
   80 | typedef TIFF_MSC_DEPRECATED uint8_t uint8 TIFF_GCC_DEPRECATED;
      |                                           ^
/Users/otsunah/Documents/GitHub/VVDViewer/VVDViewer/build/vcpkg_installed/arm64-osx-vvd/include/tiff.h:66:44: note: expanded from macro 'TIFF_GCC_DEPRECATED'
   66 | #define TIFF_GCC_DEPRECATED __attribute__((deprecated))
      |                                            ^
/Users/otsunah/Documents/GitHub/VVDViewer/VVDViewer/fluorender/FluoRender/DataManager.cpp:2092:40: warning: 'uint8' is deprecated [-Wdeprecated-declarations]
 2092 |                                                 uint8 *val8 = new (std::nothrow) uint8[mem_size];
      |                                                                                  ^
/Users/otsunah/Documents/GitHub/VVDViewer/VVDViewer/build/vcpkg_installed/arm64-osx-vvd/include/tiff.h:80:43: note: 'uint8' has been explicitly marked deprecated here
   80 | typedef TIFF_MSC_DEPRECATED uint8_t uint8 TIFF_GCC_DEPRECATED;
      |                                           ^
/Users/otsunah/Documents/GitHub/VVDViewer/VVDViewer/build/vcpkg_installed/arm64-osx-vvd/include/tiff.h:66:44: note: expanded from macro 'TIFF_GCC_DEPRECATED'
   66 | #define TIFF_GCC_DEPRECATED __attribute__((deprecated))
      |                                            ^
/Users/otsunah/Documents/GitHub/VVDViewer/VVDViewer/fluorender/FluoRender/DataManager.cpp:2122:25: warning: 'uint8' is deprecated [-Wdeprecated-declarations]
 2122 |                                                                                 val8[index] = uint8(new_value*255.0);
      |                                                                                               ^
/Users/otsunah/Documents/GitHub/VVDViewer/VVDViewer/build/vcpkg_installed/arm64-osx-vvd/include/tiff.h:80:43: note: 'uint8' has been explicitly marked deprecated here
   80 | typedef TIFF_MSC_DEPRECATED uint8_t uint8 TIFF_GCC_DEPRECATED;
      |                                           ^
/Users/otsunah/Documents/GitHub/VVDViewer/VVDViewer/build/vcpkg_installed/arm64-osx-vvd/include/tiff.h:66:44: note: expanded from macro 'TIFF_GCC_DEPRECATED'
   66 | #define TIFF_GCC_DEPRECATED __attribute__((deprecated))
      |                                            ^
/Users/otsunah/Documents/GitHub/VVDViewer/VVDViewer/fluorender/FluoRender/DataManager.cpp:2132:7: warning: 'uint16' is deprecated [-Wdeprecated-declarations]
 2132 |                                                 uint16 *val16 = new (std::nothrow) uint16[mem_size];
      |                                                 ^
/Users/otsunah/Documents/GitHub/VVDViewer/VVDViewer/build/vcpkg_installed/arm64-osx-vvd/include/tiff.h:83:45: note: 'uint16' has been explicitly marked deprecated here
   83 | typedef TIFF_MSC_DEPRECATED uint16_t uint16 TIFF_GCC_DEPRECATED;
      |                                             ^
/Users/otsunah/Documents/GitHub/VVDViewer/VVDViewer/build/vcpkg_installed/arm64-osx-vvd/include/tiff.h:66:44: note: expanded from macro 'TIFF_GCC_DEPRECATED'
   66 | #define TIFF_GCC_DEPRECATED __attribute__((deprecated))
      |                                            ^
/Users/otsunah/Documents/GitHub/VVDViewer/VVDViewer/fluorender/FluoRender/DataManager.cpp:2132:42: warning: 'uint16' is deprecated [-Wdeprecated-declarations]
 2132 |                                                 uint16 *val16 = new (std::nothrow) uint16[mem_size];
      |                                                                                    ^
/Users/otsunah/Documents/GitHub/VVDViewer/VVDViewer/build/vcpkg_installed/arm64-osx-vvd/include/tiff.h:83:45: note: 'uint16' has been explicitly marked deprecated here
   83 | typedef TIFF_MSC_DEPRECATED uint16_t uint16 TIFF_GCC_DEPRECATED;
      |                                             ^
/Users/otsunah/Documents/GitHub/VVDViewer/VVDViewer/build/vcpkg_installed/arm64-osx-vvd/include/tiff.h:66:44: note: expanded from macro 'TIFF_GCC_DEPRECATED'
   66 | #define TIFF_GCC_DEPRECATED __attribute__((deprecated))
      |                                            ^
/Users/otsunah/Documents/GitHub/VVDViewer/VVDViewer/fluorender/FluoRender/DataManager.cpp:2162:26: warning: 'uint16' is deprecated [-Wdeprecated-declarations]
 2162 |                                                                                 val16[index] = uint16(new_value*65535.0);
      |                                                                                                ^
/Users/otsunah/Documents/GitHub/VVDViewer/VVDViewer/build/vcpkg_installed/arm64-osx-vvd/include/tiff.h:83:45: note: 'uint16' has been explicitly marked deprecated here
   83 | typedef TIFF_MSC_DEPRECATED uint16_t uint16 TIFF_GCC_DEPRECATED;
      |                                             ^
/Users/otsunah/Documents/GitHub/VVDViewer/VVDViewer/build/vcpkg_installed/arm64-osx-vvd/include/tiff.h:66:44: note: expanded from macro 'TIFF_GCC_DEPRECATED'
   66 | #define TIFF_GCC_DEPRECATED __attribute__((deprecated))
      |                                            ^
/Users/otsunah/Documents/GitHub/VVDViewer/VVDViewer/fluorender/FluoRender/DataManager.cpp:2231:25: warning: 'uint8' is deprecated [-Wdeprecated-declarations]
 2231 |                         uint8 *mskdata = NULL;
      |                         ^
/Users/otsunah/Documents/GitHub/VVDViewer/VVDViewer/build/vcpkg_installed/arm64-osx-vvd/include/tiff.h:80:43: note: 'uint8' has been explicitly marked deprecated here
   80 | typedef TIFF_MSC_DEPRECATED uint8_t uint8 TIFF_GCC_DEPRECATED;
      |                                           ^
/Users/otsunah/Documents/GitHub/VVDViewer/VVDViewer/build/vcpkg_installed/arm64-osx-vvd/include/tiff.h:66:44: note: expanded from macro 'TIFF_GCC_DEPRECATED'
   66 | #define TIFF_GCC_DEPRECATED __attribute__((deprecated))
      |                                            ^
/Users/otsunah/Documents/GitHub/VVDViewer/VVDViewer/fluorender/FluoRender/DataManager.cpp:2236:40: warning: 'uint8' is deprecated [-Wdeprecated-declarations]
 2236 |                             mskdata = (uint8*)vlnrrd_msk->getNrrd()->data;
      |                                        ^
/Users/otsunah/Documents/GitHub/VVDViewer/VVDViewer/build/vcpkg_installed/arm64-osx-vvd/include/tiff.h:80:43: note: 'uint8' has been explicitly marked deprecated here
   80 | typedef TIFF_MSC_DEPRECATED uint8_t uint8 TIFF_GCC_DEPRECATED;
      |                                           ^
/Users/otsunah/Documents/GitHub/VVDViewer/VVDViewer/build/vcpkg_installed/arm64-osx-vvd/include/tiff.h:66:44: note: expanded from macro 'TIFF_GCC_DEPRECATED'
   66 | #define TIFF_GCC_DEPRECATED __attribute__((deprecated))
      |                                            ^
/Users/otsunah/Documents/GitHub/VVDViewer/VVDViewer/fluorender/FluoRender/DataManager.cpp:2252:29: warning: 'uint8' is deprecated [-Wdeprecated-declarations]
 2252 |                             uint8 *val8 = new (std::nothrow) uint8[mem_size];
      |                             ^
/Users/otsunah/Documents/GitHub/VVDViewer/VVDViewer/build/vcpkg_installed/arm64-osx-vvd/include/tiff.h:80:43: note: 'uint8' has been explicitly marked deprecated here
   80 | typedef TIFF_MSC_DEPRECATED uint8_t uint8 TIFF_GCC_DEPRECATED;
      |                                           ^
/Users/otsunah/Documents/GitHub/VVDViewer/VVDViewer/build/vcpkg_installed/arm64-osx-vvd/include/tiff.h:66:44: note: expanded from macro 'TIFF_GCC_DEPRECATED'
   66 | #define TIFF_GCC_DEPRECATED __attribute__((deprecated))
      |                                            ^
/Users/otsunah/Documents/GitHub/VVDViewer/VVDViewer/fluorender/FluoRender/DataManager.cpp:2252:62: warning: 'uint8' is deprecated [-Wdeprecated-declarations]
 2252 |                             uint8 *val8 = new (std::nothrow) uint8[mem_size];
      |                                                              ^
/Users/otsunah/Documents/GitHub/VVDViewer/VVDViewer/build/vcpkg_installed/arm64-osx-vvd/include/tiff.h:80:43: note: 'uint8' has been explicitly marked deprecated here
   80 | typedef TIFF_MSC_DEPRECATED uint8_t uint8 TIFF_GCC_DEPRECATED;
      |                                           ^
/Users/otsunah/Documents/GitHub/VVDViewer/VVDViewer/build/vcpkg_installed/arm64-osx-vvd/include/tiff.h:66:44: note: expanded from macro 'TIFF_GCC_DEPRECATED'
   66 | #define TIFF_GCC_DEPRECATED __attribute__((deprecated))
      |                                            ^
/Users/otsunah/Documents/GitHub/VVDViewer/VVDViewer/fluorender/FluoRender/DataManager.cpp:2283:59: warning: 'uint8' is deprecated [-Wdeprecated-declarations]
 2283 |                                             val8[index] = uint8(new_value*255.0);
      |                                                           ^
/Users/otsunah/Documents/GitHub/VVDViewer/VVDViewer/build/vcpkg_installed/arm64-osx-vvd/include/tiff.h:80:43: note: 'uint8' has been explicitly marked deprecated here
   80 | typedef TIFF_MSC_DEPRECATED uint8_t uint8 TIFF_GCC_DEPRECATED;
      |                                           ^
/Users/otsunah/Documents/GitHub/VVDViewer/VVDViewer/build/vcpkg_installed/arm64-osx-vvd/include/tiff.h:66:44: note: expanded from macro 'TIFF_GCC_DEPRECATED'
   66 | #define TIFF_GCC_DEPRECATED __attribute__((deprecated))
      |                                            ^
/Users/otsunah/Documents/GitHub/VVDViewer/VVDViewer/fluorender/FluoRender/DataManager.cpp:2293:29: warning: 'uint16' is deprecated [-Wdeprecated-declarations]
 2293 |                             uint16 *val16 = new (std::nothrow) uint16[mem_size];
      |                             ^
/Users/otsunah/Documents/GitHub/VVDViewer/VVDViewer/build/vcpkg_installed/arm64-osx-vvd/include/tiff.h:83:45: note: 'uint16' has been explicitly marked deprecated here
   83 | typedef TIFF_MSC_DEPRECATED uint16_t uint16 TIFF_GCC_DEPRECATED;
      |                                             ^
/Users/otsunah/Documents/GitHub/VVDViewer/VVDViewer/build/vcpkg_installed/arm64-osx-vvd/include/tiff.h:66:44: note: expanded from macro 'TIFF_GCC_DEPRECATED'
   66 | #define TIFF_GCC_DEPRECATED __attribute__((deprecated))
      |                                            ^
/Users/otsunah/Documents/GitHub/VVDViewer/VVDViewer/fluorender/FluoRender/DataManager.cpp:2293:64: warning: 'uint16' is deprecated [-Wdeprecated-declarations]
 2293 |                             uint16 *val16 = new (std::nothrow) uint16[mem_size];
      |                                                                ^
/Users/otsunah/Documents/GitHub/VVDViewer/VVDViewer/build/vcpkg_installed/arm64-osx-vvd/include/tiff.h:83:45: note: 'uint16' has been explicitly marked deprecated here
   83 | typedef TIFF_MSC_DEPRECATED uint16_t uint16 TIFF_GCC_DEPRECATED;
      |                                             ^
/Users/otsunah/Documents/GitHub/VVDViewer/VVDViewer/build/vcpkg_installed/arm64-osx-vvd/include/tiff.h:66:44: note: expanded from macro 'TIFF_GCC_DEPRECATED'
   66 | #define TIFF_GCC_DEPRECATED __attribute__((deprecated))
      |                                            ^
/Users/otsunah/Documents/GitHub/VVDViewer/VVDViewer/fluorender/FluoRender/DataManager.cpp:2323:60: warning: 'uint16' is deprecated [-Wdeprecated-declarations]
 2323 |                                             val16[index] = uint16(new_value*65535.0);
      |                                                            ^
/Users/otsunah/Documents/GitHub/VVDViewer/VVDViewer/build/vcpkg_installed/arm64-osx-vvd/include/tiff.h:83:45: note: 'uint16' has been explicitly marked deprecated here
   83 | typedef TIFF_MSC_DEPRECATED uint16_t uint16 TIFF_GCC_DEPRECATED;
      |                                             ^
/Users/otsunah/Documents/GitHub/VVDViewer/VVDViewer/build/vcpkg_installed/arm64-osx-vvd/include/tiff.h:66:44: note: expanded from macro 'TIFF_GCC_DEPRECATED'
   66 | #define TIFF_GCC_DEPRECATED __attribute__((deprecated))
      |                                            ^
/Users/otsunah/Documents/GitHub/VVDViewer/VVDViewer/fluorender/FluoRender/DataManager.cpp:2936:4: warning: cannot delete expression with pointer-to-'void' type 'void *' [-Wdelete-incomplete]
 2936 |                         delete [] tmpdata;
      |                         ^         ~~~~~~~
/Users/otsunah/Documents/GitHub/VVDViewer/VVDViewer/fluorender/FluoRender/DataManager.cpp:3344:5: warning: 'uint8' is deprecated [-Wdeprecated-declarations]
 3344 |                                 uint8* val8nr = (uint8*)nrrd_data->data;
      |                                 ^
/Users/otsunah/Documents/GitHub/VVDViewer/VVDViewer/build/vcpkg_installed/arm64-osx-vvd/include/tiff.h:80:43: note: 'uint8' has been explicitly marked deprecated here
   80 | typedef TIFF_MSC_DEPRECATED uint8_t uint8 TIFF_GCC_DEPRECATED;
      |                                           ^
/Users/otsunah/Documents/GitHub/VVDViewer/VVDViewer/build/vcpkg_installed/arm64-osx-vvd/include/tiff.h:66:44: note: expanded from macro 'TIFF_GCC_DEPRECATED'
   66 | #define TIFF_GCC_DEPRECATED __attribute__((deprecated))
      |                                            ^
/Users/otsunah/Documents/GitHub/VVDViewer/VVDViewer/fluorender/FluoRender/DataManager.cpp:3344:22: warning: 'uint8' is deprecated [-Wdeprecated-declarations]
 3344 |                                 uint8* val8nr = (uint8*)nrrd_data->data;
      |                                                  ^
/Users/otsunah/Documents/GitHub/VVDViewer/VVDViewer/build/vcpkg_installed/arm64-osx-vvd/include/tiff.h:80:43: note: 'uint8' has been explicitly marked deprecated here
   80 | typedef TIFF_MSC_DEPRECATED uint8_t uint8 TIFF_GCC_DEPRECATED;
      |                                           ^
/Users/otsunah/Documents/GitHub/VVDViewer/VVDViewer/build/vcpkg_installed/arm64-osx-vvd/include/tiff.h:66:44: note: expanded from macro 'TIFF_GCC_DEPRECATED'
   66 | #define TIFF_GCC_DEPRECATED __attribute__((deprecated))
      |                                            ^
/Users/otsunah/Documents/GitHub/VVDViewer/VVDViewer/fluorender/FluoRender/DataManager.cpp:3351:35: warning: 'uint16' is deprecated [-Wdeprecated-declarations]
 3351 |                                         max_val = *std::max_element((uint16*)val8nr, (uint16*)val8nr + mem_size / bytes);
      |                                                                      ^
/Users/otsunah/Documents/GitHub/VVDViewer/VVDViewer/build/vcpkg_installed/arm64-osx-vvd/include/tiff.h:83:45: note: 'uint16' has been explicitly marked deprecated here
   83 | typedef TIFF_MSC_DEPRECATED uint16_t uint16 TIFF_GCC_DEPRECATED;
      |                                             ^
/Users/otsunah/Documents/GitHub/VVDViewer/VVDViewer/build/vcpkg_installed/arm64-osx-vvd/include/tiff.h:66:44: note: expanded from macro 'TIFF_GCC_DEPRECATED'
   66 | #define TIFF_GCC_DEPRECATED __attribute__((deprecated))
      |                                            ^
/Users/otsunah/Documents/GitHub/VVDViewer/VVDViewer/fluorender/FluoRender/DataManager.cpp:3351:52: warning: 'uint16' is deprecated [-Wdeprecated-declarations]
 3351 |                                         max_val = *std::max_element((uint16*)val8nr, (uint16*)val8nr + mem_size / bytes);
      |                                                                                       ^
/Users/otsunah/Documents/GitHub/VVDViewer/VVDViewer/build/vcpkg_installed/arm64-osx-vvd/include/tiff.h:83:45: note: 'uint16' has been explicitly marked deprecated here
   83 | typedef TIFF_MSC_DEPRECATED uint16_t uint16 TIFF_GCC_DEPRECATED;
      |                                             ^
/Users/otsunah/Documents/GitHub/VVDViewer/VVDViewer/build/vcpkg_installed/arm64-osx-vvd/include/tiff.h:66:44: note: expanded from macro 'TIFF_GCC_DEPRECATED'
   66 | #define TIFF_GCC_DEPRECATED __attribute__((deprecated))
      |                                            ^
/Users/otsunah/Documents/GitHub/VVDViewer/VVDViewer/fluorender/FluoRender/DataManager.cpp:3366:5: warning: 'uint8' is deprecated [-Wdeprecated-declarations]
 3366 |                                 uint8* val8nr = (uint8*)nrrd_data->data;
      |                                 ^
/Users/otsunah/Documents/GitHub/VVDViewer/VVDViewer/build/vcpkg_installed/arm64-osx-vvd/include/tiff.h:80:43: note: 'uint8' has been explicitly marked deprecated here
   80 | typedef TIFF_MSC_DEPRECATED uint8_t uint8 TIFF_GCC_DEPRECATED;
      |                                           ^
/Users/otsunah/Documents/GitHub/VVDViewer/VVDViewer/build/vcpkg_installed/arm64-osx-vvd/include/tiff.h:66:44: note: expanded from macro 'TIFF_GCC_DEPRECATED'
   66 | #define TIFF_GCC_DEPRECATED __attribute__((deprecated))
      |                                            ^
/Users/otsunah/Documents/GitHub/VVDViewer/VVDViewer/fluorender/FluoRender/DataManager.cpp:3366:22: warning: 'uint8' is deprecated [-Wdeprecated-declarations]
 3366 |                                 uint8* val8nr = (uint8*)nrrd_data->data;
      |                                                  ^
/Users/otsunah/Documents/GitHub/VVDViewer/VVDViewer/build/vcpkg_installed/arm64-osx-vvd/include/tiff.h:80:43: note: 'uint8' has been explicitly marked deprecated here
   80 | typedef TIFF_MSC_DEPRECATED uint8_t uint8 TIFF_GCC_DEPRECATED;
      |                                           ^
/Users/otsunah/Documents/GitHub/VVDViewer/VVDViewer/build/vcpkg_installed/arm64-osx-vvd/include/tiff.h:66:44: note: expanded from macro 'TIFF_GCC_DEPRECATED'
   66 | #define TIFF_GCC_DEPRECATED __attribute__((deprecated))
      |                                            ^
/Users/otsunah/Documents/GitHub/VVDViewer/VVDViewer/fluorender/FluoRender/DataManager.cpp:3373:35: warning: 'uint16' is deprecated [-Wdeprecated-declarations]
 3373 |                                         max_val = *std::max_element((uint16*)val8nr, (uint16*)val8nr + mem_size / bytes);
      |                                                                      ^
/Users/otsunah/Documents/GitHub/VVDViewer/VVDViewer/build/vcpkg_installed/arm64-osx-vvd/include/tiff.h:83:45: note: 'uint16' has been explicitly marked deprecated here
   83 | typedef TIFF_MSC_DEPRECATED uint16_t uint16 TIFF_GCC_DEPRECATED;
      |                                             ^
/Users/otsunah/Documents/GitHub/VVDViewer/VVDViewer/build/vcpkg_installed/arm64-osx-vvd/include/tiff.h:66:44: note: expanded from macro 'TIFF_GCC_DEPRECATED'
   66 | #define TIFF_GCC_DEPRECATED __attribute__((deprecated))
      |                                            ^
/Users/otsunah/Documents/GitHub/VVDViewer/VVDViewer/fluorender/FluoRender/DataManager.cpp:3373:52: warning: 'uint16' is deprecated [-Wdeprecated-declarations]
 3373 |                                         max_val = *std::max_element((uint16*)val8nr, (uint16*)val8nr + mem_size / bytes);
      |                                                                                       ^
/Users/otsunah/Documents/GitHub/VVDViewer/VVDViewer/build/vcpkg_installed/arm64-osx-vvd/include/tiff.h:83:45: note: 'uint16' has been explicitly marked deprecated here
   83 | typedef TIFF_MSC_DEPRECATED uint16_t uint16 TIFF_GCC_DEPRECATED;
      |                                             ^
/Users/otsunah/Documents/GitHub/VVDViewer/VVDViewer/build/vcpkg_installed/arm64-osx-vvd/include/tiff.h:66:44: note: expanded from macro 'TIFF_GCC_DEPRECATED'
   66 | #define TIFF_GCC_DEPRECATED __attribute__((deprecated))
      |                                            ^
/Users/otsunah/Documents/GitHub/VVDViewer/VVDViewer/fluorender/FluoRender/DataManager.cpp:3392:4: warning: 'uint8' is deprecated [-Wdeprecated-declarations]
 3392 |                         uint8* val8nr = (uint8*)nrrd_data->data;
      |                         ^
/Users/otsunah/Documents/GitHub/VVDViewer/VVDViewer/build/vcpkg_installed/arm64-osx-vvd/include/tiff.h:80:43: note: 'uint8' has been explicitly marked deprecated here
   80 | typedef TIFF_MSC_DEPRECATED uint8_t uint8 TIFF_GCC_DEPRECATED;
      |                                           ^
/Users/otsunah/Documents/GitHub/VVDViewer/VVDViewer/build/vcpkg_installed/arm64-osx-vvd/include/tiff.h:66:44: note: expanded from macro 'TIFF_GCC_DEPRECATED'
   66 | #define TIFF_GCC_DEPRECATED __attribute__((deprecated))
      |                                            ^
/Users/otsunah/Documents/GitHub/VVDViewer/VVDViewer/fluorender/FluoRender/DataManager.cpp:3392:21: warning: 'uint8' is deprecated [-Wdeprecated-declarations]
 3392 |                         uint8* val8nr = (uint8*)nrrd_data->data;
      |                                          ^
/Users/otsunah/Documents/GitHub/VVDViewer/VVDViewer/build/vcpkg_installed/arm64-osx-vvd/include/tiff.h:80:43: note: 'uint8' has been explicitly marked deprecated here
   80 | typedef TIFF_MSC_DEPRECATED uint8_t uint8 TIFF_GCC_DEPRECATED;
      |                                           ^
/Users/otsunah/Documents/GitHub/VVDViewer/VVDViewer/build/vcpkg_installed/arm64-osx-vvd/include/tiff.h:66:44: note: expanded from macro 'TIFF_GCC_DEPRECATED'
   66 | #define TIFF_GCC_DEPRECATED __attribute__((deprecated))
      |                                            ^
/Users/otsunah/Documents/GitHub/VVDViewer/VVDViewer/fluorender/FluoRender/DataManager.cpp:3399:34: warning: 'uint16' is deprecated [-Wdeprecated-declarations]
 3399 |                                 max_val = *std::max_element((uint16*)val8nr, (uint16*)val8nr + mem_size / bytes);
      |                                                              ^
/Users/otsunah/Documents/GitHub/VVDViewer/VVDViewer/build/vcpkg_installed/arm64-osx-vvd/include/tiff.h:83:45: note: 'uint16' has been explicitly marked deprecated here
   83 | typedef TIFF_MSC_DEPRECATED uint16_t uint16 TIFF_GCC_DEPRECATED;
      |                                             ^
/Users/otsunah/Documents/GitHub/VVDViewer/VVDViewer/build/vcpkg_installed/arm64-osx-vvd/include/tiff.h:66:44: note: expanded from macro 'TIFF_GCC_DEPRECATED'
   66 | #define TIFF_GCC_DEPRECATED __attribute__((deprecated))
      |                                            ^
/Users/otsunah/Documents/GitHub/VVDViewer/VVDViewer/fluorender/FluoRender/DataManager.cpp:3399:51: warning: 'uint16' is deprecated [-Wdeprecated-declarations]
 3399 |                                 max_val = *std::max_element((uint16*)val8nr, (uint16*)val8nr + mem_size / bytes);
      |                                                                               ^
/Users/otsunah/Documents/GitHub/VVDViewer/VVDViewer/build/vcpkg_installed/arm64-osx-vvd/include/tiff.h:83:45: note: 'uint16' has been explicitly marked deprecated here
   83 | typedef TIFF_MSC_DEPRECATED uint16_t uint16 TIFF_GCC_DEPRECATED;
      |                                             ^
/Users/otsunah/Documents/GitHub/VVDViewer/VVDViewer/build/vcpkg_installed/arm64-osx-vvd/include/tiff.h:66:44: note: expanded from macro 'TIFF_GCC_DEPRECATED'
   66 | #define TIFF_GCC_DEPRECATED __attribute__((deprecated))
      |                                            ^
/Users/otsunah/Documents/GitHub/VVDViewer/VVDViewer/fluorender/FluoRender/DataManager.cpp:4114:3: warning: 'uint8' is deprecated [-Wdeprecated-declarations]
 4114 |                 uint8* val8nr = (uint8*)nrrd_data->data;
      |                 ^
/Users/otsunah/Documents/GitHub/VVDViewer/VVDViewer/build/vcpkg_installed/arm64-osx-vvd/include/tiff.h:80:43: note: 'uint8' has been explicitly marked deprecated here
   80 | typedef TIFF_MSC_DEPRECATED uint8_t uint8 TIFF_GCC_DEPRECATED;
      |                                           ^
/Users/otsunah/Documents/GitHub/VVDViewer/VVDViewer/build/vcpkg_installed/arm64-osx-vvd/include/tiff.h:66:44: note: expanded from macro 'TIFF_GCC_DEPRECATED'
   66 | #define TIFF_GCC_DEPRECATED __attribute__((deprecated))
      |                                            ^
/Users/otsunah/Documents/GitHub/VVDViewer/VVDViewer/fluorender/FluoRender/DataManager.cpp:4114:20: warning: 'uint8' is deprecated [-Wdeprecated-declarations]
 4114 |                 uint8* val8nr = (uint8*)nrrd_data->data;
      |                                  ^
/Users/otsunah/Documents/GitHub/VVDViewer/VVDViewer/build/vcpkg_installed/arm64-osx-vvd/include/tiff.h:80:43: note: 'uint8' has been explicitly marked deprecated here
   80 | typedef TIFF_MSC_DEPRECATED uint8_t uint8 TIFF_GCC_DEPRECATED;
      |                                           ^
/Users/otsunah/Documents/GitHub/VVDViewer/VVDViewer/build/vcpkg_installed/arm64-osx-vvd/include/tiff.h:66:44: note: expanded from macro 'TIFF_GCC_DEPRECATED'
   66 | #define TIFF_GCC_DEPRECATED __attribute__((deprecated))
      |                                            ^
/Users/otsunah/Documents/GitHub/VVDViewer/VVDViewer/fluorender/FluoRender/DataManager.cpp:4121:33: warning: 'uint16' is deprecated [-Wdeprecated-declarations]
 4121 |                         max_val = *std::max_element((uint16*)val8nr, (uint16*)val8nr + mem_size / bytes);
      |                                                      ^
/Users/otsunah/Documents/GitHub/VVDViewer/VVDViewer/build/vcpkg_installed/arm64-osx-vvd/include/tiff.h:83:45: note: 'uint16' has been explicitly marked deprecated here
   83 | typedef TIFF_MSC_DEPRECATED uint16_t uint16 TIFF_GCC_DEPRECATED;
      |                                             ^
/Users/otsunah/Documents/GitHub/VVDViewer/VVDViewer/build/vcpkg_installed/arm64-osx-vvd/include/tiff.h:66:44: note: expanded from macro 'TIFF_GCC_DEPRECATED'
   66 | #define TIFF_GCC_DEPRECATED __attribute__((deprecated))
      |                                            ^
/Users/otsunah/Documents/GitHub/VVDViewer/VVDViewer/fluorender/FluoRender/DataManager.cpp:4121:50: warning: 'uint16' is deprecated [-Wdeprecated-declarations]
 4121 |                         max_val = *std::max_element((uint16*)val8nr, (uint16*)val8nr + mem_size / bytes);
      |                                                                       ^
/Users/otsunah/Documents/GitHub/VVDViewer/VVDViewer/build/vcpkg_installed/arm64-osx-vvd/include/tiff.h:83:45: note: 'uint16' has been explicitly marked deprecated here
   83 | typedef TIFF_MSC_DEPRECATED uint16_t uint16 TIFF_GCC_DEPRECATED;
      |                                             ^
/Users/otsunah/Documents/GitHub/VVDViewer/VVDViewer/build/vcpkg_installed/arm64-osx-vvd/include/tiff.h:66:44: note: expanded from macro 'TIFF_GCC_DEPRECATED'
   66 | #define TIFF_GCC_DEPRECATED __attribute__((deprecated))
      |                                            ^
/Users/otsunah/Documents/GitHub/VVDViewer/VVDViewer/fluorender/FluoRender/DataManager.cpp:4869:3: warning: 'uint8' is deprecated [-Wdeprecated-declarations]
 4869 |                 uint8* val8 = new (std::nothrow) uint8[mem_size];
      |                 ^
/Users/otsunah/Documents/GitHub/VVDViewer/VVDViewer/build/vcpkg_installed/arm64-osx-vvd/include/tiff.h:80:43: note: 'uint8' has been explicitly marked deprecated here
   80 | typedef TIFF_MSC_DEPRECATED uint8_t uint8 TIFF_GCC_DEPRECATED;
      |                                           ^
/Users/otsunah/Documents/GitHub/VVDViewer/VVDViewer/build/vcpkg_installed/arm64-osx-vvd/include/tiff.h:66:44: note: expanded from macro 'TIFF_GCC_DEPRECATED'
   66 | #define TIFF_GCC_DEPRECATED __attribute__((deprecated))
      |                                            ^
/Users/otsunah/Documents/GitHub/VVDViewer/VVDViewer/fluorender/FluoRender/DataManager.cpp:4869:36: warning: 'uint8' is deprecated [-Wdeprecated-declarations]
 4869 |                 uint8* val8 = new (std::nothrow) uint8[mem_size];
      |                                                  ^
/Users/otsunah/Documents/GitHub/VVDViewer/VVDViewer/build/vcpkg_installed/arm64-osx-vvd/include/tiff.h:80:43: note: 'uint8' has been explicitly marked deprecated here
   80 | typedef TIFF_MSC_DEPRECATED uint8_t uint8 TIFF_GCC_DEPRECATED;
      |                                           ^
/Users/otsunah/Documents/GitHub/VVDViewer/VVDViewer/build/vcpkg_installed/arm64-osx-vvd/include/tiff.h:66:44: note: expanded from macro 'TIFF_GCC_DEPRECATED'
   66 | #define TIFF_GCC_DEPRECATED __attribute__((deprecated))
      |                                            ^
/Users/otsunah/Documents/GitHub/VVDViewer/VVDViewer/fluorender/FluoRender/DataManager.cpp:4875:33: warning: 'uint8' is deprecated [-Wdeprecated-declarations]
 4875 |                 memset((void*)val8, 0, sizeof(uint8) * nx * ny * nz);
      |                                               ^
/Users/otsunah/Documents/GitHub/VVDViewer/VVDViewer/build/vcpkg_installed/arm64-osx-vvd/include/tiff.h:80:43: note: 'uint8' has been explicitly marked deprecated here
   80 | typedef TIFF_MSC_DEPRECATED uint8_t uint8 TIFF_GCC_DEPRECATED;
      |                                           ^
/Users/otsunah/Documents/GitHub/VVDViewer/VVDViewer/build/vcpkg_installed/arm64-osx-vvd/include/tiff.h:66:44: note: expanded from macro 'TIFF_GCC_DEPRECATED'
   66 | #define TIFF_GCC_DEPRECATED __attribute__((deprecated))
      |                                            ^
/Users/otsunah/Documents/GitHub/VVDViewer/VVDViewer/fluorender/FluoRender/DataManager.cpp:4882:3: warning: 'uint16' is deprecated [-Wdeprecated-declarations]
 4882 |                 uint16* val16 = new (std::nothrow) uint16[mem_size];
      |                 ^
/Users/otsunah/Documents/GitHub/VVDViewer/VVDViewer/build/vcpkg_installed/arm64-osx-vvd/include/tiff.h:83:45: note: 'uint16' has been explicitly marked deprecated here
   83 | typedef TIFF_MSC_DEPRECATED uint16_t uint16 TIFF_GCC_DEPRECATED;
      |                                             ^
/Users/otsunah/Documents/GitHub/VVDViewer/VVDViewer/build/vcpkg_installed/arm64-osx-vvd/include/tiff.h:66:44: note: expanded from macro 'TIFF_GCC_DEPRECATED'
   66 | #define TIFF_GCC_DEPRECATED __attribute__((deprecated))
      |                                            ^
/Users/otsunah/Documents/GitHub/VVDViewer/VVDViewer/fluorender/FluoRender/DataManager.cpp:4882:38: warning: 'uint16' is deprecated [-Wdeprecated-declarations]
 4882 |                 uint16* val16 = new (std::nothrow) uint16[mem_size];
      |                                                    ^
/Users/otsunah/Documents/GitHub/VVDViewer/VVDViewer/build/vcpkg_installed/arm64-osx-vvd/include/tiff.h:83:45: note: 'uint16' has been explicitly marked deprecated here
   83 | typedef TIFF_MSC_DEPRECATED uint16_t uint16 TIFF_GCC_DEPRECATED;
      |                                             ^
/Users/otsunah/Documents/GitHub/VVDViewer/VVDViewer/build/vcpkg_installed/arm64-osx-vvd/include/tiff.h:66:44: note: expanded from macro 'TIFF_GCC_DEPRECATED'
   66 | #define TIFF_GCC_DEPRECATED __attribute__((deprecated))
      |                                            ^
/Users/otsunah/Documents/GitHub/VVDViewer/VVDViewer/fluorender/FluoRender/DataManager.cpp:4888:34: warning: 'uint16' is deprecated [-Wdeprecated-declarations]
 4888 |                 memset((void*)val16, 0, sizeof(uint16) * nx * ny * nz);
      |                                                ^
/Users/otsunah/Documents/GitHub/VVDViewer/VVDViewer/build/vcpkg_installed/arm64-osx-vvd/include/tiff.h:83:45: note: 'uint16' has been explicitly marked deprecated here
   83 | typedef TIFF_MSC_DEPRECATED uint16_t uint16 TIFF_GCC_DEPRECATED;
      |                                             ^
/Users/otsunah/Documents/GitHub/VVDViewer/VVDViewer/build/vcpkg_installed/arm64-osx-vvd/include/tiff.h:66:44: note: expanded from macro 'TIFF_GCC_DEPRECATED'
   66 | #define TIFF_GCC_DEPRECATED __attribute__((deprecated))
      |                                            ^
/Users/otsunah/Documents/GitHub/VVDViewer/VVDViewer/fluorender/FluoRender/DataManager.cpp:5045:4: warning: 'uint8' is deprecated [-Wdeprecated-declarations]
 5045 |                         uint8* data = (uint8*)m_src->data;
      |                         ^
/Users/otsunah/Documents/GitHub/VVDViewer/VVDViewer/build/vcpkg_installed/arm64-osx-vvd/include/tiff.h:80:43: note: 'uint8' has been explicitly marked deprecated here
   80 | typedef TIFF_MSC_DEPRECATED uint8_t uint8 TIFF_GCC_DEPRECATED;
      |                                           ^
/Users/otsunah/Documents/GitHub/VVDViewer/VVDViewer/build/vcpkg_installed/arm64-osx-vvd/include/tiff.h:66:44: note: expanded from macro 'TIFF_GCC_DEPRECATED'
   66 | #define TIFF_GCC_DEPRECATED __attribute__((deprecated))
      |                                            ^
/Users/otsunah/Documents/GitHub/VVDViewer/VVDViewer/fluorender/FluoRender/DataManager.cpp:5045:19: warning: 'uint8' is deprecated [-Wdeprecated-declarations]
 5045 |                         uint8* data = (uint8*)m_src->data;
      |                                        ^
/Users/otsunah/Documents/GitHub/VVDViewer/VVDViewer/build/vcpkg_installed/arm64-osx-vvd/include/tiff.h:80:43: note: 'uint8' has been explicitly marked deprecated here
   80 | typedef TIFF_MSC_DEPRECATED uint8_t uint8 TIFF_GCC_DEPRECATED;
      |                                           ^
/Users/otsunah/Documents/GitHub/VVDViewer/VVDViewer/build/vcpkg_installed/arm64-osx-vvd/include/tiff.h:66:44: note: expanded from macro 'TIFF_GCC_DEPRECATED'
   66 | #define TIFF_GCC_DEPRECATED __attribute__((deprecated))
      |                                            ^
/Users/otsunah/Documents/GitHub/VVDViewer/VVDViewer/fluorender/FluoRender/DataManager.cpp:5046:4: warning: 'uint8' is deprecated [-Wdeprecated-declarations]
 5046 |                         uint8* dst_data = (uint8*)m_dst->data;
      |                         ^
/Users/otsunah/Documents/GitHub/VVDViewer/VVDViewer/build/vcpkg_installed/arm64-osx-vvd/include/tiff.h:80:43: note: 'uint8' has been explicitly marked deprecated here
   80 | typedef TIFF_MSC_DEPRECATED uint8_t uint8 TIFF_GCC_DEPRECATED;
      |                                           ^
/Users/otsunah/Documents/GitHub/VVDViewer/VVDViewer/build/vcpkg_installed/arm64-osx-vvd/include/tiff.h:66:44: note: expanded from macro 'TIFF_GCC_DEPRECATED'
   66 | #define TIFF_GCC_DEPRECATED __attribute__((deprecated))
      |                                            ^
/Users/otsunah/Documents/GitHub/VVDViewer/VVDViewer/fluorender/FluoRender/DataManager.cpp:5046:23: warning: 'uint8' is deprecated [-Wdeprecated-declarations]
 5046 |                         uint8* dst_data = (uint8*)m_dst->data;
      |                                            ^
/Users/otsunah/Documents/GitHub/VVDViewer/VVDViewer/build/vcpkg_installed/arm64-osx-vvd/include/tiff.h:80:43: note: 'uint8' has been explicitly marked deprecated here
   80 | typedef TIFF_MSC_DEPRECATED uint8_t uint8 TIFF_GCC_DEPRECATED;
      |                                           ^
/Users/otsunah/Documents/GitHub/VVDViewer/VVDViewer/build/vcpkg_installed/arm64-osx-vvd/include/tiff.h:66:44: note: expanded from macro 'TIFF_GCC_DEPRECATED'
   66 | #define TIFF_GCC_DEPRECATED __attribute__((deprecated))
      |                                            ^
/Users/otsunah/Documents/GitHub/VVDViewer/VVDViewer/fluorender/FluoRender/DataManager.cpp:5090:45: warning: 'uint8' is deprecated [-Wdeprecated-declarations]
 5090 |                                                 dst_data[z * ny * nx + y * nx + x] = (uint8)c;
      |                                                                                       ^
/Users/otsunah/Documents/GitHub/VVDViewer/VVDViewer/build/vcpkg_installed/arm64-osx-vvd/include/tiff.h:80:43: note: 'uint8' has been explicitly marked deprecated here
   80 | typedef TIFF_MSC_DEPRECATED uint8_t uint8 TIFF_GCC_DEPRECATED;
      |                                           ^
/Users/otsunah/Documents/GitHub/VVDViewer/VVDViewer/build/vcpkg_installed/arm64-osx-vvd/include/tiff.h:66:44: note: expanded from macro 'TIFF_GCC_DEPRECATED'
   66 | #define TIFF_GCC_DEPRECATED __attribute__((deprecated))
      |                                            ^
/Users/otsunah/Documents/GitHub/VVDViewer/VVDViewer/fluorender/FluoRender/DataManager.cpp:5097:4: warning: 'uint16' is deprecated [-Wdeprecated-declarations]
 5097 |                         uint16* data = (uint16*)m_src->data;
      |                         ^
/Users/otsunah/Documents/GitHub/VVDViewer/VVDViewer/build/vcpkg_installed/arm64-osx-vvd/include/tiff.h:83:45: note: 'uint16' has been explicitly marked deprecated here
   83 | typedef TIFF_MSC_DEPRECATED uint16_t uint16 TIFF_GCC_DEPRECATED;
      |                                             ^
/Users/otsunah/Documents/GitHub/VVDViewer/VVDViewer/build/vcpkg_installed/arm64-osx-vvd/include/tiff.h:66:44: note: expanded from macro 'TIFF_GCC_DEPRECATED'
   66 | #define TIFF_GCC_DEPRECATED __attribute__((deprecated))
      |                                            ^
/Users/otsunah/Documents/GitHub/VVDViewer/VVDViewer/fluorender/FluoRender/DataManager.cpp:5097:20: warning: 'uint16' is deprecated [-Wdeprecated-declarations]
 5097 |                         uint16* data = (uint16*)m_src->data;
      |                                         ^
/Users/otsunah/Documents/GitHub/VVDViewer/VVDViewer/build/vcpkg_installed/arm64-osx-vvd/include/tiff.h:83:45: note: 'uint16' has been explicitly marked deprecated here
   83 | typedef TIFF_MSC_DEPRECATED uint16_t uint16 TIFF_GCC_DEPRECATED;
      |                                             ^
/Users/otsunah/Documents/GitHub/VVDViewer/VVDViewer/build/vcpkg_installed/arm64-osx-vvd/include/tiff.h:66:44: note: expanded from macro 'TIFF_GCC_DEPRECATED'
   66 | #define TIFF_GCC_DEPRECATED __attribute__((deprecated))
      |                                            ^
/Users/otsunah/Documents/GitHub/VVDViewer/VVDViewer/fluorender/FluoRender/DataManager.cpp:5098:4: warning: 'uint16' is deprecated [-Wdeprecated-declarations]
 5098 |                         uint16* dst_data = (uint16*)m_dst->data;
      |                         ^
/Users/otsunah/Documents/GitHub/VVDViewer/VVDViewer/build/vcpkg_installed/arm64-osx-vvd/include/tiff.h:83:45: note: 'uint16' has been explicitly marked deprecated here
   83 | typedef TIFF_MSC_DEPRECATED uint16_t uint16 TIFF_GCC_DEPRECATED;
      |                                             ^
/Users/otsunah/Documents/GitHub/VVDViewer/VVDViewer/build/vcpkg_installed/arm64-osx-vvd/include/tiff.h:66:44: note: expanded from macro 'TIFF_GCC_DEPRECATED'
   66 | #define TIFF_GCC_DEPRECATED __attribute__((deprecated))
      |                                            ^
/Users/otsunah/Documents/GitHub/VVDViewer/VVDViewer/fluorender/FluoRender/DataManager.cpp:5098:24: warning: 'uint16' is deprecated [-Wdeprecated-declarations]
 5098 |                         uint16* dst_data = (uint16*)m_dst->data;
      |                                             ^
/Users/otsunah/Documents/GitHub/VVDViewer/VVDViewer/build/vcpkg_installed/arm64-osx-vvd/include/tiff.h:83:45: note: 'uint16' has been explicitly marked deprecated here
   83 | typedef TIFF_MSC_DEPRECATED uint16_t uint16 TIFF_GCC_DEPRECATED;
      |                                             ^
/Users/otsunah/Documents/GitHub/VVDViewer/VVDViewer/build/vcpkg_installed/arm64-osx-vvd/include/tiff.h:66:44: note: expanded from macro 'TIFF_GCC_DEPRECATED'
   66 | #define TIFF_GCC_DEPRECATED __attribute__((deprecated))
      |                                            ^
/Users/otsunah/Documents/GitHub/VVDViewer/VVDViewer/fluorender/FluoRender/DataManager.cpp:5142:45: warning: 'uint16' is deprecated [-Wdeprecated-declarations]
 5142 |                                                 dst_data[z * ny * nx + y * nx + x] = (uint16)c;
      |                                                                                       ^
/Users/otsunah/Documents/GitHub/VVDViewer/VVDViewer/build/vcpkg_installed/arm64-osx-vvd/include/tiff.h:83:45: note: 'uint16' has been explicitly marked deprecated here
   83 | typedef TIFF_MSC_DEPRECATED uint16_t uint16 TIFF_GCC_DEPRECATED;
      |                                             ^
/Users/otsunah/Documents/GitHub/VVDViewer/VVDViewer/build/vcpkg_installed/arm64-osx-vvd/include/tiff.h:66:44: note: expanded from macro 'TIFF_GCC_DEPRECATED'
   66 | #define TIFF_GCC_DEPRECATED __attribute__((deprecated))
      |                                            ^
/Users/otsunah/Documents/GitHub/VVDViewer/VVDViewer/fluorender/FluoRender/DataManager.cpp:5203:4: warning: 'uint8' is deprecated [-Wdeprecated-declarations]
 5203 |                         uint8* data = (uint8*)m_src->data;
      |                         ^
/Users/otsunah/Documents/GitHub/VVDViewer/VVDViewer/build/vcpkg_installed/arm64-osx-vvd/include/tiff.h:80:43: note: 'uint8' has been explicitly marked deprecated here
   80 | typedef TIFF_MSC_DEPRECATED uint8_t uint8 TIFF_GCC_DEPRECATED;
      |                                           ^
/Users/otsunah/Documents/GitHub/VVDViewer/VVDViewer/build/vcpkg_installed/arm64-osx-vvd/include/tiff.h:66:44: note: expanded from macro 'TIFF_GCC_DEPRECATED'
   66 | #define TIFF_GCC_DEPRECATED __attribute__((deprecated))
      |                                            ^
/Users/otsunah/Documents/GitHub/VVDViewer/VVDViewer/fluorender/FluoRender/DataManager.cpp:5203:19: warning: 'uint8' is deprecated [-Wdeprecated-declarations]
 5203 |                         uint8* data = (uint8*)m_src->data;
      |                                        ^
/Users/otsunah/Documents/GitHub/VVDViewer/VVDViewer/build/vcpkg_installed/arm64-osx-vvd/include/tiff.h:80:43: note: 'uint8' has been explicitly marked deprecated here
   80 | typedef TIFF_MSC_DEPRECATED uint8_t uint8 TIFF_GCC_DEPRECATED;
      |                                           ^
/Users/otsunah/Documents/GitHub/VVDViewer/VVDViewer/build/vcpkg_installed/arm64-osx-vvd/include/tiff.h:66:44: note: expanded from macro 'TIFF_GCC_DEPRECATED'
   66 | #define TIFF_GCC_DEPRECATED __attribute__((deprecated))
      |                                            ^
/Users/otsunah/Documents/GitHub/VVDViewer/VVDViewer/fluorender/FluoRender/DataManager.cpp:5204:4: warning: 'uint8' is deprecated [-Wdeprecated-declarations]
 5204 |                         uint8* dst_data = (uint8*)m_dst->data;
      |                         ^
/Users/otsunah/Documents/GitHub/VVDViewer/VVDViewer/build/vcpkg_installed/arm64-osx-vvd/include/tiff.h:80:43: note: 'uint8' has been explicitly marked deprecated here
   80 | typedef TIFF_MSC_DEPRECATED uint8_t uint8 TIFF_GCC_DEPRECATED;
      |                                           ^
/Users/otsunah/Documents/GitHub/VVDViewer/VVDViewer/build/vcpkg_installed/arm64-osx-vvd/include/tiff.h:66:44: note: expanded from macro 'TIFF_GCC_DEPRECATED'
   66 | #define TIFF_GCC_DEPRECATED __attribute__((deprecated))
      |                                            ^
/Users/otsunah/Documents/GitHub/VVDViewer/VVDViewer/fluorender/FluoRender/DataManager.cpp:5204:23: warning: 'uint8' is deprecated [-Wdeprecated-declarations]
 5204 |                         uint8* dst_data = (uint8*)m_dst->data;
      |                                            ^
/Users/otsunah/Documents/GitHub/VVDViewer/VVDViewer/build/vcpkg_installed/arm64-osx-vvd/include/tiff.h:80:43: note: 'uint8' has been explicitly marked deprecated here
   80 | typedef TIFF_MSC_DEPRECATED uint8_t uint8 TIFF_GCC_DEPRECATED;
      |                                           ^
/Users/otsunah/Documents/GitHub/VVDViewer/VVDViewer/build/vcpkg_installed/arm64-osx-vvd/include/tiff.h:66:44: note: expanded from macro 'TIFF_GCC_DEPRECATED'
   66 | #define TIFF_GCC_DEPRECATED __attribute__((deprecated))
      |                                            ^
/Users/otsunah/Documents/GitHub/VVDViewer/VVDViewer/fluorender/FluoRender/DataManager.cpp:5221:45: warning: 'uint8' is deprecated [-Wdeprecated-declarations]
 5221 |                                                 dst_data[z * ny * nx + y * nx + x] = (uint8)data[id];
      |                                                                                       ^
/Users/otsunah/Documents/GitHub/VVDViewer/VVDViewer/build/vcpkg_installed/arm64-osx-vvd/include/tiff.h:80:43: note: 'uint8' has been explicitly marked deprecated here
   80 | typedef TIFF_MSC_DEPRECATED uint8_t uint8 TIFF_GCC_DEPRECATED;
      |                                           ^
/Users/otsunah/Documents/GitHub/VVDViewer/VVDViewer/build/vcpkg_installed/arm64-osx-vvd/include/tiff.h:66:44: note: expanded from macro 'TIFF_GCC_DEPRECATED'
   66 | #define TIFF_GCC_DEPRECATED __attribute__((deprecated))
      |                                            ^
/Users/otsunah/Documents/GitHub/VVDViewer/VVDViewer/fluorender/FluoRender/DataManager.cpp:5228:4: warning: 'uint16' is deprecated [-Wdeprecated-declarations]
 5228 |                         uint16* data = (uint16*)m_src->data;
      |                         ^
/Users/otsunah/Documents/GitHub/VVDViewer/VVDViewer/build/vcpkg_installed/arm64-osx-vvd/include/tiff.h:83:45: note: 'uint16' has been explicitly marked deprecated here
   83 | typedef TIFF_MSC_DEPRECATED uint16_t uint16 TIFF_GCC_DEPRECATED;
      |                                             ^
/Users/otsunah/Documents/GitHub/VVDViewer/VVDViewer/build/vcpkg_installed/arm64-osx-vvd/include/tiff.h:66:44: note: expanded from macro 'TIFF_GCC_DEPRECATED'
   66 | #define TIFF_GCC_DEPRECATED __attribute__((deprecated))
      |                                            ^
/Users/otsunah/Documents/GitHub/VVDViewer/VVDViewer/fluorender/FluoRender/DataManager.cpp:5228:20: warning: 'uint16' is deprecated [-Wdeprecated-declarations]
 5228 |                         uint16* data = (uint16*)m_src->data;
      |                                         ^
/Users/otsunah/Documents/GitHub/VVDViewer/VVDViewer/build/vcpkg_installed/arm64-osx-vvd/include/tiff.h:83:45: note: 'uint16' has been explicitly marked deprecated here
   83 | typedef TIFF_MSC_DEPRECATED uint16_t uint16 TIFF_GCC_DEPRECATED;
      |                                             ^
/Users/otsunah/Documents/GitHub/VVDViewer/VVDViewer/build/vcpkg_installed/arm64-osx-vvd/include/tiff.h:66:44: note: expanded from macro 'TIFF_GCC_DEPRECATED'
   66 | #define TIFF_GCC_DEPRECATED __attribute__((deprecated))
      |                                            ^
/Users/otsunah/Documents/GitHub/VVDViewer/VVDViewer/fluorender/FluoRender/DataManager.cpp:5229:4: warning: 'uint16' is deprecated [-Wdeprecated-declarations]
 5229 |                         uint16* dst_data = (uint16*)m_dst->data;
      |                         ^
/Users/otsunah/Documents/GitHub/VVDViewer/VVDViewer/build/vcpkg_installed/arm64-osx-vvd/include/tiff.h:83:45: note: 'uint16' has been explicitly marked deprecated here
   83 | typedef TIFF_MSC_DEPRECATED uint16_t uint16 TIFF_GCC_DEPRECATED;
      |                                             ^
/Users/otsunah/Documents/GitHub/VVDViewer/VVDViewer/build/vcpkg_installed/arm64-osx-vvd/include/tiff.h:66:44: note: expanded from macro 'TIFF_GCC_DEPRECATED'
   66 | #define TIFF_GCC_DEPRECATED __attribute__((deprecated))
      |                                            ^
/Users/otsunah/Documents/GitHub/VVDViewer/VVDViewer/fluorender/FluoRender/DataManager.cpp:5229:24: warning: 'uint16' is deprecated [-Wdeprecated-declarations]
 5229 |                         uint16* dst_data = (uint16*)m_dst->data;
      |                                             ^
/Users/otsunah/Documents/GitHub/VVDViewer/VVDViewer/build/vcpkg_installed/arm64-osx-vvd/include/tiff.h:83:45: note: 'uint16' has been explicitly marked deprecated here
   83 | typedef TIFF_MSC_DEPRECATED uint16_t uint16 TIFF_GCC_DEPRECATED;
      |                                             ^
/Users/otsunah/Documents/GitHub/VVDViewer/VVDViewer/build/vcpkg_installed/arm64-osx-vvd/include/tiff.h:66:44: note: expanded from macro 'TIFF_GCC_DEPRECATED'
   66 | #define TIFF_GCC_DEPRECATED __attribute__((deprecated))
      |                                            ^
/Users/otsunah/Documents/GitHub/VVDViewer/VVDViewer/fluorender/FluoRender/DataManager.cpp:5246:45: warning: 'uint16' is deprecated [-Wdeprecated-declarations]
 5246 |                                                 dst_data[z * ny * nx + y * nx + x] = (uint16)data[id];
      |                                                                                       ^
/Users/otsunah/Documents/GitHub/VVDViewer/VVDViewer/build/vcpkg_installed/arm64-osx-vvd/include/tiff.h:83:45: note: 'uint16' has been explicitly marked deprecated here
   83 | typedef TIFF_MSC_DEPRECATED uint16_t uint16 TIFF_GCC_DEPRECATED;
      |                                             ^
/Users/otsunah/Documents/GitHub/VVDViewer/VVDViewer/build/vcpkg_installed/arm64-osx-vvd/include/tiff.h:66:44: note: expanded from macro 'TIFF_GCC_DEPRECATED'
   66 | #define TIFF_GCC_DEPRECATED __attribute__((deprecated))
      |                                            ^
/Users/otsunah/Documents/GitHub/VVDViewer/VVDViewer/fluorender/FluoRender/DataManager.cpp:9256:22: warning: using the result of an assignment as a condition without parentheses [-Wparentheses]
 9256 |         while (entry = zstream.GetNextEntry())
      |                ~~~~~~^~~~~~~~~~~~~~~~~~~~~~~~
/Users/otsunah/Documents/GitHub/VVDViewer/VVDViewer/fluorender/FluoRender/DataManager.cpp:9256:22: note: place parentheses around the assignment to silence this warning
 9256 |         while (entry = zstream.GetNextEntry())
      |                      ^                       
      |                (                             )
/Users/otsunah/Documents/GitHub/VVDViewer/VVDViewer/fluorender/FluoRender/DataManager.cpp:9256:22: note: use '==' to turn this assignment into an equality comparison
 9256 |         while (entry = zstream.GetNextEntry())
      |                      ^
      |                      ==
/Users/otsunah/Documents/GitHub/VVDViewer/VVDViewer/fluorender/FluoRender/DataManager.cpp:11758:26: warning: using the result of an assignment as a condition without parentheses [-Wparentheses]
 11758 |             while (entry = zstream.GetNextEntry())
       |                    ~~~~~~^~~~~~~~~~~~~~~~~~~~~~~~
/Users/otsunah/Documents/GitHub/VVDViewer/VVDViewer/fluorender/FluoRender/DataManager.cpp:11758:26: note: place parentheses around the assignment to silence this warning
 11758 |             while (entry = zstream.GetNextEntry())
       |                          ^                       
       |                    (                             )
/Users/otsunah/Documents/GitHub/VVDViewer/VVDViewer/fluorender/FluoRender/DataManager.cpp:11758:26: note: use '==' to turn this assignment into an equality comparison
 11758 |             while (entry = zstream.GetNextEntry())
       |                          ^
       |                          ==
105 warnings generated.
[47/74] Building CXX object CMakeFiles/VVDMainFrame.dir/fluorender/FluoRender/VAnnoView.cpp.o
In file included from /Users/otsunah/Documents/GitHub/VVDViewer/VVDViewer/fluorender/FluoRender/VAnnoView.cpp:1:
In file included from /Users/otsunah/Documents/GitHub/VVDViewer/VVDViewer/fluorender/FluoRender/VAnnoView.h:4:
In file included from /Users/otsunah/Documents/GitHub/VVDViewer/VVDViewer/fluorender/FluoRender/DataManager.h:29:
/Users/otsunah/Documents/GitHub/VVDViewer/VVDViewer/fluorender/FluoRender/compatibility.h:364:28: warning: 'codecvt_utf8_utf16<wchar_t>' is deprecated [-Wdeprecated-declarations]
  364 |         std::wstring_convert<std::codecvt_utf8_utf16<wchar_t>, wchar_t> converter;
      |                                   ^
/Library/Developer/CommandLineTools/SDKs/MacOSX.sdk/usr/include/c++/v1/codecvt:568:28: note: 'codecvt_utf8_utf16<wchar_t>' has been explicitly marked deprecated here
  568 | class _LIBCPP_TEMPLATE_VIS _LIBCPP_DEPRECATED_IN_CXX17 codecvt_utf8_utf16 : public __codecvt_utf8_utf16<_Elem> {
      |                            ^
/Library/Developer/CommandLineTools/SDKs/MacOSX.sdk/usr/include/c++/v1/__config:731:41: note: expanded from macro '_LIBCPP_DEPRECATED_IN_CXX17'
  731 | #    define _LIBCPP_DEPRECATED_IN_CXX17 _LIBCPP_DEPRECATED
      |                                         ^
/Library/Developer/CommandLineTools/SDKs/MacOSX.sdk/usr/include/c++/v1/__config:696:49: note: expanded from macro '_LIBCPP_DEPRECATED'
  696 | #      define _LIBCPP_DEPRECATED __attribute__((__deprecated__))
      |                                                 ^
In file included from /Users/otsunah/Documents/GitHub/VVDViewer/VVDViewer/fluorender/FluoRender/VAnnoView.cpp:1:
In file included from /Users/otsunah/Documents/GitHub/VVDViewer/VVDViewer/fluorender/FluoRender/VAnnoView.h:4:
In file included from /Users/otsunah/Documents/GitHub/VVDViewer/VVDViewer/fluorender/FluoRender/DataManager.h:29:
/Users/otsunah/Documents/GitHub/VVDViewer/VVDViewer/fluorender/FluoRender/compatibility.h:364:7: warning: 'wstring_convert<std::codecvt_utf8_utf16<wchar_t>>' is deprecated [-Wdeprecated-declarations]
  364 |         std::wstring_convert<std::codecvt_utf8_utf16<wchar_t>, wchar_t> converter;
      |              ^
/Library/Developer/CommandLineTools/SDKs/MacOSX.sdk/usr/include/c++/v1/locale:3145:28: note: 'wstring_convert<std::codecvt_utf8_utf16<wchar_t>>' has been explicitly marked deprecated here
 3145 | class _LIBCPP_TEMPLATE_VIS _LIBCPP_DEPRECATED_IN_CXX17 wstring_convert {
      |                            ^
/Library/Developer/CommandLineTools/SDKs/MacOSX.sdk/usr/include/c++/v1/__config:731:41: note: expanded from macro '_LIBCPP_DEPRECATED_IN_CXX17'
  731 | #    define _LIBCPP_DEPRECATED_IN_CXX17 _LIBCPP_DEPRECATED
      |                                         ^
/Library/Developer/CommandLineTools/SDKs/MacOSX.sdk/usr/include/c++/v1/__config:696:49: note: expanded from macro '_LIBCPP_DEPRECATED'
  696 | #      define _LIBCPP_DEPRECATED __attribute__((__deprecated__))
      |                                                 ^
In file included from /Users/otsunah/Documents/GitHub/VVDViewer/VVDViewer/fluorender/FluoRender/VAnnoView.cpp:1:
In file included from /Users/otsunah/Documents/GitHub/VVDViewer/VVDViewer/fluorender/FluoRender/VAnnoView.h:4:
In file included from /Users/otsunah/Documents/GitHub/VVDViewer/VVDViewer/fluorender/FluoRender/DataManager.h:29:
/Users/otsunah/Documents/GitHub/VVDViewer/VVDViewer/fluorender/FluoRender/compatibility.h:370:28: warning: 'codecvt_utf8_utf16<wchar_t>' is deprecated [-Wdeprecated-declarations]
  370 |         std::wstring_convert<std::codecvt_utf8_utf16<wchar_t>, wchar_t> converter;
      |                                   ^
/Library/Developer/CommandLineTools/SDKs/MacOSX.sdk/usr/include/c++/v1/codecvt:568:28: note: 'codecvt_utf8_utf16<wchar_t>' has been explicitly marked deprecated here
  568 | class _LIBCPP_TEMPLATE_VIS _LIBCPP_DEPRECATED_IN_CXX17 codecvt_utf8_utf16 : public __codecvt_utf8_utf16<_Elem> {
      |                            ^
/Library/Developer/CommandLineTools/SDKs/MacOSX.sdk/usr/include/c++/v1/__config:731:41: note: expanded from macro '_LIBCPP_DEPRECATED_IN_CXX17'
  731 | #    define _LIBCPP_DEPRECATED_IN_CXX17 _LIBCPP_DEPRECATED
      |                                         ^
/Library/Developer/CommandLineTools/SDKs/MacOSX.sdk/usr/include/c++/v1/__config:696:49: note: expanded from macro '_LIBCPP_DEPRECATED'
  696 | #      define _LIBCPP_DEPRECATED __attribute__((__deprecated__))
      |                                                 ^
In file included from /Users/otsunah/Documents/GitHub/VVDViewer/VVDViewer/fluorender/FluoRender/VAnnoView.cpp:1:
In file included from /Users/otsunah/Documents/GitHub/VVDViewer/VVDViewer/fluorender/FluoRender/VAnnoView.h:4:
In file included from /Users/otsunah/Documents/GitHub/VVDViewer/VVDViewer/fluorender/FluoRender/DataManager.h:29:
/Users/otsunah/Documents/GitHub/VVDViewer/VVDViewer/fluorender/FluoRender/compatibility.h:370:7: warning: 'wstring_convert<std::codecvt_utf8_utf16<wchar_t>>' is deprecated [-Wdeprecated-declarations]
  370 |         std::wstring_convert<std::codecvt_utf8_utf16<wchar_t>, wchar_t> converter;
      |              ^
/Library/Developer/CommandLineTools/SDKs/MacOSX.sdk/usr/include/c++/v1/locale:3145:28: note: 'wstring_convert<std::codecvt_utf8_utf16<wchar_t>>' has been explicitly marked deprecated here
 3145 | class _LIBCPP_TEMPLATE_VIS _LIBCPP_DEPRECATED_IN_CXX17 wstring_convert {
      |                            ^
/Library/Developer/CommandLineTools/SDKs/MacOSX.sdk/usr/include/c++/v1/__config:731:41: note: expanded from macro '_LIBCPP_DEPRECATED_IN_CXX17'
  731 | #    define _LIBCPP_DEPRECATED_IN_CXX17 _LIBCPP_DEPRECATED
      |                                         ^
/Library/Developer/CommandLineTools/SDKs/MacOSX.sdk/usr/include/c++/v1/__config:696:49: note: expanded from macro '_LIBCPP_DEPRECATED'
  696 | #      define _LIBCPP_DEPRECATED __attribute__((__deprecated__))
      |                                                 ^
In file included from /Users/otsunah/Documents/GitHub/VVDViewer/VVDViewer/fluorender/FluoRender/VAnnoView.cpp:1:
In file included from /Users/otsunah/Documents/GitHub/VVDViewer/VVDViewer/fluorender/FluoRender/VAnnoView.h:4:
In file included from /Users/otsunah/Documents/GitHub/VVDViewer/VVDViewer/fluorender/FluoRender/DataManager.h:29:
/Users/otsunah/Documents/GitHub/VVDViewer/VVDViewer/fluorender/FluoRender/compatibility.h:411:10: warning: 'vsprintf' is deprecated: This function is provided for compatibility reasons only.  Due to security concerns inherent in the design of sprintf(3), it is highly recommended that you use vsnprintf(3) instead. [-Wdeprecated-declarations]
  411 |         int r = vsprintf(buf, fmt, args);
      |                 ^
/Library/Developer/CommandLineTools/SDKs/MacOSX.sdk/usr/include/_stdio.h:298:1: note: 'vsprintf' has been explicitly marked deprecated here
  298 | __deprecated_msg("This function is provided for compatibility reasons only.  Due to security concerns inherent in the design of sprintf(3), it is highly recommended that you use vsnprintf(3) instead.")
      | ^
/Library/Developer/CommandLineTools/SDKs/MacOSX.sdk/usr/include/sys/cdefs.h:218:48: note: expanded from macro '__deprecated_msg'
  218 |         #define __deprecated_msg(_msg) __attribute__((__deprecated__(_msg)))
      |                                                       ^
In file included from /Users/otsunah/Documents/GitHub/VVDViewer/VVDViewer/fluorender/FluoRender/VAnnoView.cpp:1:
In file included from /Users/otsunah/Documents/GitHub/VVDViewer/VVDViewer/fluorender/FluoRender/VAnnoView.h:4:
In file included from /Users/otsunah/Documents/GitHub/VVDViewer/VVDViewer/fluorender/FluoRender/DataManager.h:38:
In file included from /Users/otsunah/Documents/GitHub/VVDViewer/VVDViewer/fluorender/FluoRender/FLIVR/MeshRenderer.h:33:
In file included from /Users/otsunah/Documents/GitHub/VVDViewer/VVDViewer/fluorender/FluoRender/FLIVR/MshShader.h:37:
In file included from /Users/otsunah/Documents/GitHub/VVDViewer/VVDViewer/fluorender/FluoRender/Vulkan/VulkanDevice.hpp:23:
/Users/otsunah/Documents/GitHub/VVDViewer/VVDViewer/fluorender/FluoRender/FLIVR/TextureBrick.h:129:7: warning: cannot delete expression with pointer-to-'void' type 'void *' [-Wdelete-incomplete]
  129 |                                                 delete[] m_nrrd->data;
      |                                                 ^        ~~~~~~~~~~~~
In file included from /Users/otsunah/Documents/GitHub/VVDViewer/VVDViewer/fluorender/FluoRender/VAnnoView.cpp:1:
In file included from /Users/otsunah/Documents/GitHub/VVDViewer/VVDViewer/fluorender/FluoRender/VAnnoView.h:4:
In file included from /Users/otsunah/Documents/GitHub/VVDViewer/VVDViewer/fluorender/FluoRender/DataManager.h:38:
In file included from /Users/otsunah/Documents/GitHub/VVDViewer/VVDViewer/fluorender/FluoRender/FLIVR/MeshRenderer.h:38:
/Users/otsunah/Documents/GitHub/VVDViewer/VVDViewer/fluorender/FluoRender/VVulkan.h:2:9: warning: 'GLM_FORCE_DEPTH_ZERO_TO_ONE' macro redefined [-Wmacro-redefined]
    2 | #define GLM_FORCE_DEPTH_ZERO_TO_ONE
      |         ^
<command line>:9:9: note: previous definition is here
    9 | #define GLM_FORCE_DEPTH_ZERO_TO_ONE 1
      |         ^
In file included from /Users/otsunah/Documents/GitHub/VVDViewer/VVDViewer/fluorender/FluoRender/VAnnoView.cpp:1:
In file included from /Users/otsunah/Documents/GitHub/VVDViewer/VVDViewer/fluorender/FluoRender/VAnnoView.h:4:
In file included from /Users/otsunah/Documents/GitHub/VVDViewer/VVDViewer/fluorender/FluoRender/DataManager.h:59:
/Users/otsunah/Documents/GitHub/VVDViewer/VVDViewer/fluorender/FluoRender/Formats/brkxml_reader.h:100:21: warning: cannot delete expression with pointer-to-'void' type 'void *' [-Wdelete-incomplete]
  100 |                     delete[] m_data;
      |                     ^        ~~~~~~
In file included from /Users/otsunah/Documents/GitHub/VVDViewer/VVDViewer/fluorender/FluoRender/VAnnoView.cpp:2:
In file included from /Users/otsunah/Documents/GitHub/VVDViewer/VVDViewer/fluorender/FluoRender/VRenderFrame.h:49:
/Users/otsunah/Documents/GitHub/VVDViewer/VVDViewer/fluorender/FluoRender/MeasureDlg.h:125:9: warning: 'GetSizeAvailableForScrollTarget' overrides a member function but is not marked 'override' [-Winconsistent-missing-override]
  125 |         wxSize GetSizeAvailableForScrollTarget(const wxSize& size) {
      |                ^
/Users/otsunah/Documents/GitHub/VVDViewer/VVDViewer/build/vcpkg_installed/arm64-osx-vvd/include/wx-3.3/wx/generic/listctrl.h:228:20: note: overridden virtual function is here
  228 |     virtual wxSize GetSizeAvailableForScrollTarget(const wxSize& size) override;
      |                    ^
9 warnings generated.
[48/74] Building CXX object CMakeFiles/FijiInterfacePlugin.dir/plugin_fiji/vvd/FijiInterfacePluginExports.cpp.o
[49/74] Building CXX object CMakeFiles/VVDMainFrame.dir/fluorender/FluoRender/VolumeCalculator.cpp.o
In file included from /Users/otsunah/Documents/GitHub/VVDViewer/VVDViewer/fluorender/FluoRender/VolumeCalculator.cpp:28:
In file included from /Users/otsunah/Documents/GitHub/VVDViewer/VVDViewer/fluorender/FluoRender/VolumeCalculator.h:28:
In file included from /Users/otsunah/Documents/GitHub/VVDViewer/VVDViewer/fluorender/FluoRender/DataManager.h:29:
/Users/otsunah/Documents/GitHub/VVDViewer/VVDViewer/fluorender/FluoRender/compatibility.h:364:28: warning: 'codecvt_utf8_utf16<wchar_t>' is deprecated [-Wdeprecated-declarations]
  364 |         std::wstring_convert<std::codecvt_utf8_utf16<wchar_t>, wchar_t> converter;
      |                                   ^
/Library/Developer/CommandLineTools/SDKs/MacOSX.sdk/usr/include/c++/v1/codecvt:568:28: note: 'codecvt_utf8_utf16<wchar_t>' has been explicitly marked deprecated here
  568 | class _LIBCPP_TEMPLATE_VIS _LIBCPP_DEPRECATED_IN_CXX17 codecvt_utf8_utf16 : public __codecvt_utf8_utf16<_Elem> {
      |                            ^
/Library/Developer/CommandLineTools/SDKs/MacOSX.sdk/usr/include/c++/v1/__config:731:41: note: expanded from macro '_LIBCPP_DEPRECATED_IN_CXX17'
  731 | #    define _LIBCPP_DEPRECATED_IN_CXX17 _LIBCPP_DEPRECATED
      |                                         ^
/Library/Developer/CommandLineTools/SDKs/MacOSX.sdk/usr/include/c++/v1/__config:696:49: note: expanded from macro '_LIBCPP_DEPRECATED'
  696 | #      define _LIBCPP_DEPRECATED __attribute__((__deprecated__))
      |                                                 ^
In file included from /Users/otsunah/Documents/GitHub/VVDViewer/VVDViewer/fluorender/FluoRender/VolumeCalculator.cpp:28:
In file included from /Users/otsunah/Documents/GitHub/VVDViewer/VVDViewer/fluorender/FluoRender/VolumeCalculator.h:28:
In file included from /Users/otsunah/Documents/GitHub/VVDViewer/VVDViewer/fluorender/FluoRender/DataManager.h:29:
/Users/otsunah/Documents/GitHub/VVDViewer/VVDViewer/fluorender/FluoRender/compatibility.h:364:7: warning: 'wstring_convert<std::codecvt_utf8_utf16<wchar_t>>' is deprecated [-Wdeprecated-declarations]
  364 |         std::wstring_convert<std::codecvt_utf8_utf16<wchar_t>, wchar_t> converter;
      |              ^
/Library/Developer/CommandLineTools/SDKs/MacOSX.sdk/usr/include/c++/v1/locale:3145:28: note: 'wstring_convert<std::codecvt_utf8_utf16<wchar_t>>' has been explicitly marked deprecated here
 3145 | class _LIBCPP_TEMPLATE_VIS _LIBCPP_DEPRECATED_IN_CXX17 wstring_convert {
      |                            ^
/Library/Developer/CommandLineTools/SDKs/MacOSX.sdk/usr/include/c++/v1/__config:731:41: note: expanded from macro '_LIBCPP_DEPRECATED_IN_CXX17'
  731 | #    define _LIBCPP_DEPRECATED_IN_CXX17 _LIBCPP_DEPRECATED
      |                                         ^
/Library/Developer/CommandLineTools/SDKs/MacOSX.sdk/usr/include/c++/v1/__config:696:49: note: expanded from macro '_LIBCPP_DEPRECATED'
  696 | #      define _LIBCPP_DEPRECATED __attribute__((__deprecated__))
      |                                                 ^
In file included from /Users/otsunah/Documents/GitHub/VVDViewer/VVDViewer/fluorender/FluoRender/VolumeCalculator.cpp:28:
In file included from /Users/otsunah/Documents/GitHub/VVDViewer/VVDViewer/fluorender/FluoRender/VolumeCalculator.h:28:
In file included from /Users/otsunah/Documents/GitHub/VVDViewer/VVDViewer/fluorender/FluoRender/DataManager.h:29:
/Users/otsunah/Documents/GitHub/VVDViewer/VVDViewer/fluorender/FluoRender/compatibility.h:370:28: warning: 'codecvt_utf8_utf16<wchar_t>' is deprecated [-Wdeprecated-declarations]
  370 |         std::wstring_convert<std::codecvt_utf8_utf16<wchar_t>, wchar_t> converter;
      |                                   ^
/Library/Developer/CommandLineTools/SDKs/MacOSX.sdk/usr/include/c++/v1/codecvt:568:28: note: 'codecvt_utf8_utf16<wchar_t>' has been explicitly marked deprecated here
  568 | class _LIBCPP_TEMPLATE_VIS _LIBCPP_DEPRECATED_IN_CXX17 codecvt_utf8_utf16 : public __codecvt_utf8_utf16<_Elem> {
      |                            ^
/Library/Developer/CommandLineTools/SDKs/MacOSX.sdk/usr/include/c++/v1/__config:731:41: note: expanded from macro '_LIBCPP_DEPRECATED_IN_CXX17'
  731 | #    define _LIBCPP_DEPRECATED_IN_CXX17 _LIBCPP_DEPRECATED
      |                                         ^
/Library/Developer/CommandLineTools/SDKs/MacOSX.sdk/usr/include/c++/v1/__config:696:49: note: expanded from macro '_LIBCPP_DEPRECATED'
  696 | #      define _LIBCPP_DEPRECATED __attribute__((__deprecated__))
      |                                                 ^
In file included from /Users/otsunah/Documents/GitHub/VVDViewer/VVDViewer/fluorender/FluoRender/VolumeCalculator.cpp:28:
In file included from /Users/otsunah/Documents/GitHub/VVDViewer/VVDViewer/fluorender/FluoRender/VolumeCalculator.h:28:
In file included from /Users/otsunah/Documents/GitHub/VVDViewer/VVDViewer/fluorender/FluoRender/DataManager.h:29:
/Users/otsunah/Documents/GitHub/VVDViewer/VVDViewer/fluorender/FluoRender/compatibility.h:370:7: warning: 'wstring_convert<std::codecvt_utf8_utf16<wchar_t>>' is deprecated [-Wdeprecated-declarations]
  370 |         std::wstring_convert<std::codecvt_utf8_utf16<wchar_t>, wchar_t> converter;
      |              ^
/Library/Developer/CommandLineTools/SDKs/MacOSX.sdk/usr/include/c++/v1/locale:3145:28: note: 'wstring_convert<std::codecvt_utf8_utf16<wchar_t>>' has been explicitly marked deprecated here
 3145 | class _LIBCPP_TEMPLATE_VIS _LIBCPP_DEPRECATED_IN_CXX17 wstring_convert {
      |                            ^
/Library/Developer/CommandLineTools/SDKs/MacOSX.sdk/usr/include/c++/v1/__config:731:41: note: expanded from macro '_LIBCPP_DEPRECATED_IN_CXX17'
  731 | #    define _LIBCPP_DEPRECATED_IN_CXX17 _LIBCPP_DEPRECATED
      |                                         ^
/Library/Developer/CommandLineTools/SDKs/MacOSX.sdk/usr/include/c++/v1/__config:696:49: note: expanded from macro '_LIBCPP_DEPRECATED'
  696 | #      define _LIBCPP_DEPRECATED __attribute__((__deprecated__))
      |                                                 ^
In file included from /Users/otsunah/Documents/GitHub/VVDViewer/VVDViewer/fluorender/FluoRender/VolumeCalculator.cpp:28:
In file included from /Users/otsunah/Documents/GitHub/VVDViewer/VVDViewer/fluorender/FluoRender/VolumeCalculator.h:28:
In file included from /Users/otsunah/Documents/GitHub/VVDViewer/VVDViewer/fluorender/FluoRender/DataManager.h:29:
/Users/otsunah/Documents/GitHub/VVDViewer/VVDViewer/fluorender/FluoRender/compatibility.h:411:10: warning: 'vsprintf' is deprecated: This function is provided for compatibility reasons only.  Due to security concerns inherent in the design of sprintf(3), it is highly recommended that you use vsnprintf(3) instead. [-Wdeprecated-declarations]
  411 |         int r = vsprintf(buf, fmt, args);
      |                 ^
/Library/Developer/CommandLineTools/SDKs/MacOSX.sdk/usr/include/_stdio.h:298:1: note: 'vsprintf' has been explicitly marked deprecated here
  298 | __deprecated_msg("This function is provided for compatibility reasons only.  Due to security concerns inherent in the design of sprintf(3), it is highly recommended that you use vsnprintf(3) instead.")
      | ^
/Library/Developer/CommandLineTools/SDKs/MacOSX.sdk/usr/include/sys/cdefs.h:218:48: note: expanded from macro '__deprecated_msg'
  218 |         #define __deprecated_msg(_msg) __attribute__((__deprecated__(_msg)))
      |                                                       ^
In file included from /Users/otsunah/Documents/GitHub/VVDViewer/VVDViewer/fluorender/FluoRender/VolumeCalculator.cpp:28:
In file included from /Users/otsunah/Documents/GitHub/VVDViewer/VVDViewer/fluorender/FluoRender/VolumeCalculator.h:28:
In file included from /Users/otsunah/Documents/GitHub/VVDViewer/VVDViewer/fluorender/FluoRender/DataManager.h:38:
In file included from /Users/otsunah/Documents/GitHub/VVDViewer/VVDViewer/fluorender/FluoRender/FLIVR/MeshRenderer.h:33:
In file included from /Users/otsunah/Documents/GitHub/VVDViewer/VVDViewer/fluorender/FluoRender/FLIVR/MshShader.h:37:
In file included from /Users/otsunah/Documents/GitHub/VVDViewer/VVDViewer/fluorender/FluoRender/Vulkan/VulkanDevice.hpp:23:
/Users/otsunah/Documents/GitHub/VVDViewer/VVDViewer/fluorender/FluoRender/FLIVR/TextureBrick.h:129:7: warning: cannot delete expression with pointer-to-'void' type 'void *' [-Wdelete-incomplete]
  129 |                                                 delete[] m_nrrd->data;
      |                                                 ^        ~~~~~~~~~~~~
In file included from /Users/otsunah/Documents/GitHub/VVDViewer/VVDViewer/fluorender/FluoRender/VolumeCalculator.cpp:28:
In file included from /Users/otsunah/Documents/GitHub/VVDViewer/VVDViewer/fluorender/FluoRender/VolumeCalculator.h:28:
In file included from /Users/otsunah/Documents/GitHub/VVDViewer/VVDViewer/fluorender/FluoRender/DataManager.h:38:
In file included from /Users/otsunah/Documents/GitHub/VVDViewer/VVDViewer/fluorender/FluoRender/FLIVR/MeshRenderer.h:38:
/Users/otsunah/Documents/GitHub/VVDViewer/VVDViewer/fluorender/FluoRender/VVulkan.h:2:9: warning: 'GLM_FORCE_DEPTH_ZERO_TO_ONE' macro redefined [-Wmacro-redefined]
    2 | #define GLM_FORCE_DEPTH_ZERO_TO_ONE
      |         ^
<command line>:9:9: note: previous definition is here
    9 | #define GLM_FORCE_DEPTH_ZERO_TO_ONE 1
      |         ^
In file included from /Users/otsunah/Documents/GitHub/VVDViewer/VVDViewer/fluorender/FluoRender/VolumeCalculator.cpp:28:
In file included from /Users/otsunah/Documents/GitHub/VVDViewer/VVDViewer/fluorender/FluoRender/VolumeCalculator.h:28:
In file included from /Users/otsunah/Documents/GitHub/VVDViewer/VVDViewer/fluorender/FluoRender/DataManager.h:59:
/Users/otsunah/Documents/GitHub/VVDViewer/VVDViewer/fluorender/FluoRender/Formats/brkxml_reader.h:100:21: warning: cannot delete expression with pointer-to-'void' type 'void *' [-Wdelete-incomplete]
  100 |                     delete[] m_data;
      |                     ^        ~~~~~~
8 warnings generated.
[50/74] Building CXX object CMakeFiles/FijiInterfacePlugin.dir/plugin_fiji/vvd/stdwx.cpp.o
[51/74] Building CXX object CMakeFiles/FijiInterfacePlugin.dir/fluorender/FluoRender/PluginController/stdwx.cpp.o
[52/74] Building CXX object CMakeFiles/NBLASTGuiPlugin.dir/plugin_nblast/vvd/NBLASTGuiPluginExports.cpp.o
[53/74] Building CXX object CMakeFiles/NBLASTGuiPlugin.dir/fluorender/FluoRender/PluginController/stdwx.cpp.o
[54/74] Building CXX object CMakeFiles/VVDMainFrame.dir/fluorender/FluoRender/VMovieView.cpp.o
In file included from /Users/otsunah/Documents/GitHub/VVDViewer/VVDViewer/fluorender/FluoRender/VMovieView.cpp:28:
In file included from /Users/otsunah/Documents/GitHub/VVDViewer/VVDViewer/fluorender/FluoRender/VMovieView.h:36:
/Users/otsunah/Documents/GitHub/VVDViewer/VVDViewer/fluorender/FluoRender/compatibility.h:364:28: warning: 'codecvt_utf8_utf16<wchar_t>' is deprecated [-Wdeprecated-declarations]
  364 |         std::wstring_convert<std::codecvt_utf8_utf16<wchar_t>, wchar_t> converter;
      |                                   ^
/Library/Developer/CommandLineTools/SDKs/MacOSX.sdk/usr/include/c++/v1/codecvt:568:28: note: 'codecvt_utf8_utf16<wchar_t>' has been explicitly marked deprecated here
  568 | class _LIBCPP_TEMPLATE_VIS _LIBCPP_DEPRECATED_IN_CXX17 codecvt_utf8_utf16 : public __codecvt_utf8_utf16<_Elem> {
      |                            ^
/Library/Developer/CommandLineTools/SDKs/MacOSX.sdk/usr/include/c++/v1/__config:731:41: note: expanded from macro '_LIBCPP_DEPRECATED_IN_CXX17'
  731 | #    define _LIBCPP_DEPRECATED_IN_CXX17 _LIBCPP_DEPRECATED
      |                                         ^
/Library/Developer/CommandLineTools/SDKs/MacOSX.sdk/usr/include/c++/v1/__config:696:49: note: expanded from macro '_LIBCPP_DEPRECATED'
  696 | #      define _LIBCPP_DEPRECATED __attribute__((__deprecated__))
      |                                                 ^
In file included from /Users/otsunah/Documents/GitHub/VVDViewer/VVDViewer/fluorender/FluoRender/VMovieView.cpp:28:
In file included from /Users/otsunah/Documents/GitHub/VVDViewer/VVDViewer/fluorender/FluoRender/VMovieView.h:36:
/Users/otsunah/Documents/GitHub/VVDViewer/VVDViewer/fluorender/FluoRender/compatibility.h:364:7: warning: 'wstring_convert<std::codecvt_utf8_utf16<wchar_t>>' is deprecated [-Wdeprecated-declarations]
  364 |         std::wstring_convert<std::codecvt_utf8_utf16<wchar_t>, wchar_t> converter;
      |              ^
/Library/Developer/CommandLineTools/SDKs/MacOSX.sdk/usr/include/c++/v1/locale:3145:28: note: 'wstring_convert<std::codecvt_utf8_utf16<wchar_t>>' has been explicitly marked deprecated here
 3145 | class _LIBCPP_TEMPLATE_VIS _LIBCPP_DEPRECATED_IN_CXX17 wstring_convert {
      |                            ^
/Library/Developer/CommandLineTools/SDKs/MacOSX.sdk/usr/include/c++/v1/__config:731:41: note: expanded from macro '_LIBCPP_DEPRECATED_IN_CXX17'
  731 | #    define _LIBCPP_DEPRECATED_IN_CXX17 _LIBCPP_DEPRECATED
      |                                         ^
/Library/Developer/CommandLineTools/SDKs/MacOSX.sdk/usr/include/c++/v1/__config:696:49: note: expanded from macro '_LIBCPP_DEPRECATED'
  696 | #      define _LIBCPP_DEPRECATED __attribute__((__deprecated__))
      |                                                 ^
In file included from /Users/otsunah/Documents/GitHub/VVDViewer/VVDViewer/fluorender/FluoRender/VMovieView.cpp:28:
In file included from /Users/otsunah/Documents/GitHub/VVDViewer/VVDViewer/fluorender/FluoRender/VMovieView.h:36:
/Users/otsunah/Documents/GitHub/VVDViewer/VVDViewer/fluorender/FluoRender/compatibility.h:370:28: warning: 'codecvt_utf8_utf16<wchar_t>' is deprecated [-Wdeprecated-declarations]
  370 |         std::wstring_convert<std::codecvt_utf8_utf16<wchar_t>, wchar_t> converter;
      |                                   ^
/Library/Developer/CommandLineTools/SDKs/MacOSX.sdk/usr/include/c++/v1/codecvt:568:28: note: 'codecvt_utf8_utf16<wchar_t>' has been explicitly marked deprecated here
  568 | class _LIBCPP_TEMPLATE_VIS _LIBCPP_DEPRECATED_IN_CXX17 codecvt_utf8_utf16 : public __codecvt_utf8_utf16<_Elem> {
      |                            ^
/Library/Developer/CommandLineTools/SDKs/MacOSX.sdk/usr/include/c++/v1/__config:731:41: note: expanded from macro '_LIBCPP_DEPRECATED_IN_CXX17'
  731 | #    define _LIBCPP_DEPRECATED_IN_CXX17 _LIBCPP_DEPRECATED
      |                                         ^
/Library/Developer/CommandLineTools/SDKs/MacOSX.sdk/usr/include/c++/v1/__config:696:49: note: expanded from macro '_LIBCPP_DEPRECATED'
  696 | #      define _LIBCPP_DEPRECATED __attribute__((__deprecated__))
      |                                                 ^
In file included from /Users/otsunah/Documents/GitHub/VVDViewer/VVDViewer/fluorender/FluoRender/VMovieView.cpp:28:
In file included from /Users/otsunah/Documents/GitHub/VVDViewer/VVDViewer/fluorender/FluoRender/VMovieView.h:36:
/Users/otsunah/Documents/GitHub/VVDViewer/VVDViewer/fluorender/FluoRender/compatibility.h:370:7: warning: 'wstring_convert<std::codecvt_utf8_utf16<wchar_t>>' is deprecated [-Wdeprecated-declarations]
  370 |         std::wstring_convert<std::codecvt_utf8_utf16<wchar_t>, wchar_t> converter;
      |              ^
/Library/Developer/CommandLineTools/SDKs/MacOSX.sdk/usr/include/c++/v1/locale:3145:28: note: 'wstring_convert<std::codecvt_utf8_utf16<wchar_t>>' has been explicitly marked deprecated here
 3145 | class _LIBCPP_TEMPLATE_VIS _LIBCPP_DEPRECATED_IN_CXX17 wstring_convert {
      |                            ^
/Library/Developer/CommandLineTools/SDKs/MacOSX.sdk/usr/include/c++/v1/__config:731:41: note: expanded from macro '_LIBCPP_DEPRECATED_IN_CXX17'
  731 | #    define _LIBCPP_DEPRECATED_IN_CXX17 _LIBCPP_DEPRECATED
      |                                         ^
/Library/Developer/CommandLineTools/SDKs/MacOSX.sdk/usr/include/c++/v1/__config:696:49: note: expanded from macro '_LIBCPP_DEPRECATED'
  696 | #      define _LIBCPP_DEPRECATED __attribute__((__deprecated__))
      |                                                 ^
In file included from /Users/otsunah/Documents/GitHub/VVDViewer/VVDViewer/fluorender/FluoRender/VMovieView.cpp:28:
In file included from /Users/otsunah/Documents/GitHub/VVDViewer/VVDViewer/fluorender/FluoRender/VMovieView.h:36:
/Users/otsunah/Documents/GitHub/VVDViewer/VVDViewer/fluorender/FluoRender/compatibility.h:411:10: warning: 'vsprintf' is deprecated: This function is provided for compatibility reasons only.  Due to security concerns inherent in the design of sprintf(3), it is highly recommended that you use vsnprintf(3) instead. [-Wdeprecated-declarations]
  411 |         int r = vsprintf(buf, fmt, args);
      |                 ^
/Library/Developer/CommandLineTools/SDKs/MacOSX.sdk/usr/include/_stdio.h:298:1: note: 'vsprintf' has been explicitly marked deprecated here
  298 | __deprecated_msg("This function is provided for compatibility reasons only.  Due to security concerns inherent in the design of sprintf(3), it is highly recommended that you use vsnprintf(3) instead.")
      | ^
/Library/Developer/CommandLineTools/SDKs/MacOSX.sdk/usr/include/sys/cdefs.h:218:48: note: expanded from macro '__deprecated_msg'
  218 |         #define __deprecated_msg(_msg) __attribute__((__deprecated__(_msg)))
      |                                                       ^
In file included from /Users/otsunah/Documents/GitHub/VVDViewer/VVDViewer/fluorender/FluoRender/VMovieView.cpp:29:
In file included from /Users/otsunah/Documents/GitHub/VVDViewer/VVDViewer/fluorender/FluoRender/VRenderFrame.h:29:
In file included from /Users/otsunah/Documents/GitHub/VVDViewer/VVDViewer/fluorender/FluoRender/DataManager.h:38:
In file included from /Users/otsunah/Documents/GitHub/VVDViewer/VVDViewer/fluorender/FluoRender/FLIVR/MeshRenderer.h:33:
In file included from /Users/otsunah/Documents/GitHub/VVDViewer/VVDViewer/fluorender/FluoRender/FLIVR/MshShader.h:37:
In file included from /Users/otsunah/Documents/GitHub/VVDViewer/VVDViewer/fluorender/FluoRender/Vulkan/VulkanDevice.hpp:23:
/Users/otsunah/Documents/GitHub/VVDViewer/VVDViewer/fluorender/FluoRender/FLIVR/TextureBrick.h:129:7: warning: cannot delete expression with pointer-to-'void' type 'void *' [-Wdelete-incomplete]
  129 |                                                 delete[] m_nrrd->data;
      |                                                 ^        ~~~~~~~~~~~~
In file included from /Users/otsunah/Documents/GitHub/VVDViewer/VVDViewer/fluorender/FluoRender/VMovieView.cpp:29:
In file included from /Users/otsunah/Documents/GitHub/VVDViewer/VVDViewer/fluorender/FluoRender/VRenderFrame.h:29:
In file included from /Users/otsunah/Documents/GitHub/VVDViewer/VVDViewer/fluorender/FluoRender/DataManager.h:38:
In file included from /Users/otsunah/Documents/GitHub/VVDViewer/VVDViewer/fluorender/FluoRender/FLIVR/MeshRenderer.h:38:
/Users/otsunah/Documents/GitHub/VVDViewer/VVDViewer/fluorender/FluoRender/VVulkan.h:2:9: warning: 'GLM_FORCE_DEPTH_ZERO_TO_ONE' macro redefined [-Wmacro-redefined]
    2 | #define GLM_FORCE_DEPTH_ZERO_TO_ONE
      |         ^
<command line>:9:9: note: previous definition is here
    9 | #define GLM_FORCE_DEPTH_ZERO_TO_ONE 1
      |         ^
In file included from /Users/otsunah/Documents/GitHub/VVDViewer/VVDViewer/fluorender/FluoRender/VMovieView.cpp:29:
In file included from /Users/otsunah/Documents/GitHub/VVDViewer/VVDViewer/fluorender/FluoRender/VRenderFrame.h:29:
In file included from /Users/otsunah/Documents/GitHub/VVDViewer/VVDViewer/fluorender/FluoRender/DataManager.h:59:
/Users/otsunah/Documents/GitHub/VVDViewer/VVDViewer/fluorender/FluoRender/Formats/brkxml_reader.h:100:21: warning: cannot delete expression with pointer-to-'void' type 'void *' [-Wdelete-incomplete]
  100 |                     delete[] m_data;
      |                     ^        ~~~~~~
In file included from /Users/otsunah/Documents/GitHub/VVDViewer/VVDViewer/fluorender/FluoRender/VMovieView.cpp:29:
In file included from /Users/otsunah/Documents/GitHub/VVDViewer/VVDViewer/fluorender/FluoRender/VRenderFrame.h:49:
/Users/otsunah/Documents/GitHub/VVDViewer/VVDViewer/fluorender/FluoRender/MeasureDlg.h:125:9: warning: 'GetSizeAvailableForScrollTarget' overrides a member function but is not marked 'override' [-Winconsistent-missing-override]
  125 |         wxSize GetSizeAvailableForScrollTarget(const wxSize& size) {
      |                ^
/Users/otsunah/Documents/GitHub/VVDViewer/VVDViewer/build/vcpkg_installed/arm64-osx-vvd/include/wx-3.3/wx/generic/listctrl.h:228:20: note: overridden virtual function is here
  228 |     virtual wxSize GetSizeAvailableForScrollTarget(const wxSize& size) override;
      |                    ^
/Users/otsunah/Documents/GitHub/VVDViewer/VVDViewer/fluorender/FluoRender/VMovieView.cpp:930:3: warning: 'sprintf' is deprecated: This function is provided for compatibility reasons only.  Due to security concerns inherent in the design of sprintf(3), it is highly recommended that you use snprintf(3) instead. [-Wdeprecated-declarations]
  930 |                 sprintf(str, "%d", STOI(str_val.fn_str())+1);
      |                 ^
/Library/Developer/CommandLineTools/SDKs/MacOSX.sdk/usr/include/_stdio.h:278:1: note: 'sprintf' has been explicitly marked deprecated here
  278 | __deprecated_msg("This function is provided for compatibility reasons only.  Due to security concerns inherent in the design of sprintf(3), it is highly recommended that you use snprintf(3) instead.")
      | ^
/Library/Developer/CommandLineTools/SDKs/MacOSX.sdk/usr/include/sys/cdefs.h:218:48: note: expanded from macro '__deprecated_msg'
  218 |         #define __deprecated_msg(_msg) __attribute__((__deprecated__(_msg)))
      |                                                       ^
/Users/otsunah/Documents/GitHub/VVDViewer/VVDViewer/fluorender/FluoRender/VMovieView.cpp:959:3: warning: 'sprintf' is deprecated: This function is provided for compatibility reasons only.  Due to security concerns inherent in the design of sprintf(3), it is highly recommended that you use snprintf(3) instead. [-Wdeprecated-declarations]
  959 |                 sprintf(str, "%d", STOI(str_val.fn_str())-1);
      |                 ^
/Library/Developer/CommandLineTools/SDKs/MacOSX.sdk/usr/include/_stdio.h:278:1: note: 'sprintf' has been explicitly marked deprecated here
  278 | __deprecated_msg("This function is provided for compatibility reasons only.  Due to security concerns inherent in the design of sprintf(3), it is highly recommended that you use snprintf(3) instead.")
      | ^
/Library/Developer/CommandLineTools/SDKs/MacOSX.sdk/usr/include/sys/cdefs.h:218:48: note: expanded from macro '__deprecated_msg'
  218 |         #define __deprecated_msg(_msg) __attribute__((__deprecated__(_msg)))
      |                                                       ^
/Users/otsunah/Documents/GitHub/VVDViewer/VVDViewer/fluorender/FluoRender/VMovieView.cpp:1346:8: warning: 'uint32' is deprecated [-Wdeprecated-declarations]
 1346 |                 for (uint32 row = 0; row < (uint32)h; row++)
      |                      ^
/Users/otsunah/Documents/GitHub/VVDViewer/VVDViewer/build/vcpkg_installed/arm64-osx-vvd/include/tiff.h:86:45: note: 'uint32' has been explicitly marked deprecated here
   86 | typedef TIFF_MSC_DEPRECATED uint32_t uint32 TIFF_GCC_DEPRECATED;
      |                                             ^
/Users/otsunah/Documents/GitHub/VVDViewer/VVDViewer/build/vcpkg_installed/arm64-osx-vvd/include/tiff.h:66:44: note: expanded from macro 'TIFF_GCC_DEPRECATED'
   66 | #define TIFF_GCC_DEPRECATED __attribute__((deprecated))
      |                                            ^
/Users/otsunah/Documents/GitHub/VVDViewer/VVDViewer/fluorender/FluoRender/VMovieView.cpp:1346:31: warning: 'uint32' is deprecated [-Wdeprecated-declarations]
 1346 |                 for (uint32 row = 0; row < (uint32)h; row++)
      |                                             ^
/Users/otsunah/Documents/GitHub/VVDViewer/VVDViewer/build/vcpkg_installed/arm64-osx-vvd/include/tiff.h:86:45: note: 'uint32' has been explicitly marked deprecated here
   86 | typedef TIFF_MSC_DEPRECATED uint32_t uint32 TIFF_GCC_DEPRECATED;
      |                                             ^
/Users/otsunah/Documents/GitHub/VVDViewer/VVDViewer/build/vcpkg_installed/arm64-osx-vvd/include/tiff.h:66:44: note: expanded from macro 'TIFF_GCC_DEPRECATED'
   66 | #define TIFF_GCC_DEPRECATED __attribute__((deprecated))
      |                                            ^
13 warnings generated.
[55/74] Building CXX object CMakeFiles/VVDMainFrame.dir/fluorender/FluoRender/VPropView.cpp.o
In file included from /Users/otsunah/Documents/GitHub/VVDViewer/VVDViewer/fluorender/FluoRender/VPropView.cpp:1:
In file included from /Users/otsunah/Documents/GitHub/VVDViewer/VVDViewer/fluorender/FluoRender/VPropView.h:1:
In file included from /Users/otsunah/Documents/GitHub/VVDViewer/VVDViewer/fluorender/FluoRender/DataManager.h:29:
/Users/otsunah/Documents/GitHub/VVDViewer/VVDViewer/fluorender/FluoRender/compatibility.h:364:28: warning: 'codecvt_utf8_utf16<wchar_t>' is deprecated [-Wdeprecated-declarations]
  364 |         std::wstring_convert<std::codecvt_utf8_utf16<wchar_t>, wchar_t> converter;
      |                                   ^
/Library/Developer/CommandLineTools/SDKs/MacOSX.sdk/usr/include/c++/v1/codecvt:568:28: note: 'codecvt_utf8_utf16<wchar_t>' has been explicitly marked deprecated here
  568 | class _LIBCPP_TEMPLATE_VIS _LIBCPP_DEPRECATED_IN_CXX17 codecvt_utf8_utf16 : public __codecvt_utf8_utf16<_Elem> {
      |                            ^
/Library/Developer/CommandLineTools/SDKs/MacOSX.sdk/usr/include/c++/v1/__config:731:41: note: expanded from macro '_LIBCPP_DEPRECATED_IN_CXX17'
  731 | #    define _LIBCPP_DEPRECATED_IN_CXX17 _LIBCPP_DEPRECATED
      |                                         ^
/Library/Developer/CommandLineTools/SDKs/MacOSX.sdk/usr/include/c++/v1/__config:696:49: note: expanded from macro '_LIBCPP_DEPRECATED'
  696 | #      define _LIBCPP_DEPRECATED __attribute__((__deprecated__))
      |                                                 ^
In file included from /Users/otsunah/Documents/GitHub/VVDViewer/VVDViewer/fluorender/FluoRender/VPropView.cpp:1:
In file included from /Users/otsunah/Documents/GitHub/VVDViewer/VVDViewer/fluorender/FluoRender/VPropView.h:1:
In file included from /Users/otsunah/Documents/GitHub/VVDViewer/VVDViewer/fluorender/FluoRender/DataManager.h:29:
/Users/otsunah/Documents/GitHub/VVDViewer/VVDViewer/fluorender/FluoRender/compatibility.h:364:7: warning: 'wstring_convert<std::codecvt_utf8_utf16<wchar_t>>' is deprecated [-Wdeprecated-declarations]
  364 |         std::wstring_convert<std::codecvt_utf8_utf16<wchar_t>, wchar_t> converter;
      |              ^
/Library/Developer/CommandLineTools/SDKs/MacOSX.sdk/usr/include/c++/v1/locale:3145:28: note: 'wstring_convert<std::codecvt_utf8_utf16<wchar_t>>' has been explicitly marked deprecated here
 3145 | class _LIBCPP_TEMPLATE_VIS _LIBCPP_DEPRECATED_IN_CXX17 wstring_convert {
      |                            ^
/Library/Developer/CommandLineTools/SDKs/MacOSX.sdk/usr/include/c++/v1/__config:731:41: note: expanded from macro '_LIBCPP_DEPRECATED_IN_CXX17'
  731 | #    define _LIBCPP_DEPRECATED_IN_CXX17 _LIBCPP_DEPRECATED
      |                                         ^
/Library/Developer/CommandLineTools/SDKs/MacOSX.sdk/usr/include/c++/v1/__config:696:49: note: expanded from macro '_LIBCPP_DEPRECATED'
  696 | #      define _LIBCPP_DEPRECATED __attribute__((__deprecated__))
      |                                                 ^
In file included from /Users/otsunah/Documents/GitHub/VVDViewer/VVDViewer/fluorender/FluoRender/VPropView.cpp:1:
In file included from /Users/otsunah/Documents/GitHub/VVDViewer/VVDViewer/fluorender/FluoRender/VPropView.h:1:
In file included from /Users/otsunah/Documents/GitHub/VVDViewer/VVDViewer/fluorender/FluoRender/DataManager.h:29:
/Users/otsunah/Documents/GitHub/VVDViewer/VVDViewer/fluorender/FluoRender/compatibility.h:370:28: warning: 'codecvt_utf8_utf16<wchar_t>' is deprecated [-Wdeprecated-declarations]
  370 |         std::wstring_convert<std::codecvt_utf8_utf16<wchar_t>, wchar_t> converter;
      |                                   ^
/Library/Developer/CommandLineTools/SDKs/MacOSX.sdk/usr/include/c++/v1/codecvt:568:28: note: 'codecvt_utf8_utf16<wchar_t>' has been explicitly marked deprecated here
  568 | class _LIBCPP_TEMPLATE_VIS _LIBCPP_DEPRECATED_IN_CXX17 codecvt_utf8_utf16 : public __codecvt_utf8_utf16<_Elem> {
      |                            ^
/Library/Developer/CommandLineTools/SDKs/MacOSX.sdk/usr/include/c++/v1/__config:731:41: note: expanded from macro '_LIBCPP_DEPRECATED_IN_CXX17'
  731 | #    define _LIBCPP_DEPRECATED_IN_CXX17 _LIBCPP_DEPRECATED
      |                                         ^
/Library/Developer/CommandLineTools/SDKs/MacOSX.sdk/usr/include/c++/v1/__config:696:49: note: expanded from macro '_LIBCPP_DEPRECATED'
  696 | #      define _LIBCPP_DEPRECATED __attribute__((__deprecated__))
      |                                                 ^
In file included from /Users/otsunah/Documents/GitHub/VVDViewer/VVDViewer/fluorender/FluoRender/VPropView.cpp:1:
In file included from /Users/otsunah/Documents/GitHub/VVDViewer/VVDViewer/fluorender/FluoRender/VPropView.h:1:
In file included from /Users/otsunah/Documents/GitHub/VVDViewer/VVDViewer/fluorender/FluoRender/DataManager.h:29:
/Users/otsunah/Documents/GitHub/VVDViewer/VVDViewer/fluorender/FluoRender/compatibility.h:370:7: warning: 'wstring_convert<std::codecvt_utf8_utf16<wchar_t>>' is deprecated [-Wdeprecated-declarations]
  370 |         std::wstring_convert<std::codecvt_utf8_utf16<wchar_t>, wchar_t> converter;
      |              ^
/Library/Developer/CommandLineTools/SDKs/MacOSX.sdk/usr/include/c++/v1/locale:3145:28: note: 'wstring_convert<std::codecvt_utf8_utf16<wchar_t>>' has been explicitly marked deprecated here
 3145 | class _LIBCPP_TEMPLATE_VIS _LIBCPP_DEPRECATED_IN_CXX17 wstring_convert {
      |                            ^
/Library/Developer/CommandLineTools/SDKs/MacOSX.sdk/usr/include/c++/v1/__config:731:41: note: expanded from macro '_LIBCPP_DEPRECATED_IN_CXX17'
  731 | #    define _LIBCPP_DEPRECATED_IN_CXX17 _LIBCPP_DEPRECATED
      |                                         ^
/Library/Developer/CommandLineTools/SDKs/MacOSX.sdk/usr/include/c++/v1/__config:696:49: note: expanded from macro '_LIBCPP_DEPRECATED'
  696 | #      define _LIBCPP_DEPRECATED __attribute__((__deprecated__))
      |                                                 ^
In file included from /Users/otsunah/Documents/GitHub/VVDViewer/VVDViewer/fluorender/FluoRender/VPropView.cpp:1:
In file included from /Users/otsunah/Documents/GitHub/VVDViewer/VVDViewer/fluorender/FluoRender/VPropView.h:1:
In file included from /Users/otsunah/Documents/GitHub/VVDViewer/VVDViewer/fluorender/FluoRender/DataManager.h:29:
/Users/otsunah/Documents/GitHub/VVDViewer/VVDViewer/fluorender/FluoRender/compatibility.h:411:10: warning: 'vsprintf' is deprecated: This function is provided for compatibility reasons only.  Due to security concerns inherent in the design of sprintf(3), it is highly recommended that you use vsnprintf(3) instead. [-Wdeprecated-declarations]
  411 |         int r = vsprintf(buf, fmt, args);
      |                 ^
/Library/Developer/CommandLineTools/SDKs/MacOSX.sdk/usr/include/_stdio.h:298:1: note: 'vsprintf' has been explicitly marked deprecated here
  298 | __deprecated_msg("This function is provided for compatibility reasons only.  Due to security concerns inherent in the design of sprintf(3), it is highly recommended that you use vsnprintf(3) instead.")
      | ^
/Library/Developer/CommandLineTools/SDKs/MacOSX.sdk/usr/include/sys/cdefs.h:218:48: note: expanded from macro '__deprecated_msg'
  218 |         #define __deprecated_msg(_msg) __attribute__((__deprecated__(_msg)))
      |                                                       ^
In file included from /Users/otsunah/Documents/GitHub/VVDViewer/VVDViewer/fluorender/FluoRender/VPropView.cpp:1:
In file included from /Users/otsunah/Documents/GitHub/VVDViewer/VVDViewer/fluorender/FluoRender/VPropView.h:1:
In file included from /Users/otsunah/Documents/GitHub/VVDViewer/VVDViewer/fluorender/FluoRender/DataManager.h:38:
In file included from /Users/otsunah/Documents/GitHub/VVDViewer/VVDViewer/fluorender/FluoRender/FLIVR/MeshRenderer.h:33:
In file included from /Users/otsunah/Documents/GitHub/VVDViewer/VVDViewer/fluorender/FluoRender/FLIVR/MshShader.h:37:
In file included from /Users/otsunah/Documents/GitHub/VVDViewer/VVDViewer/fluorender/FluoRender/Vulkan/VulkanDevice.hpp:23:
/Users/otsunah/Documents/GitHub/VVDViewer/VVDViewer/fluorender/FluoRender/FLIVR/TextureBrick.h:129:7: warning: cannot delete expression with pointer-to-'void' type 'void *' [-Wdelete-incomplete]
  129 |                                                 delete[] m_nrrd->data;
      |                                                 ^        ~~~~~~~~~~~~
In file included from /Users/otsunah/Documents/GitHub/VVDViewer/VVDViewer/fluorender/FluoRender/VPropView.cpp:1:
In file included from /Users/otsunah/Documents/GitHub/VVDViewer/VVDViewer/fluorender/FluoRender/VPropView.h:1:
In file included from /Users/otsunah/Documents/GitHub/VVDViewer/VVDViewer/fluorender/FluoRender/DataManager.h:38:
In file included from /Users/otsunah/Documents/GitHub/VVDViewer/VVDViewer/fluorender/FluoRender/FLIVR/MeshRenderer.h:38:
/Users/otsunah/Documents/GitHub/VVDViewer/VVDViewer/fluorender/FluoRender/VVulkan.h:2:9: warning: 'GLM_FORCE_DEPTH_ZERO_TO_ONE' macro redefined [-Wmacro-redefined]
    2 | #define GLM_FORCE_DEPTH_ZERO_TO_ONE
      |         ^
<command line>:9:9: note: previous definition is here
    9 | #define GLM_FORCE_DEPTH_ZERO_TO_ONE 1
      |         ^
In file included from /Users/otsunah/Documents/GitHub/VVDViewer/VVDViewer/fluorender/FluoRender/VPropView.cpp:1:
In file included from /Users/otsunah/Documents/GitHub/VVDViewer/VVDViewer/fluorender/FluoRender/VPropView.h:1:
In file included from /Users/otsunah/Documents/GitHub/VVDViewer/VVDViewer/fluorender/FluoRender/DataManager.h:59:
/Users/otsunah/Documents/GitHub/VVDViewer/VVDViewer/fluorender/FluoRender/Formats/brkxml_reader.h:100:21: warning: cannot delete expression with pointer-to-'void' type 'void *' [-Wdelete-incomplete]
  100 |                     delete[] m_data;
      |                     ^        ~~~~~~
In file included from /Users/otsunah/Documents/GitHub/VVDViewer/VVDViewer/fluorender/FluoRender/VPropView.cpp:3:
In file included from /Users/otsunah/Documents/GitHub/VVDViewer/VVDViewer/fluorender/FluoRender/VRenderFrame.h:49:
/Users/otsunah/Documents/GitHub/VVDViewer/VVDViewer/fluorender/FluoRender/MeasureDlg.h:125:9: warning: 'GetSizeAvailableForScrollTarget' overrides a member function but is not marked 'override' [-Winconsistent-missing-override]
  125 |         wxSize GetSizeAvailableForScrollTarget(const wxSize& size) {
      |                ^
/Users/otsunah/Documents/GitHub/VVDViewer/VVDViewer/build/vcpkg_installed/arm64-osx-vvd/include/wx-3.3/wx/generic/listctrl.h:228:20: note: overridden virtual function is here
  228 |     virtual wxSize GetSizeAvailableForScrollTarget(const wxSize& size) override;
      |                    ^
9 warnings generated.
[56/74] Building CXX object CMakeFiles/VVDMainFrame.dir/fluorender/FluoRender/TraceDlg.cpp.o
In file included from /Users/otsunah/Documents/GitHub/VVDViewer/VVDViewer/fluorender/FluoRender/TraceDlg.cpp:28:
In file included from /Users/otsunah/Documents/GitHub/VVDViewer/VVDViewer/fluorender/FluoRender/TraceDlg.h:28:
In file included from /Users/otsunah/Documents/GitHub/VVDViewer/VVDViewer/fluorender/FluoRender/DataManager.h:29:
/Users/otsunah/Documents/GitHub/VVDViewer/VVDViewer/fluorender/FluoRender/compatibility.h:364:28: warning: 'codecvt_utf8_utf16<wchar_t>' is deprecated [-Wdeprecated-declarations]
  364 |         std::wstring_convert<std::codecvt_utf8_utf16<wchar_t>, wchar_t> converter;
      |                                   ^
/Library/Developer/CommandLineTools/SDKs/MacOSX.sdk/usr/include/c++/v1/codecvt:568:28: note: 'codecvt_utf8_utf16<wchar_t>' has been explicitly marked deprecated here
  568 | class _LIBCPP_TEMPLATE_VIS _LIBCPP_DEPRECATED_IN_CXX17 codecvt_utf8_utf16 : public __codecvt_utf8_utf16<_Elem> {
      |                            ^
/Library/Developer/CommandLineTools/SDKs/MacOSX.sdk/usr/include/c++/v1/__config:731:41: note: expanded from macro '_LIBCPP_DEPRECATED_IN_CXX17'
  731 | #    define _LIBCPP_DEPRECATED_IN_CXX17 _LIBCPP_DEPRECATED
      |                                         ^
/Library/Developer/CommandLineTools/SDKs/MacOSX.sdk/usr/include/c++/v1/__config:696:49: note: expanded from macro '_LIBCPP_DEPRECATED'
  696 | #      define _LIBCPP_DEPRECATED __attribute__((__deprecated__))
      |                                                 ^
In file included from /Users/otsunah/Documents/GitHub/VVDViewer/VVDViewer/fluorender/FluoRender/TraceDlg.cpp:28:
In file included from /Users/otsunah/Documents/GitHub/VVDViewer/VVDViewer/fluorender/FluoRender/TraceDlg.h:28:
In file included from /Users/otsunah/Documents/GitHub/VVDViewer/VVDViewer/fluorender/FluoRender/DataManager.h:29:
/Users/otsunah/Documents/GitHub/VVDViewer/VVDViewer/fluorender/FluoRender/compatibility.h:364:7: warning: 'wstring_convert<std::codecvt_utf8_utf16<wchar_t>>' is deprecated [-Wdeprecated-declarations]
  364 |         std::wstring_convert<std::codecvt_utf8_utf16<wchar_t>, wchar_t> converter;
      |              ^
/Library/Developer/CommandLineTools/SDKs/MacOSX.sdk/usr/include/c++/v1/locale:3145:28: note: 'wstring_convert<std::codecvt_utf8_utf16<wchar_t>>' has been explicitly marked deprecated here
 3145 | class _LIBCPP_TEMPLATE_VIS _LIBCPP_DEPRECATED_IN_CXX17 wstring_convert {
      |                            ^
/Library/Developer/CommandLineTools/SDKs/MacOSX.sdk/usr/include/c++/v1/__config:731:41: note: expanded from macro '_LIBCPP_DEPRECATED_IN_CXX17'
  731 | #    define _LIBCPP_DEPRECATED_IN_CXX17 _LIBCPP_DEPRECATED
      |                                         ^
/Library/Developer/CommandLineTools/SDKs/MacOSX.sdk/usr/include/c++/v1/__config:696:49: note: expanded from macro '_LIBCPP_DEPRECATED'
  696 | #      define _LIBCPP_DEPRECATED __attribute__((__deprecated__))
      |                                                 ^
In file included from /Users/otsunah/Documents/GitHub/VVDViewer/VVDViewer/fluorender/FluoRender/TraceDlg.cpp:28:
In file included from /Users/otsunah/Documents/GitHub/VVDViewer/VVDViewer/fluorender/FluoRender/TraceDlg.h:28:
In file included from /Users/otsunah/Documents/GitHub/VVDViewer/VVDViewer/fluorender/FluoRender/DataManager.h:29:
/Users/otsunah/Documents/GitHub/VVDViewer/VVDViewer/fluorender/FluoRender/compatibility.h:370:28: warning: 'codecvt_utf8_utf16<wchar_t>' is deprecated [-Wdeprecated-declarations]
  370 |         std::wstring_convert<std::codecvt_utf8_utf16<wchar_t>, wchar_t> converter;
      |                                   ^
/Library/Developer/CommandLineTools/SDKs/MacOSX.sdk/usr/include/c++/v1/codecvt:568:28: note: 'codecvt_utf8_utf16<wchar_t>' has been explicitly marked deprecated here
  568 | class _LIBCPP_TEMPLATE_VIS _LIBCPP_DEPRECATED_IN_CXX17 codecvt_utf8_utf16 : public __codecvt_utf8_utf16<_Elem> {
      |                            ^
/Library/Developer/CommandLineTools/SDKs/MacOSX.sdk/usr/include/c++/v1/__config:731:41: note: expanded from macro '_LIBCPP_DEPRECATED_IN_CXX17'
  731 | #    define _LIBCPP_DEPRECATED_IN_CXX17 _LIBCPP_DEPRECATED
      |                                         ^
/Library/Developer/CommandLineTools/SDKs/MacOSX.sdk/usr/include/c++/v1/__config:696:49: note: expanded from macro '_LIBCPP_DEPRECATED'
  696 | #      define _LIBCPP_DEPRECATED __attribute__((__deprecated__))
      |                                                 ^
In file included from /Users/otsunah/Documents/GitHub/VVDViewer/VVDViewer/fluorender/FluoRender/TraceDlg.cpp:28:
In file included from /Users/otsunah/Documents/GitHub/VVDViewer/VVDViewer/fluorender/FluoRender/TraceDlg.h:28:
In file included from /Users/otsunah/Documents/GitHub/VVDViewer/VVDViewer/fluorender/FluoRender/DataManager.h:29:
/Users/otsunah/Documents/GitHub/VVDViewer/VVDViewer/fluorender/FluoRender/compatibility.h:370:7: warning: 'wstring_convert<std::codecvt_utf8_utf16<wchar_t>>' is deprecated [-Wdeprecated-declarations]
  370 |         std::wstring_convert<std::codecvt_utf8_utf16<wchar_t>, wchar_t> converter;
      |              ^
/Library/Developer/CommandLineTools/SDKs/MacOSX.sdk/usr/include/c++/v1/locale:3145:28: note: 'wstring_convert<std::codecvt_utf8_utf16<wchar_t>>' has been explicitly marked deprecated here
 3145 | class _LIBCPP_TEMPLATE_VIS _LIBCPP_DEPRECATED_IN_CXX17 wstring_convert {
      |                            ^
/Library/Developer/CommandLineTools/SDKs/MacOSX.sdk/usr/include/c++/v1/__config:731:41: note: expanded from macro '_LIBCPP_DEPRECATED_IN_CXX17'
  731 | #    define _LIBCPP_DEPRECATED_IN_CXX17 _LIBCPP_DEPRECATED
      |                                         ^
/Library/Developer/CommandLineTools/SDKs/MacOSX.sdk/usr/include/c++/v1/__config:696:49: note: expanded from macro '_LIBCPP_DEPRECATED'
  696 | #      define _LIBCPP_DEPRECATED __attribute__((__deprecated__))
      |                                                 ^
In file included from /Users/otsunah/Documents/GitHub/VVDViewer/VVDViewer/fluorender/FluoRender/TraceDlg.cpp:28:
In file included from /Users/otsunah/Documents/GitHub/VVDViewer/VVDViewer/fluorender/FluoRender/TraceDlg.h:28:
In file included from /Users/otsunah/Documents/GitHub/VVDViewer/VVDViewer/fluorender/FluoRender/DataManager.h:29:
/Users/otsunah/Documents/GitHub/VVDViewer/VVDViewer/fluorender/FluoRender/compatibility.h:411:10: warning: 'vsprintf' is deprecated: This function is provided for compatibility reasons only.  Due to security concerns inherent in the design of sprintf(3), it is highly recommended that you use vsnprintf(3) instead. [-Wdeprecated-declarations]
  411 |         int r = vsprintf(buf, fmt, args);
      |                 ^
/Library/Developer/CommandLineTools/SDKs/MacOSX.sdk/usr/include/_stdio.h:298:1: note: 'vsprintf' has been explicitly marked deprecated here
  298 | __deprecated_msg("This function is provided for compatibility reasons only.  Due to security concerns inherent in the design of sprintf(3), it is highly recommended that you use vsnprintf(3) instead.")
      | ^
/Library/Developer/CommandLineTools/SDKs/MacOSX.sdk/usr/include/sys/cdefs.h:218:48: note: expanded from macro '__deprecated_msg'
  218 |         #define __deprecated_msg(_msg) __attribute__((__deprecated__(_msg)))
      |                                                       ^
In file included from /Users/otsunah/Documents/GitHub/VVDViewer/VVDViewer/fluorender/FluoRender/TraceDlg.cpp:28:
In file included from /Users/otsunah/Documents/GitHub/VVDViewer/VVDViewer/fluorender/FluoRender/TraceDlg.h:28:
In file included from /Users/otsunah/Documents/GitHub/VVDViewer/VVDViewer/fluorender/FluoRender/DataManager.h:38:
In file included from /Users/otsunah/Documents/GitHub/VVDViewer/VVDViewer/fluorender/FluoRender/FLIVR/MeshRenderer.h:33:
In file included from /Users/otsunah/Documents/GitHub/VVDViewer/VVDViewer/fluorender/FluoRender/FLIVR/MshShader.h:37:
In file included from /Users/otsunah/Documents/GitHub/VVDViewer/VVDViewer/fluorender/FluoRender/Vulkan/VulkanDevice.hpp:23:
/Users/otsunah/Documents/GitHub/VVDViewer/VVDViewer/fluorender/FluoRender/FLIVR/TextureBrick.h:129:7: warning: cannot delete expression with pointer-to-'void' type 'void *' [-Wdelete-incomplete]
  129 |                                                 delete[] m_nrrd->data;
      |                                                 ^        ~~~~~~~~~~~~
In file included from /Users/otsunah/Documents/GitHub/VVDViewer/VVDViewer/fluorender/FluoRender/TraceDlg.cpp:28:
In file included from /Users/otsunah/Documents/GitHub/VVDViewer/VVDViewer/fluorender/FluoRender/TraceDlg.h:28:
In file included from /Users/otsunah/Documents/GitHub/VVDViewer/VVDViewer/fluorender/FluoRender/DataManager.h:38:
In file included from /Users/otsunah/Documents/GitHub/VVDViewer/VVDViewer/fluorender/FluoRender/FLIVR/MeshRenderer.h:38:
/Users/otsunah/Documents/GitHub/VVDViewer/VVDViewer/fluorender/FluoRender/VVulkan.h:2:9: warning: 'GLM_FORCE_DEPTH_ZERO_TO_ONE' macro redefined [-Wmacro-redefined]
    2 | #define GLM_FORCE_DEPTH_ZERO_TO_ONE
      |         ^
<command line>:9:9: note: previous definition is here
    9 | #define GLM_FORCE_DEPTH_ZERO_TO_ONE 1
      |         ^
In file included from /Users/otsunah/Documents/GitHub/VVDViewer/VVDViewer/fluorender/FluoRender/TraceDlg.cpp:28:
In file included from /Users/otsunah/Documents/GitHub/VVDViewer/VVDViewer/fluorender/FluoRender/TraceDlg.h:28:
In file included from /Users/otsunah/Documents/GitHub/VVDViewer/VVDViewer/fluorender/FluoRender/DataManager.h:59:
/Users/otsunah/Documents/GitHub/VVDViewer/VVDViewer/fluorender/FluoRender/Formats/brkxml_reader.h:100:21: warning: cannot delete expression with pointer-to-'void' type 'void *' [-Wdelete-incomplete]
  100 |                     delete[] m_data;
      |                     ^        ~~~~~~
In file included from /Users/otsunah/Documents/GitHub/VVDViewer/VVDViewer/fluorender/FluoRender/TraceDlg.cpp:29:
In file included from /Users/otsunah/Documents/GitHub/VVDViewer/VVDViewer/fluorender/FluoRender/VRenderFrame.h:49:
/Users/otsunah/Documents/GitHub/VVDViewer/VVDViewer/fluorender/FluoRender/MeasureDlg.h:125:9: warning: 'GetSizeAvailableForScrollTarget' overrides a member function but is not marked 'override' [-Winconsistent-missing-override]
  125 |         wxSize GetSizeAvailableForScrollTarget(const wxSize& size) {
      |                ^
/Users/otsunah/Documents/GitHub/VVDViewer/VVDViewer/build/vcpkg_installed/arm64-osx-vvd/include/wx-3.3/wx/generic/listctrl.h:228:20: note: overridden virtual function is here
  228 |     virtual wxSize GetSizeAvailableForScrollTarget(const wxSize& size) override;
      |                    ^
9 warnings generated.
[57/74] Building CXX object CMakeFiles/VVDMainFrame.dir/fluorender/FluoRender/TreePanel.cpp.o
In file included from /Users/otsunah/Documents/GitHub/VVDViewer/VVDViewer/fluorender/FluoRender/TreePanel.cpp:28:
In file included from /Users/otsunah/Documents/GitHub/VVDViewer/VVDViewer/fluorender/FluoRender/TreePanel.h:30:
/Users/otsunah/Documents/GitHub/VVDViewer/VVDViewer/fluorender/FluoRender/compatibility.h:364:28: warning: 'codecvt_utf8_utf16<wchar_t>' is deprecated [-Wdeprecated-declarations]
  364 |         std::wstring_convert<std::codecvt_utf8_utf16<wchar_t>, wchar_t> converter;
      |                                   ^
/Library/Developer/CommandLineTools/SDKs/MacOSX.sdk/usr/include/c++/v1/codecvt:568:28: note: 'codecvt_utf8_utf16<wchar_t>' has been explicitly marked deprecated here
  568 | class _LIBCPP_TEMPLATE_VIS _LIBCPP_DEPRECATED_IN_CXX17 codecvt_utf8_utf16 : public __codecvt_utf8_utf16<_Elem> {
      |                            ^
/Library/Developer/CommandLineTools/SDKs/MacOSX.sdk/usr/include/c++/v1/__config:731:41: note: expanded from macro '_LIBCPP_DEPRECATED_IN_CXX17'
  731 | #    define _LIBCPP_DEPRECATED_IN_CXX17 _LIBCPP_DEPRECATED
      |                                         ^
/Library/Developer/CommandLineTools/SDKs/MacOSX.sdk/usr/include/c++/v1/__config:696:49: note: expanded from macro '_LIBCPP_DEPRECATED'
  696 | #      define _LIBCPP_DEPRECATED __attribute__((__deprecated__))
      |                                                 ^
In file included from /Users/otsunah/Documents/GitHub/VVDViewer/VVDViewer/fluorender/FluoRender/TreePanel.cpp:28:
In file included from /Users/otsunah/Documents/GitHub/VVDViewer/VVDViewer/fluorender/FluoRender/TreePanel.h:30:
/Users/otsunah/Documents/GitHub/VVDViewer/VVDViewer/fluorender/FluoRender/compatibility.h:364:7: warning: 'wstring_convert<std::codecvt_utf8_utf16<wchar_t>>' is deprecated [-Wdeprecated-declarations]
  364 |         std::wstring_convert<std::codecvt_utf8_utf16<wchar_t>, wchar_t> converter;
      |              ^
/Library/Developer/CommandLineTools/SDKs/MacOSX.sdk/usr/include/c++/v1/locale:3145:28: note: 'wstring_convert<std::codecvt_utf8_utf16<wchar_t>>' has been explicitly marked deprecated here
 3145 | class _LIBCPP_TEMPLATE_VIS _LIBCPP_DEPRECATED_IN_CXX17 wstring_convert {
      |                            ^
/Library/Developer/CommandLineTools/SDKs/MacOSX.sdk/usr/include/c++/v1/__config:731:41: note: expanded from macro '_LIBCPP_DEPRECATED_IN_CXX17'
  731 | #    define _LIBCPP_DEPRECATED_IN_CXX17 _LIBCPP_DEPRECATED
      |                                         ^
/Library/Developer/CommandLineTools/SDKs/MacOSX.sdk/usr/include/c++/v1/__config:696:49: note: expanded from macro '_LIBCPP_DEPRECATED'
  696 | #      define _LIBCPP_DEPRECATED __attribute__((__deprecated__))
      |                                                 ^
In file included from /Users/otsunah/Documents/GitHub/VVDViewer/VVDViewer/fluorender/FluoRender/TreePanel.cpp:28:
In file included from /Users/otsunah/Documents/GitHub/VVDViewer/VVDViewer/fluorender/FluoRender/TreePanel.h:30:
/Users/otsunah/Documents/GitHub/VVDViewer/VVDViewer/fluorender/FluoRender/compatibility.h:370:28: warning: 'codecvt_utf8_utf16<wchar_t>' is deprecated [-Wdeprecated-declarations]
  370 |         std::wstring_convert<std::codecvt_utf8_utf16<wchar_t>, wchar_t> converter;
      |                                   ^
/Library/Developer/CommandLineTools/SDKs/MacOSX.sdk/usr/include/c++/v1/codecvt:568:28: note: 'codecvt_utf8_utf16<wchar_t>' has been explicitly marked deprecated here
  568 | class _LIBCPP_TEMPLATE_VIS _LIBCPP_DEPRECATED_IN_CXX17 codecvt_utf8_utf16 : public __codecvt_utf8_utf16<_Elem> {
      |                            ^
/Library/Developer/CommandLineTools/SDKs/MacOSX.sdk/usr/include/c++/v1/__config:731:41: note: expanded from macro '_LIBCPP_DEPRECATED_IN_CXX17'
  731 | #    define _LIBCPP_DEPRECATED_IN_CXX17 _LIBCPP_DEPRECATED
      |                                         ^
/Library/Developer/CommandLineTools/SDKs/MacOSX.sdk/usr/include/c++/v1/__config:696:49: note: expanded from macro '_LIBCPP_DEPRECATED'
  696 | #      define _LIBCPP_DEPRECATED __attribute__((__deprecated__))
      |                                                 ^
In file included from /Users/otsunah/Documents/GitHub/VVDViewer/VVDViewer/fluorender/FluoRender/TreePanel.cpp:28:
In file included from /Users/otsunah/Documents/GitHub/VVDViewer/VVDViewer/fluorender/FluoRender/TreePanel.h:30:
/Users/otsunah/Documents/GitHub/VVDViewer/VVDViewer/fluorender/FluoRender/compatibility.h:370:7: warning: 'wstring_convert<std::codecvt_utf8_utf16<wchar_t>>' is deprecated [-Wdeprecated-declarations]
  370 |         std::wstring_convert<std::codecvt_utf8_utf16<wchar_t>, wchar_t> converter;
      |              ^
/Library/Developer/CommandLineTools/SDKs/MacOSX.sdk/usr/include/c++/v1/locale:3145:28: note: 'wstring_convert<std::codecvt_utf8_utf16<wchar_t>>' has been explicitly marked deprecated here
 3145 | class _LIBCPP_TEMPLATE_VIS _LIBCPP_DEPRECATED_IN_CXX17 wstring_convert {
      |                            ^
/Library/Developer/CommandLineTools/SDKs/MacOSX.sdk/usr/include/c++/v1/__config:731:41: note: expanded from macro '_LIBCPP_DEPRECATED_IN_CXX17'
  731 | #    define _LIBCPP_DEPRECATED_IN_CXX17 _LIBCPP_DEPRECATED
      |                                         ^
/Library/Developer/CommandLineTools/SDKs/MacOSX.sdk/usr/include/c++/v1/__config:696:49: note: expanded from macro '_LIBCPP_DEPRECATED'
  696 | #      define _LIBCPP_DEPRECATED __attribute__((__deprecated__))
      |                                                 ^
In file included from /Users/otsunah/Documents/GitHub/VVDViewer/VVDViewer/fluorender/FluoRender/TreePanel.cpp:28:
In file included from /Users/otsunah/Documents/GitHub/VVDViewer/VVDViewer/fluorender/FluoRender/TreePanel.h:30:
/Users/otsunah/Documents/GitHub/VVDViewer/VVDViewer/fluorender/FluoRender/compatibility.h:411:10: warning: 'vsprintf' is deprecated: This function is provided for compatibility reasons only.  Due to security concerns inherent in the design of sprintf(3), it is highly recommended that you use vsnprintf(3) instead. [-Wdeprecated-declarations]
  411 |         int r = vsprintf(buf, fmt, args);
      |                 ^
/Library/Developer/CommandLineTools/SDKs/MacOSX.sdk/usr/include/_stdio.h:298:1: note: 'vsprintf' has been explicitly marked deprecated here
  298 | __deprecated_msg("This function is provided for compatibility reasons only.  Due to security concerns inherent in the design of sprintf(3), it is highly recommended that you use vsnprintf(3) instead.")
      | ^
/Library/Developer/CommandLineTools/SDKs/MacOSX.sdk/usr/include/sys/cdefs.h:218:48: note: expanded from macro '__deprecated_msg'
  218 |         #define __deprecated_msg(_msg) __attribute__((__deprecated__(_msg)))
      |                                                       ^
In file included from /Users/otsunah/Documents/GitHub/VVDViewer/VVDViewer/fluorender/FluoRender/TreePanel.cpp:29:
In file included from /Users/otsunah/Documents/GitHub/VVDViewer/VVDViewer/fluorender/FluoRender/VRenderFrame.h:29:
In file included from /Users/otsunah/Documents/GitHub/VVDViewer/VVDViewer/fluorender/FluoRender/DataManager.h:38:
In file included from /Users/otsunah/Documents/GitHub/VVDViewer/VVDViewer/fluorender/FluoRender/FLIVR/MeshRenderer.h:33:
In file included from /Users/otsunah/Documents/GitHub/VVDViewer/VVDViewer/fluorender/FluoRender/FLIVR/MshShader.h:37:
In file included from /Users/otsunah/Documents/GitHub/VVDViewer/VVDViewer/fluorender/FluoRender/Vulkan/VulkanDevice.hpp:23:
/Users/otsunah/Documents/GitHub/VVDViewer/VVDViewer/fluorender/FluoRender/FLIVR/TextureBrick.h:129:7: warning: cannot delete expression with pointer-to-'void' type 'void *' [-Wdelete-incomplete]
  129 |                                                 delete[] m_nrrd->data;
      |                                                 ^        ~~~~~~~~~~~~
In file included from /Users/otsunah/Documents/GitHub/VVDViewer/VVDViewer/fluorender/FluoRender/TreePanel.cpp:29:
In file included from /Users/otsunah/Documents/GitHub/VVDViewer/VVDViewer/fluorender/FluoRender/VRenderFrame.h:29:
In file included from /Users/otsunah/Documents/GitHub/VVDViewer/VVDViewer/fluorender/FluoRender/DataManager.h:38:
In file included from /Users/otsunah/Documents/GitHub/VVDViewer/VVDViewer/fluorender/FluoRender/FLIVR/MeshRenderer.h:38:
/Users/otsunah/Documents/GitHub/VVDViewer/VVDViewer/fluorender/FluoRender/VVulkan.h:2:9: warning: 'GLM_FORCE_DEPTH_ZERO_TO_ONE' macro redefined [-Wmacro-redefined]
    2 | #define GLM_FORCE_DEPTH_ZERO_TO_ONE
      |         ^
<command line>:9:9: note: previous definition is here
    9 | #define GLM_FORCE_DEPTH_ZERO_TO_ONE 1
      |         ^
In file included from /Users/otsunah/Documents/GitHub/VVDViewer/VVDViewer/fluorender/FluoRender/TreePanel.cpp:29:
In file included from /Users/otsunah/Documents/GitHub/VVDViewer/VVDViewer/fluorender/FluoRender/VRenderFrame.h:29:
In file included from /Users/otsunah/Documents/GitHub/VVDViewer/VVDViewer/fluorender/FluoRender/DataManager.h:59:
/Users/otsunah/Documents/GitHub/VVDViewer/VVDViewer/fluorender/FluoRender/Formats/brkxml_reader.h:100:21: warning: cannot delete expression with pointer-to-'void' type 'void *' [-Wdelete-incomplete]
  100 |                     delete[] m_data;
      |                     ^        ~~~~~~
In file included from /Users/otsunah/Documents/GitHub/VVDViewer/VVDViewer/fluorender/FluoRender/TreePanel.cpp:29:
In file included from /Users/otsunah/Documents/GitHub/VVDViewer/VVDViewer/fluorender/FluoRender/VRenderFrame.h:49:
/Users/otsunah/Documents/GitHub/VVDViewer/VVDViewer/fluorender/FluoRender/MeasureDlg.h:125:9: warning: 'GetSizeAvailableForScrollTarget' overrides a member function but is not marked 'override' [-Winconsistent-missing-override]
  125 |         wxSize GetSizeAvailableForScrollTarget(const wxSize& size) {
      |                ^
/Users/otsunah/Documents/GitHub/VVDViewer/VVDViewer/build/vcpkg_installed/arm64-osx-vvd/include/wx-3.3/wx/generic/listctrl.h:228:20: note: overridden virtual function is here
  228 |     virtual wxSize GetSizeAvailableForScrollTarget(const wxSize& size) override;
      |                    ^
/Users/otsunah/Documents/GitHub/VVDViewer/VVDViewer/fluorender/FluoRender/TreePanel.cpp:3819:2: warning: 'sprintf' is deprecated: This function is provided for compatibility reasons only.  Due to security concerns inherent in the design of sprintf(3), it is highly recommended that you use snprintf(3) instead. [-Wdeprecated-declarations]
 3819 |         sprintf(cc, "#%02X%02X%02X", c.Red(), c.Green(), c.Blue());
      |         ^
/Library/Developer/CommandLineTools/SDKs/MacOSX.sdk/usr/include/_stdio.h:278:1: note: 'sprintf' has been explicitly marked deprecated here
  278 | __deprecated_msg("This function is provided for compatibility reasons only.  Due to security concerns inherent in the design of sprintf(3), it is highly recommended that you use snprintf(3) instead.")
      | ^
/Library/Developer/CommandLineTools/SDKs/MacOSX.sdk/usr/include/sys/cdefs.h:218:48: note: expanded from macro '__deprecated_msg'
  218 |         #define __deprecated_msg(_msg) __attribute__((__deprecated__(_msg)))
      |                                                       ^
10 warnings generated.
[58/74] Building CXX object CMakeFiles/NeuronAnnotatorPlugin.dir/fluorender/FluoRender/PluginController/stdwx.cpp.o
[59/74] Building CXX object CMakeFiles/VVDMainFrame.dir/fluorender/FluoRender/VolumeSelector.cpp.o
In file included from /Users/otsunah/Documents/GitHub/VVDViewer/VVDViewer/fluorender/FluoRender/VolumeSelector.cpp:28:
In file included from /Users/otsunah/Documents/GitHub/VVDViewer/VVDViewer/fluorender/FluoRender/VolumeSelector.h:28:
In file included from /Users/otsunah/Documents/GitHub/VVDViewer/VVDViewer/fluorender/FluoRender/DataManager.h:29:
/Users/otsunah/Documents/GitHub/VVDViewer/VVDViewer/fluorender/FluoRender/compatibility.h:364:28: warning: 'codecvt_utf8_utf16<wchar_t>' is deprecated [-Wdeprecated-declarations]
  364 |         std::wstring_convert<std::codecvt_utf8_utf16<wchar_t>, wchar_t> converter;
      |                                   ^
/Library/Developer/CommandLineTools/SDKs/MacOSX.sdk/usr/include/c++/v1/codecvt:568:28: note: 'codecvt_utf8_utf16<wchar_t>' has been explicitly marked deprecated here
  568 | class _LIBCPP_TEMPLATE_VIS _LIBCPP_DEPRECATED_IN_CXX17 codecvt_utf8_utf16 : public __codecvt_utf8_utf16<_Elem> {
      |                            ^
/Library/Developer/CommandLineTools/SDKs/MacOSX.sdk/usr/include/c++/v1/__config:731:41: note: expanded from macro '_LIBCPP_DEPRECATED_IN_CXX17'
  731 | #    define _LIBCPP_DEPRECATED_IN_CXX17 _LIBCPP_DEPRECATED
      |                                         ^
/Library/Developer/CommandLineTools/SDKs/MacOSX.sdk/usr/include/c++/v1/__config:696:49: note: expanded from macro '_LIBCPP_DEPRECATED'
  696 | #      define _LIBCPP_DEPRECATED __attribute__((__deprecated__))
      |                                                 ^
In file included from /Users/otsunah/Documents/GitHub/VVDViewer/VVDViewer/fluorender/FluoRender/VolumeSelector.cpp:28:
In file included from /Users/otsunah/Documents/GitHub/VVDViewer/VVDViewer/fluorender/FluoRender/VolumeSelector.h:28:
In file included from /Users/otsunah/Documents/GitHub/VVDViewer/VVDViewer/fluorender/FluoRender/DataManager.h:29:
/Users/otsunah/Documents/GitHub/VVDViewer/VVDViewer/fluorender/FluoRender/compatibility.h:364:7: warning: 'wstring_convert<std::codecvt_utf8_utf16<wchar_t>>' is deprecated [-Wdeprecated-declarations]
  364 |         std::wstring_convert<std::codecvt_utf8_utf16<wchar_t>, wchar_t> converter;
      |              ^
/Library/Developer/CommandLineTools/SDKs/MacOSX.sdk/usr/include/c++/v1/locale:3145:28: note: 'wstring_convert<std::codecvt_utf8_utf16<wchar_t>>' has been explicitly marked deprecated here
 3145 | class _LIBCPP_TEMPLATE_VIS _LIBCPP_DEPRECATED_IN_CXX17 wstring_convert {
      |                            ^
/Library/Developer/CommandLineTools/SDKs/MacOSX.sdk/usr/include/c++/v1/__config:731:41: note: expanded from macro '_LIBCPP_DEPRECATED_IN_CXX17'
  731 | #    define _LIBCPP_DEPRECATED_IN_CXX17 _LIBCPP_DEPRECATED
      |                                         ^
/Library/Developer/CommandLineTools/SDKs/MacOSX.sdk/usr/include/c++/v1/__config:696:49: note: expanded from macro '_LIBCPP_DEPRECATED'
  696 | #      define _LIBCPP_DEPRECATED __attribute__((__deprecated__))
      |                                                 ^
In file included from /Users/otsunah/Documents/GitHub/VVDViewer/VVDViewer/fluorender/FluoRender/VolumeSelector.cpp:28:
In file included from /Users/otsunah/Documents/GitHub/VVDViewer/VVDViewer/fluorender/FluoRender/VolumeSelector.h:28:
In file included from /Users/otsunah/Documents/GitHub/VVDViewer/VVDViewer/fluorender/FluoRender/DataManager.h:29:
/Users/otsunah/Documents/GitHub/VVDViewer/VVDViewer/fluorender/FluoRender/compatibility.h:370:28: warning: 'codecvt_utf8_utf16<wchar_t>' is deprecated [-Wdeprecated-declarations]
  370 |         std::wstring_convert<std::codecvt_utf8_utf16<wchar_t>, wchar_t> converter;
      |                                   ^
/Library/Developer/CommandLineTools/SDKs/MacOSX.sdk/usr/include/c++/v1/codecvt:568:28: note: 'codecvt_utf8_utf16<wchar_t>' has been explicitly marked deprecated here
  568 | class _LIBCPP_TEMPLATE_VIS _LIBCPP_DEPRECATED_IN_CXX17 codecvt_utf8_utf16 : public __codecvt_utf8_utf16<_Elem> {
      |                            ^
/Library/Developer/CommandLineTools/SDKs/MacOSX.sdk/usr/include/c++/v1/__config:731:41: note: expanded from macro '_LIBCPP_DEPRECATED_IN_CXX17'
  731 | #    define _LIBCPP_DEPRECATED_IN_CXX17 _LIBCPP_DEPRECATED
      |                                         ^
/Library/Developer/CommandLineTools/SDKs/MacOSX.sdk/usr/include/c++/v1/__config:696:49: note: expanded from macro '_LIBCPP_DEPRECATED'
  696 | #      define _LIBCPP_DEPRECATED __attribute__((__deprecated__))
      |                                                 ^
In file included from /Users/otsunah/Documents/GitHub/VVDViewer/VVDViewer/fluorender/FluoRender/VolumeSelector.cpp:28:
In file included from /Users/otsunah/Documents/GitHub/VVDViewer/VVDViewer/fluorender/FluoRender/VolumeSelector.h:28:
In file included from /Users/otsunah/Documents/GitHub/VVDViewer/VVDViewer/fluorender/FluoRender/DataManager.h:29:
/Users/otsunah/Documents/GitHub/VVDViewer/VVDViewer/fluorender/FluoRender/compatibility.h:370:7: warning: 'wstring_convert<std::codecvt_utf8_utf16<wchar_t>>' is deprecated [-Wdeprecated-declarations]
  370 |         std::wstring_convert<std::codecvt_utf8_utf16<wchar_t>, wchar_t> converter;
      |              ^
/Library/Developer/CommandLineTools/SDKs/MacOSX.sdk/usr/include/c++/v1/locale:3145:28: note: 'wstring_convert<std::codecvt_utf8_utf16<wchar_t>>' has been explicitly marked deprecated here
 3145 | class _LIBCPP_TEMPLATE_VIS _LIBCPP_DEPRECATED_IN_CXX17 wstring_convert {
      |                            ^
/Library/Developer/CommandLineTools/SDKs/MacOSX.sdk/usr/include/c++/v1/__config:731:41: note: expanded from macro '_LIBCPP_DEPRECATED_IN_CXX17'
  731 | #    define _LIBCPP_DEPRECATED_IN_CXX17 _LIBCPP_DEPRECATED
      |                                         ^
/Library/Developer/CommandLineTools/SDKs/MacOSX.sdk/usr/include/c++/v1/__config:696:49: note: expanded from macro '_LIBCPP_DEPRECATED'
  696 | #      define _LIBCPP_DEPRECATED __attribute__((__deprecated__))
      |                                                 ^
In file included from /Users/otsunah/Documents/GitHub/VVDViewer/VVDViewer/fluorender/FluoRender/VolumeSelector.cpp:28:
In file included from /Users/otsunah/Documents/GitHub/VVDViewer/VVDViewer/fluorender/FluoRender/VolumeSelector.h:28:
In file included from /Users/otsunah/Documents/GitHub/VVDViewer/VVDViewer/fluorender/FluoRender/DataManager.h:29:
/Users/otsunah/Documents/GitHub/VVDViewer/VVDViewer/fluorender/FluoRender/compatibility.h:411:10: warning: 'vsprintf' is deprecated: This function is provided for compatibility reasons only.  Due to security concerns inherent in the design of sprintf(3), it is highly recommended that you use vsnprintf(3) instead. [-Wdeprecated-declarations]
  411 |         int r = vsprintf(buf, fmt, args);
      |                 ^
/Library/Developer/CommandLineTools/SDKs/MacOSX.sdk/usr/include/_stdio.h:298:1: note: 'vsprintf' has been explicitly marked deprecated here
  298 | __deprecated_msg("This function is provided for compatibility reasons only.  Due to security concerns inherent in the design of sprintf(3), it is highly recommended that you use vsnprintf(3) instead.")
      | ^
/Library/Developer/CommandLineTools/SDKs/MacOSX.sdk/usr/include/sys/cdefs.h:218:48: note: expanded from macro '__deprecated_msg'
  218 |         #define __deprecated_msg(_msg) __attribute__((__deprecated__(_msg)))
      |                                                       ^
In file included from /Users/otsunah/Documents/GitHub/VVDViewer/VVDViewer/fluorender/FluoRender/VolumeSelector.cpp:28:
In file included from /Users/otsunah/Documents/GitHub/VVDViewer/VVDViewer/fluorender/FluoRender/VolumeSelector.h:28:
In file included from /Users/otsunah/Documents/GitHub/VVDViewer/VVDViewer/fluorender/FluoRender/DataManager.h:38:
In file included from /Users/otsunah/Documents/GitHub/VVDViewer/VVDViewer/fluorender/FluoRender/FLIVR/MeshRenderer.h:33:
In file included from /Users/otsunah/Documents/GitHub/VVDViewer/VVDViewer/fluorender/FluoRender/FLIVR/MshShader.h:37:
In file included from /Users/otsunah/Documents/GitHub/VVDViewer/VVDViewer/fluorender/FluoRender/Vulkan/VulkanDevice.hpp:23:
/Users/otsunah/Documents/GitHub/VVDViewer/VVDViewer/fluorender/FluoRender/FLIVR/TextureBrick.h:129:7: warning: cannot delete expression with pointer-to-'void' type 'void *' [-Wdelete-incomplete]
  129 |                                                 delete[] m_nrrd->data;
      |                                                 ^        ~~~~~~~~~~~~
In file included from /Users/otsunah/Documents/GitHub/VVDViewer/VVDViewer/fluorender/FluoRender/VolumeSelector.cpp:28:
In file included from /Users/otsunah/Documents/GitHub/VVDViewer/VVDViewer/fluorender/FluoRender/VolumeSelector.h:28:
In file included from /Users/otsunah/Documents/GitHub/VVDViewer/VVDViewer/fluorender/FluoRender/DataManager.h:38:
In file included from /Users/otsunah/Documents/GitHub/VVDViewer/VVDViewer/fluorender/FluoRender/FLIVR/MeshRenderer.h:38:
/Users/otsunah/Documents/GitHub/VVDViewer/VVDViewer/fluorender/FluoRender/VVulkan.h:2:9: warning: 'GLM_FORCE_DEPTH_ZERO_TO_ONE' macro redefined [-Wmacro-redefined]
    2 | #define GLM_FORCE_DEPTH_ZERO_TO_ONE
      |         ^
<command line>:9:9: note: previous definition is here
    9 | #define GLM_FORCE_DEPTH_ZERO_TO_ONE 1
      |         ^
In file included from /Users/otsunah/Documents/GitHub/VVDViewer/VVDViewer/fluorender/FluoRender/VolumeSelector.cpp:28:
In file included from /Users/otsunah/Documents/GitHub/VVDViewer/VVDViewer/fluorender/FluoRender/VolumeSelector.h:28:
In file included from /Users/otsunah/Documents/GitHub/VVDViewer/VVDViewer/fluorender/FluoRender/DataManager.h:59:
/Users/otsunah/Documents/GitHub/VVDViewer/VVDViewer/fluorender/FluoRender/Formats/brkxml_reader.h:100:21: warning: cannot delete expression with pointer-to-'void' type 'void *' [-Wdelete-incomplete]
  100 |                     delete[] m_data;
      |                     ^        ~~~~~~
In file included from /Users/otsunah/Documents/GitHub/VVDViewer/VVDViewer/fluorender/FluoRender/VolumeSelector.cpp:29:
In file included from /Users/otsunah/Documents/GitHub/VVDViewer/VVDViewer/fluorender/FluoRender/VRenderFrame.h:49:
/Users/otsunah/Documents/GitHub/VVDViewer/VVDViewer/fluorender/FluoRender/MeasureDlg.h:125:9: warning: 'GetSizeAvailableForScrollTarget' overrides a member function but is not marked 'override' [-Winconsistent-missing-override]
  125 |         wxSize GetSizeAvailableForScrollTarget(const wxSize& size) {
      |                ^
/Users/otsunah/Documents/GitHub/VVDViewer/VVDViewer/build/vcpkg_installed/arm64-osx-vvd/include/wx-3.3/wx/generic/listctrl.h:228:20: note: overridden virtual function is here
  228 |     virtual wxSize GetSizeAvailableForScrollTarget(const wxSize& size) override;
      |                    ^
/Users/otsunah/Documents/GitHub/VVDViewer/VVDViewer/fluorender/FluoRender/VolumeSelector.cpp:1442:4: warning: 'uint8' is deprecated [-Wdeprecated-declarations]
 1442 |                         uint8 *val8nr = (uint8*)nrrd_new->data;
      |                         ^
/Users/otsunah/Documents/GitHub/VVDViewer/VVDViewer/build/vcpkg_installed/arm64-osx-vvd/include/tiff.h:80:43: note: 'uint8' has been explicitly marked deprecated here
   80 | typedef TIFF_MSC_DEPRECATED uint8_t uint8 TIFF_GCC_DEPRECATED;
      |                                           ^
/Users/otsunah/Documents/GitHub/VVDViewer/VVDViewer/build/vcpkg_installed/arm64-osx-vvd/include/tiff.h:66:44: note: expanded from macro 'TIFF_GCC_DEPRECATED'
   66 | #define TIFF_GCC_DEPRECATED __attribute__((deprecated))
      |                                            ^
/Users/otsunah/Documents/GitHub/VVDViewer/VVDViewer/fluorender/FluoRender/VolumeSelector.cpp:1442:21: warning: 'uint8' is deprecated [-Wdeprecated-declarations]
 1442 |                         uint8 *val8nr = (uint8*)nrrd_new->data;
      |                                          ^
/Users/otsunah/Documents/GitHub/VVDViewer/VVDViewer/build/vcpkg_installed/arm64-osx-vvd/include/tiff.h:80:43: note: 'uint8' has been explicitly marked deprecated here
   80 | typedef TIFF_MSC_DEPRECATED uint8_t uint8 TIFF_GCC_DEPRECATED;
      |                                           ^
/Users/otsunah/Documents/GitHub/VVDViewer/VVDViewer/build/vcpkg_installed/arm64-osx-vvd/include/tiff.h:66:44: note: expanded from macro 'TIFF_GCC_DEPRECATED'
   66 | #define TIFF_GCC_DEPRECATED __attribute__((deprecated))
      |                                            ^
/Users/otsunah/Documents/GitHub/VVDViewer/VVDViewer/fluorender/FluoRender/VolumeSelector.cpp:1447:34: warning: 'uint16' is deprecated [-Wdeprecated-declarations]
 1447 |                                 max_val = *std::max_element((uint16*)val8nr, (uint16*)val8nr+mem_size / bytes);
      |                                                              ^
/Users/otsunah/Documents/GitHub/VVDViewer/VVDViewer/build/vcpkg_installed/arm64-osx-vvd/include/tiff.h:83:45: note: 'uint16' has been explicitly marked deprecated here
   83 | typedef TIFF_MSC_DEPRECATED uint16_t uint16 TIFF_GCC_DEPRECATED;
      |                                             ^
/Users/otsunah/Documents/GitHub/VVDViewer/VVDViewer/build/vcpkg_installed/arm64-osx-vvd/include/tiff.h:66:44: note: expanded from macro 'TIFF_GCC_DEPRECATED'
   66 | #define TIFF_GCC_DEPRECATED __attribute__((deprecated))
      |                                            ^
/Users/otsunah/Documents/GitHub/VVDViewer/VVDViewer/fluorender/FluoRender/VolumeSelector.cpp:1447:51: warning: 'uint16' is deprecated [-Wdeprecated-declarations]
 1447 |                                 max_val = *std::max_element((uint16*)val8nr, (uint16*)val8nr+mem_size / bytes);
      |                                                                               ^
/Users/otsunah/Documents/GitHub/VVDViewer/VVDViewer/build/vcpkg_installed/arm64-osx-vvd/include/tiff.h:83:45: note: 'uint16' has been explicitly marked deprecated here
   83 | typedef TIFF_MSC_DEPRECATED uint16_t uint16 TIFF_GCC_DEPRECATED;
      |                                             ^
/Users/otsunah/Documents/GitHub/VVDViewer/VVDViewer/build/vcpkg_installed/arm64-osx-vvd/include/tiff.h:66:44: note: expanded from macro 'TIFF_GCC_DEPRECATED'
   66 | #define TIFF_GCC_DEPRECATED __attribute__((deprecated))
      |                                            ^
/Users/otsunah/Documents/GitHub/VVDViewer/VVDViewer/fluorender/FluoRender/VolumeSelector.cpp:1466:6: warning: address of function 'select' will always evaluate to 'true' [-Wpointer-bool-conversion]
 1466 |         if (select && m_vd->GetTexture() && m_vd->GetTexture()->nmask() != -1)
      |             ^~~~~~ ~~
/Users/otsunah/Documents/GitHub/VVDViewer/VVDViewer/fluorender/FluoRender/VolumeSelector.cpp:1466:6: note: prefix with the address-of operator to silence this warning
 1466 |         if (select && m_vd->GetTexture() && m_vd->GetTexture()->nmask() != -1)
      |             ^
      |             &
14 warnings generated.
[60/74] Building CXX object CMakeFiles/FijiInterfacePlugin.dir/plugin_fiji/vvd/FijiInterfacePlugin.cpp.o
In file included from /Users/otsunah/Documents/GitHub/VVDViewer/VVDViewer/plugin_fiji/vvd/FijiInterfacePlugin.cpp:4:
In file included from /Users/otsunah/Documents/GitHub/VVDViewer/VVDViewer/fluorender/FluoRender/VRenderFrame.h:29:
In file included from /Users/otsunah/Documents/GitHub/VVDViewer/VVDViewer/fluorender/FluoRender/DataManager.h:29:
/Users/otsunah/Documents/GitHub/VVDViewer/VVDViewer/fluorender/FluoRender/compatibility.h:364:28: warning: 'codecvt_utf8_utf16<wchar_t>' is deprecated [-Wdeprecated-declarations]
  364 |         std::wstring_convert<std::codecvt_utf8_utf16<wchar_t>, wchar_t> converter;
      |                                   ^
/Library/Developer/CommandLineTools/SDKs/MacOSX.sdk/usr/include/c++/v1/codecvt:568:28: note: 'codecvt_utf8_utf16<wchar_t>' has been explicitly marked deprecated here
  568 | class _LIBCPP_TEMPLATE_VIS _LIBCPP_DEPRECATED_IN_CXX17 codecvt_utf8_utf16 : public __codecvt_utf8_utf16<_Elem> {
      |                            ^
/Library/Developer/CommandLineTools/SDKs/MacOSX.sdk/usr/include/c++/v1/__config:731:41: note: expanded from macro '_LIBCPP_DEPRECATED_IN_CXX17'
  731 | #    define _LIBCPP_DEPRECATED_IN_CXX17 _LIBCPP_DEPRECATED
      |                                         ^
/Library/Developer/CommandLineTools/SDKs/MacOSX.sdk/usr/include/c++/v1/__config:696:49: note: expanded from macro '_LIBCPP_DEPRECATED'
  696 | #      define _LIBCPP_DEPRECATED __attribute__((__deprecated__))
      |                                                 ^
In file included from /Users/otsunah/Documents/GitHub/VVDViewer/VVDViewer/plugin_fiji/vvd/FijiInterfacePlugin.cpp:4:
In file included from /Users/otsunah/Documents/GitHub/VVDViewer/VVDViewer/fluorender/FluoRender/VRenderFrame.h:29:
In file included from /Users/otsunah/Documents/GitHub/VVDViewer/VVDViewer/fluorender/FluoRender/DataManager.h:29:
/Users/otsunah/Documents/GitHub/VVDViewer/VVDViewer/fluorender/FluoRender/compatibility.h:364:7: warning: 'wstring_convert<std::codecvt_utf8_utf16<wchar_t>>' is deprecated [-Wdeprecated-declarations]
  364 |         std::wstring_convert<std::codecvt_utf8_utf16<wchar_t>, wchar_t> converter;
      |              ^
/Library/Developer/CommandLineTools/SDKs/MacOSX.sdk/usr/include/c++/v1/locale:3145:28: note: 'wstring_convert<std::codecvt_utf8_utf16<wchar_t>>' has been explicitly marked deprecated here
 3145 | class _LIBCPP_TEMPLATE_VIS _LIBCPP_DEPRECATED_IN_CXX17 wstring_convert {
      |                            ^
/Library/Developer/CommandLineTools/SDKs/MacOSX.sdk/usr/include/c++/v1/__config:731:41: note: expanded from macro '_LIBCPP_DEPRECATED_IN_CXX17'
  731 | #    define _LIBCPP_DEPRECATED_IN_CXX17 _LIBCPP_DEPRECATED
      |                                         ^
/Library/Developer/CommandLineTools/SDKs/MacOSX.sdk/usr/include/c++/v1/__config:696:49: note: expanded from macro '_LIBCPP_DEPRECATED'
  696 | #      define _LIBCPP_DEPRECATED __attribute__((__deprecated__))
      |                                                 ^
In file included from /Users/otsunah/Documents/GitHub/VVDViewer/VVDViewer/plugin_fiji/vvd/FijiInterfacePlugin.cpp:4:
In file included from /Users/otsunah/Documents/GitHub/VVDViewer/VVDViewer/fluorender/FluoRender/VRenderFrame.h:29:
In file included from /Users/otsunah/Documents/GitHub/VVDViewer/VVDViewer/fluorender/FluoRender/DataManager.h:29:
/Users/otsunah/Documents/GitHub/VVDViewer/VVDViewer/fluorender/FluoRender/compatibility.h:370:28: warning: 'codecvt_utf8_utf16<wchar_t>' is deprecated [-Wdeprecated-declarations]
  370 |         std::wstring_convert<std::codecvt_utf8_utf16<wchar_t>, wchar_t> converter;
      |                                   ^
/Library/Developer/CommandLineTools/SDKs/MacOSX.sdk/usr/include/c++/v1/codecvt:568:28: note: 'codecvt_utf8_utf16<wchar_t>' has been explicitly marked deprecated here
  568 | class _LIBCPP_TEMPLATE_VIS _LIBCPP_DEPRECATED_IN_CXX17 codecvt_utf8_utf16 : public __codecvt_utf8_utf16<_Elem> {
      |                            ^
/Library/Developer/CommandLineTools/SDKs/MacOSX.sdk/usr/include/c++/v1/__config:731:41: note: expanded from macro '_LIBCPP_DEPRECATED_IN_CXX17'
  731 | #    define _LIBCPP_DEPRECATED_IN_CXX17 _LIBCPP_DEPRECATED
      |                                         ^
/Library/Developer/CommandLineTools/SDKs/MacOSX.sdk/usr/include/c++/v1/__config:696:49: note: expanded from macro '_LIBCPP_DEPRECATED'
  696 | #      define _LIBCPP_DEPRECATED __attribute__((__deprecated__))
      |                                                 ^
In file included from /Users/otsunah/Documents/GitHub/VVDViewer/VVDViewer/plugin_fiji/vvd/FijiInterfacePlugin.cpp:4:
In file included from /Users/otsunah/Documents/GitHub/VVDViewer/VVDViewer/fluorender/FluoRender/VRenderFrame.h:29:
In file included from /Users/otsunah/Documents/GitHub/VVDViewer/VVDViewer/fluorender/FluoRender/DataManager.h:29:
/Users/otsunah/Documents/GitHub/VVDViewer/VVDViewer/fluorender/FluoRender/compatibility.h:370:7: warning: 'wstring_convert<std::codecvt_utf8_utf16<wchar_t>>' is deprecated [-Wdeprecated-declarations]
  370 |         std::wstring_convert<std::codecvt_utf8_utf16<wchar_t>, wchar_t> converter;
      |              ^
/Library/Developer/CommandLineTools/SDKs/MacOSX.sdk/usr/include/c++/v1/locale:3145:28: note: 'wstring_convert<std::codecvt_utf8_utf16<wchar_t>>' has been explicitly marked deprecated here
 3145 | class _LIBCPP_TEMPLATE_VIS _LIBCPP_DEPRECATED_IN_CXX17 wstring_convert {
      |                            ^
/Library/Developer/CommandLineTools/SDKs/MacOSX.sdk/usr/include/c++/v1/__config:731:41: note: expanded from macro '_LIBCPP_DEPRECATED_IN_CXX17'
  731 | #    define _LIBCPP_DEPRECATED_IN_CXX17 _LIBCPP_DEPRECATED
      |                                         ^
/Library/Developer/CommandLineTools/SDKs/MacOSX.sdk/usr/include/c++/v1/__config:696:49: note: expanded from macro '_LIBCPP_DEPRECATED'
  696 | #      define _LIBCPP_DEPRECATED __attribute__((__deprecated__))
      |                                                 ^
In file included from /Users/otsunah/Documents/GitHub/VVDViewer/VVDViewer/plugin_fiji/vvd/FijiInterfacePlugin.cpp:4:
In file included from /Users/otsunah/Documents/GitHub/VVDViewer/VVDViewer/fluorender/FluoRender/VRenderFrame.h:29:
In file included from /Users/otsunah/Documents/GitHub/VVDViewer/VVDViewer/fluorender/FluoRender/DataManager.h:29:
/Users/otsunah/Documents/GitHub/VVDViewer/VVDViewer/fluorender/FluoRender/compatibility.h:411:10: warning: 'vsprintf' is deprecated: This function is provided for compatibility reasons only.  Due to security concerns inherent in the design of sprintf(3), it is highly recommended that you use vsnprintf(3) instead. [-Wdeprecated-declarations]
  411 |         int r = vsprintf(buf, fmt, args);
      |                 ^
/Library/Developer/CommandLineTools/SDKs/MacOSX.sdk/usr/include/_stdio.h:298:1: note: 'vsprintf' has been explicitly marked deprecated here
  298 | __deprecated_msg("This function is provided for compatibility reasons only.  Due to security concerns inherent in the design of sprintf(3), it is highly recommended that you use vsnprintf(3) instead.")
      | ^
/Library/Developer/CommandLineTools/SDKs/MacOSX.sdk/usr/include/sys/cdefs.h:218:48: note: expanded from macro '__deprecated_msg'
  218 |         #define __deprecated_msg(_msg) __attribute__((__deprecated__(_msg)))
      |                                                       ^
In file included from /Users/otsunah/Documents/GitHub/VVDViewer/VVDViewer/plugin_fiji/vvd/FijiInterfacePlugin.cpp:4:
In file included from /Users/otsunah/Documents/GitHub/VVDViewer/VVDViewer/fluorender/FluoRender/VRenderFrame.h:29:
In file included from /Users/otsunah/Documents/GitHub/VVDViewer/VVDViewer/fluorender/FluoRender/DataManager.h:38:
In file included from /Users/otsunah/Documents/GitHub/VVDViewer/VVDViewer/fluorender/FluoRender/FLIVR/MeshRenderer.h:33:
In file included from /Users/otsunah/Documents/GitHub/VVDViewer/VVDViewer/fluorender/FluoRender/FLIVR/MshShader.h:37:
In file included from /Users/otsunah/Documents/GitHub/VVDViewer/VVDViewer/fluorender/FluoRender/Vulkan/VulkanDevice.hpp:23:
/Users/otsunah/Documents/GitHub/VVDViewer/VVDViewer/fluorender/FluoRender/FLIVR/TextureBrick.h:129:7: warning: cannot delete expression with pointer-to-'void' type 'void *' [-Wdelete-incomplete]
  129 |                                                 delete[] m_nrrd->data;
      |                                                 ^        ~~~~~~~~~~~~
In file included from /Users/otsunah/Documents/GitHub/VVDViewer/VVDViewer/plugin_fiji/vvd/FijiInterfacePlugin.cpp:4:
In file included from /Users/otsunah/Documents/GitHub/VVDViewer/VVDViewer/fluorender/FluoRender/VRenderFrame.h:29:
In file included from /Users/otsunah/Documents/GitHub/VVDViewer/VVDViewer/fluorender/FluoRender/DataManager.h:38:
In file included from /Users/otsunah/Documents/GitHub/VVDViewer/VVDViewer/fluorender/FluoRender/FLIVR/MeshRenderer.h:38:
/Users/otsunah/Documents/GitHub/VVDViewer/VVDViewer/fluorender/FluoRender/VVulkan.h:2:9: warning: 'GLM_FORCE_DEPTH_ZERO_TO_ONE' macro redefined [-Wmacro-redefined]
    2 | #define GLM_FORCE_DEPTH_ZERO_TO_ONE
      |         ^
<command line>:10:9: note: previous definition is here
   10 | #define GLM_FORCE_DEPTH_ZERO_TO_ONE 1
      |         ^
In file included from /Users/otsunah/Documents/GitHub/VVDViewer/VVDViewer/plugin_fiji/vvd/FijiInterfacePlugin.cpp:4:
In file included from /Users/otsunah/Documents/GitHub/VVDViewer/VVDViewer/fluorender/FluoRender/VRenderFrame.h:29:
In file included from /Users/otsunah/Documents/GitHub/VVDViewer/VVDViewer/fluorender/FluoRender/DataManager.h:59:
/Users/otsunah/Documents/GitHub/VVDViewer/VVDViewer/fluorender/FluoRender/Formats/brkxml_reader.h:100:21: warning: cannot delete expression with pointer-to-'void' type 'void *' [-Wdelete-incomplete]
  100 |                     delete[] m_data;
      |                     ^        ~~~~~~
In file included from /Users/otsunah/Documents/GitHub/VVDViewer/VVDViewer/plugin_fiji/vvd/FijiInterfacePlugin.cpp:4:
In file included from /Users/otsunah/Documents/GitHub/VVDViewer/VVDViewer/fluorender/FluoRender/VRenderFrame.h:49:
/Users/otsunah/Documents/GitHub/VVDViewer/VVDViewer/fluorender/FluoRender/MeasureDlg.h:125:9: warning: 'GetSizeAvailableForScrollTarget' overrides a member function but is not marked 'override' [-Winconsistent-missing-override]
  125 |         wxSize GetSizeAvailableForScrollTarget(const wxSize& size) {
      |                ^
/Users/otsunah/Documents/GitHub/VVDViewer/VVDViewer/build/vcpkg_installed/arm64-osx-vvd/include/wx-3.3/wx/generic/listctrl.h:228:20: note: overridden virtual function is here
  228 |     virtual wxSize GetSizeAvailableForScrollTarget(const wxSize& size) override;
      |                    ^
/Users/otsunah/Documents/GitHub/VVDViewer/VVDViewer/plugin_fiji/vvd/FijiInterfacePlugin.cpp:83:10: warning: 18 enumeration values not handled in switch: 'wxIPC_INVALID', 'wxIPC_BITMAP', 'wxIPC_METAFILE'... [-Wswitch]
   83 |         switch (format)
      |                 ^~~~~~
/Users/otsunah/Documents/GitHub/VVDViewer/VVDViewer/plugin_fiji/vvd/FijiInterfacePlugin.cpp:83:10: note: add missing switch cases
   83 |         switch (format)
      |                 ^
   84 |         {
   85 |         case wxIPC_TEXT:
10 warnings generated.
[61/74] Building CXX object CMakeFiles/FijiInterfacePlugin.dir/plugin_fiji/vvd/FijiInterfacePluginWindow.cpp.o
In file included from /Users/otsunah/Documents/GitHub/VVDViewer/VVDViewer/plugin_fiji/vvd/FijiInterfacePluginWindow.cpp:15:
In file included from /Users/otsunah/Documents/GitHub/VVDViewer/VVDViewer/fluorender/FluoRender/VRenderFrame.h:29:
In file included from /Users/otsunah/Documents/GitHub/VVDViewer/VVDViewer/fluorender/FluoRender/DataManager.h:29:
/Users/otsunah/Documents/GitHub/VVDViewer/VVDViewer/fluorender/FluoRender/compatibility.h:364:28: warning: 'codecvt_utf8_utf16<wchar_t>' is deprecated [-Wdeprecated-declarations]
  364 |         std::wstring_convert<std::codecvt_utf8_utf16<wchar_t>, wchar_t> converter;
      |                                   ^
/Library/Developer/CommandLineTools/SDKs/MacOSX.sdk/usr/include/c++/v1/codecvt:568:28: note: 'codecvt_utf8_utf16<wchar_t>' has been explicitly marked deprecated here
  568 | class _LIBCPP_TEMPLATE_VIS _LIBCPP_DEPRECATED_IN_CXX17 codecvt_utf8_utf16 : public __codecvt_utf8_utf16<_Elem> {
      |                            ^
/Library/Developer/CommandLineTools/SDKs/MacOSX.sdk/usr/include/c++/v1/__config:731:41: note: expanded from macro '_LIBCPP_DEPRECATED_IN_CXX17'
  731 | #    define _LIBCPP_DEPRECATED_IN_CXX17 _LIBCPP_DEPRECATED
      |                                         ^
/Library/Developer/CommandLineTools/SDKs/MacOSX.sdk/usr/include/c++/v1/__config:696:49: note: expanded from macro '_LIBCPP_DEPRECATED'
  696 | #      define _LIBCPP_DEPRECATED __attribute__((__deprecated__))
      |                                                 ^
In file included from /Users/otsunah/Documents/GitHub/VVDViewer/VVDViewer/plugin_fiji/vvd/FijiInterfacePluginWindow.cpp:15:
In file included from /Users/otsunah/Documents/GitHub/VVDViewer/VVDViewer/fluorender/FluoRender/VRenderFrame.h:29:
In file included from /Users/otsunah/Documents/GitHub/VVDViewer/VVDViewer/fluorender/FluoRender/DataManager.h:29:
/Users/otsunah/Documents/GitHub/VVDViewer/VVDViewer/fluorender/FluoRender/compatibility.h:364:7: warning: 'wstring_convert<std::codecvt_utf8_utf16<wchar_t>>' is deprecated [-Wdeprecated-declarations]
  364 |         std::wstring_convert<std::codecvt_utf8_utf16<wchar_t>, wchar_t> converter;
      |              ^
/Library/Developer/CommandLineTools/SDKs/MacOSX.sdk/usr/include/c++/v1/locale:3145:28: note: 'wstring_convert<std::codecvt_utf8_utf16<wchar_t>>' has been explicitly marked deprecated here
 3145 | class _LIBCPP_TEMPLATE_VIS _LIBCPP_DEPRECATED_IN_CXX17 wstring_convert {
      |                            ^
/Library/Developer/CommandLineTools/SDKs/MacOSX.sdk/usr/include/c++/v1/__config:731:41: note: expanded from macro '_LIBCPP_DEPRECATED_IN_CXX17'
  731 | #    define _LIBCPP_DEPRECATED_IN_CXX17 _LIBCPP_DEPRECATED
      |                                         ^
/Library/Developer/CommandLineTools/SDKs/MacOSX.sdk/usr/include/c++/v1/__config:696:49: note: expanded from macro '_LIBCPP_DEPRECATED'
  696 | #      define _LIBCPP_DEPRECATED __attribute__((__deprecated__))
      |                                                 ^
In file included from /Users/otsunah/Documents/GitHub/VVDViewer/VVDViewer/plugin_fiji/vvd/FijiInterfacePluginWindow.cpp:15:
In file included from /Users/otsunah/Documents/GitHub/VVDViewer/VVDViewer/fluorender/FluoRender/VRenderFrame.h:29:
In file included from /Users/otsunah/Documents/GitHub/VVDViewer/VVDViewer/fluorender/FluoRender/DataManager.h:29:
/Users/otsunah/Documents/GitHub/VVDViewer/VVDViewer/fluorender/FluoRender/compatibility.h:370:28: warning: 'codecvt_utf8_utf16<wchar_t>' is deprecated [-Wdeprecated-declarations]
  370 |         std::wstring_convert<std::codecvt_utf8_utf16<wchar_t>, wchar_t> converter;
      |                                   ^
/Library/Developer/CommandLineTools/SDKs/MacOSX.sdk/usr/include/c++/v1/codecvt:568:28: note: 'codecvt_utf8_utf16<wchar_t>' has been explicitly marked deprecated here
  568 | class _LIBCPP_TEMPLATE_VIS _LIBCPP_DEPRECATED_IN_CXX17 codecvt_utf8_utf16 : public __codecvt_utf8_utf16<_Elem> {
      |                            ^
/Library/Developer/CommandLineTools/SDKs/MacOSX.sdk/usr/include/c++/v1/__config:731:41: note: expanded from macro '_LIBCPP_DEPRECATED_IN_CXX17'
  731 | #    define _LIBCPP_DEPRECATED_IN_CXX17 _LIBCPP_DEPRECATED
      |                                         ^
/Library/Developer/CommandLineTools/SDKs/MacOSX.sdk/usr/include/c++/v1/__config:696:49: note: expanded from macro '_LIBCPP_DEPRECATED'
  696 | #      define _LIBCPP_DEPRECATED __attribute__((__deprecated__))
      |                                                 ^
In file included from /Users/otsunah/Documents/GitHub/VVDViewer/VVDViewer/plugin_fiji/vvd/FijiInterfacePluginWindow.cpp:15:
In file included from /Users/otsunah/Documents/GitHub/VVDViewer/VVDViewer/fluorender/FluoRender/VRenderFrame.h:29:
In file included from /Users/otsunah/Documents/GitHub/VVDViewer/VVDViewer/fluorender/FluoRender/DataManager.h:29:
/Users/otsunah/Documents/GitHub/VVDViewer/VVDViewer/fluorender/FluoRender/compatibility.h:370:7: warning: 'wstring_convert<std::codecvt_utf8_utf16<wchar_t>>' is deprecated [-Wdeprecated-declarations]
  370 |         std::wstring_convert<std::codecvt_utf8_utf16<wchar_t>, wchar_t> converter;
      |              ^
/Library/Developer/CommandLineTools/SDKs/MacOSX.sdk/usr/include/c++/v1/locale:3145:28: note: 'wstring_convert<std::codecvt_utf8_utf16<wchar_t>>' has been explicitly marked deprecated here
 3145 | class _LIBCPP_TEMPLATE_VIS _LIBCPP_DEPRECATED_IN_CXX17 wstring_convert {
      |                            ^
/Library/Developer/CommandLineTools/SDKs/MacOSX.sdk/usr/include/c++/v1/__config:731:41: note: expanded from macro '_LIBCPP_DEPRECATED_IN_CXX17'
  731 | #    define _LIBCPP_DEPRECATED_IN_CXX17 _LIBCPP_DEPRECATED
      |                                         ^
/Library/Developer/CommandLineTools/SDKs/MacOSX.sdk/usr/include/c++/v1/__config:696:49: note: expanded from macro '_LIBCPP_DEPRECATED'
  696 | #      define _LIBCPP_DEPRECATED __attribute__((__deprecated__))
      |                                                 ^
In file included from /Users/otsunah/Documents/GitHub/VVDViewer/VVDViewer/plugin_fiji/vvd/FijiInterfacePluginWindow.cpp:15:
In file included from /Users/otsunah/Documents/GitHub/VVDViewer/VVDViewer/fluorender/FluoRender/VRenderFrame.h:29:
In file included from /Users/otsunah/Documents/GitHub/VVDViewer/VVDViewer/fluorender/FluoRender/DataManager.h:29:
/Users/otsunah/Documents/GitHub/VVDViewer/VVDViewer/fluorender/FluoRender/compatibility.h:411:10: warning: 'vsprintf' is deprecated: This function is provided for compatibility reasons only.  Due to security concerns inherent in the design of sprintf(3), it is highly recommended that you use vsnprintf(3) instead. [-Wdeprecated-declarations]
  411 |         int r = vsprintf(buf, fmt, args);
      |                 ^
/Library/Developer/CommandLineTools/SDKs/MacOSX.sdk/usr/include/_stdio.h:298:1: note: 'vsprintf' has been explicitly marked deprecated here
  298 | __deprecated_msg("This function is provided for compatibility reasons only.  Due to security concerns inherent in the design of sprintf(3), it is highly recommended that you use vsnprintf(3) instead.")
      | ^
/Library/Developer/CommandLineTools/SDKs/MacOSX.sdk/usr/include/sys/cdefs.h:218:48: note: expanded from macro '__deprecated_msg'
  218 |         #define __deprecated_msg(_msg) __attribute__((__deprecated__(_msg)))
      |                                                       ^
In file included from /Users/otsunah/Documents/GitHub/VVDViewer/VVDViewer/plugin_fiji/vvd/FijiInterfacePluginWindow.cpp:15:
In file included from /Users/otsunah/Documents/GitHub/VVDViewer/VVDViewer/fluorender/FluoRender/VRenderFrame.h:29:
In file included from /Users/otsunah/Documents/GitHub/VVDViewer/VVDViewer/fluorender/FluoRender/DataManager.h:38:
In file included from /Users/otsunah/Documents/GitHub/VVDViewer/VVDViewer/fluorender/FluoRender/FLIVR/MeshRenderer.h:33:
In file included from /Users/otsunah/Documents/GitHub/VVDViewer/VVDViewer/fluorender/FluoRender/FLIVR/MshShader.h:37:
In file included from /Users/otsunah/Documents/GitHub/VVDViewer/VVDViewer/fluorender/FluoRender/Vulkan/VulkanDevice.hpp:23:
/Users/otsunah/Documents/GitHub/VVDViewer/VVDViewer/fluorender/FluoRender/FLIVR/TextureBrick.h:129:7: warning: cannot delete expression with pointer-to-'void' type 'void *' [-Wdelete-incomplete]
  129 |                                                 delete[] m_nrrd->data;
      |                                                 ^        ~~~~~~~~~~~~
In file included from /Users/otsunah/Documents/GitHub/VVDViewer/VVDViewer/plugin_fiji/vvd/FijiInterfacePluginWindow.cpp:15:
In file included from /Users/otsunah/Documents/GitHub/VVDViewer/VVDViewer/fluorender/FluoRender/VRenderFrame.h:29:
In file included from /Users/otsunah/Documents/GitHub/VVDViewer/VVDViewer/fluorender/FluoRender/DataManager.h:38:
In file included from /Users/otsunah/Documents/GitHub/VVDViewer/VVDViewer/fluorender/FluoRender/FLIVR/MeshRenderer.h:38:
/Users/otsunah/Documents/GitHub/VVDViewer/VVDViewer/fluorender/FluoRender/VVulkan.h:2:9: warning: 'GLM_FORCE_DEPTH_ZERO_TO_ONE' macro redefined [-Wmacro-redefined]
    2 | #define GLM_FORCE_DEPTH_ZERO_TO_ONE
      |         ^
<command line>:10:9: note: previous definition is here
   10 | #define GLM_FORCE_DEPTH_ZERO_TO_ONE 1
      |         ^
In file included from /Users/otsunah/Documents/GitHub/VVDViewer/VVDViewer/plugin_fiji/vvd/FijiInterfacePluginWindow.cpp:15:
In file included from /Users/otsunah/Documents/GitHub/VVDViewer/VVDViewer/fluorender/FluoRender/VRenderFrame.h:29:
In file included from /Users/otsunah/Documents/GitHub/VVDViewer/VVDViewer/fluorender/FluoRender/DataManager.h:59:
/Users/otsunah/Documents/GitHub/VVDViewer/VVDViewer/fluorender/FluoRender/Formats/brkxml_reader.h:100:21: warning: cannot delete expression with pointer-to-'void' type 'void *' [-Wdelete-incomplete]
  100 |                     delete[] m_data;
      |                     ^        ~~~~~~
In file included from /Users/otsunah/Documents/GitHub/VVDViewer/VVDViewer/plugin_fiji/vvd/FijiInterfacePluginWindow.cpp:15:
In file included from /Users/otsunah/Documents/GitHub/VVDViewer/VVDViewer/fluorender/FluoRender/VRenderFrame.h:49:
/Users/otsunah/Documents/GitHub/VVDViewer/VVDViewer/fluorender/FluoRender/MeasureDlg.h:125:9: warning: 'GetSizeAvailableForScrollTarget' overrides a member function but is not marked 'override' [-Winconsistent-missing-override]
  125 |         wxSize GetSizeAvailableForScrollTarget(const wxSize& size) {
      |                ^
/Users/otsunah/Documents/GitHub/VVDViewer/VVDViewer/build/vcpkg_installed/arm64-osx-vvd/include/wx-3.3/wx/generic/listctrl.h:228:20: note: overridden virtual function is here
  228 |     virtual wxSize GetSizeAvailableForScrollTarget(const wxSize& size) override;
      |                    ^
9 warnings generated.
[62/74] Building CXX object CMakeFiles/NBLASTGuiPlugin.dir/plugin_nblast/vvd/NBLASTGuiPlugin.cpp.o
In file included from /Users/otsunah/Documents/GitHub/VVDViewer/VVDViewer/plugin_nblast/vvd/NBLASTGuiPlugin.cpp:4:
In file included from /Users/otsunah/Documents/GitHub/VVDViewer/VVDViewer/fluorender/FluoRender/VRenderFrame.h:29:
In file included from /Users/otsunah/Documents/GitHub/VVDViewer/VVDViewer/fluorender/FluoRender/DataManager.h:29:
/Users/otsunah/Documents/GitHub/VVDViewer/VVDViewer/fluorender/FluoRender/compatibility.h:364:28: warning: 'codecvt_utf8_utf16<wchar_t>' is deprecated [-Wdeprecated-declarations]
  364 |         std::wstring_convert<std::codecvt_utf8_utf16<wchar_t>, wchar_t> converter;
      |                                   ^
/Library/Developer/CommandLineTools/SDKs/MacOSX.sdk/usr/include/c++/v1/codecvt:568:28: note: 'codecvt_utf8_utf16<wchar_t>' has been explicitly marked deprecated here
  568 | class _LIBCPP_TEMPLATE_VIS _LIBCPP_DEPRECATED_IN_CXX17 codecvt_utf8_utf16 : public __codecvt_utf8_utf16<_Elem> {
      |                            ^
/Library/Developer/CommandLineTools/SDKs/MacOSX.sdk/usr/include/c++/v1/__config:731:41: note: expanded from macro '_LIBCPP_DEPRECATED_IN_CXX17'
  731 | #    define _LIBCPP_DEPRECATED_IN_CXX17 _LIBCPP_DEPRECATED
      |                                         ^
/Library/Developer/CommandLineTools/SDKs/MacOSX.sdk/usr/include/c++/v1/__config:696:49: note: expanded from macro '_LIBCPP_DEPRECATED'
  696 | #      define _LIBCPP_DEPRECATED __attribute__((__deprecated__))
      |                                                 ^
In file included from /Users/otsunah/Documents/GitHub/VVDViewer/VVDViewer/plugin_nblast/vvd/NBLASTGuiPlugin.cpp:4:
In file included from /Users/otsunah/Documents/GitHub/VVDViewer/VVDViewer/fluorender/FluoRender/VRenderFrame.h:29:
In file included from /Users/otsunah/Documents/GitHub/VVDViewer/VVDViewer/fluorender/FluoRender/DataManager.h:29:
/Users/otsunah/Documents/GitHub/VVDViewer/VVDViewer/fluorender/FluoRender/compatibility.h:364:7: warning: 'wstring_convert<std::codecvt_utf8_utf16<wchar_t>>' is deprecated [-Wdeprecated-declarations]
  364 |         std::wstring_convert<std::codecvt_utf8_utf16<wchar_t>, wchar_t> converter;
      |              ^
/Library/Developer/CommandLineTools/SDKs/MacOSX.sdk/usr/include/c++/v1/locale:3145:28: note: 'wstring_convert<std::codecvt_utf8_utf16<wchar_t>>' has been explicitly marked deprecated here
 3145 | class _LIBCPP_TEMPLATE_VIS _LIBCPP_DEPRECATED_IN_CXX17 wstring_convert {
      |                            ^
/Library/Developer/CommandLineTools/SDKs/MacOSX.sdk/usr/include/c++/v1/__config:731:41: note: expanded from macro '_LIBCPP_DEPRECATED_IN_CXX17'
  731 | #    define _LIBCPP_DEPRECATED_IN_CXX17 _LIBCPP_DEPRECATED
      |                                         ^
/Library/Developer/CommandLineTools/SDKs/MacOSX.sdk/usr/include/c++/v1/__config:696:49: note: expanded from macro '_LIBCPP_DEPRECATED'
  696 | #      define _LIBCPP_DEPRECATED __attribute__((__deprecated__))
      |                                                 ^
In file included from /Users/otsunah/Documents/GitHub/VVDViewer/VVDViewer/plugin_nblast/vvd/NBLASTGuiPlugin.cpp:4:
In file included from /Users/otsunah/Documents/GitHub/VVDViewer/VVDViewer/fluorender/FluoRender/VRenderFrame.h:29:
In file included from /Users/otsunah/Documents/GitHub/VVDViewer/VVDViewer/fluorender/FluoRender/DataManager.h:29:
/Users/otsunah/Documents/GitHub/VVDViewer/VVDViewer/fluorender/FluoRender/compatibility.h:370:28: warning: 'codecvt_utf8_utf16<wchar_t>' is deprecated [-Wdeprecated-declarations]
  370 |         std::wstring_convert<std::codecvt_utf8_utf16<wchar_t>, wchar_t> converter;
      |                                   ^
/Library/Developer/CommandLineTools/SDKs/MacOSX.sdk/usr/include/c++/v1/codecvt:568:28: note: 'codecvt_utf8_utf16<wchar_t>' has been explicitly marked deprecated here
  568 | class _LIBCPP_TEMPLATE_VIS _LIBCPP_DEPRECATED_IN_CXX17 codecvt_utf8_utf16 : public __codecvt_utf8_utf16<_Elem> {
      |                            ^
/Library/Developer/CommandLineTools/SDKs/MacOSX.sdk/usr/include/c++/v1/__config:731:41: note: expanded from macro '_LIBCPP_DEPRECATED_IN_CXX17'
  731 | #    define _LIBCPP_DEPRECATED_IN_CXX17 _LIBCPP_DEPRECATED
      |                                         ^
/Library/Developer/CommandLineTools/SDKs/MacOSX.sdk/usr/include/c++/v1/__config:696:49: note: expanded from macro '_LIBCPP_DEPRECATED'
  696 | #      define _LIBCPP_DEPRECATED __attribute__((__deprecated__))
      |                                                 ^
In file included from /Users/otsunah/Documents/GitHub/VVDViewer/VVDViewer/plugin_nblast/vvd/NBLASTGuiPlugin.cpp:4:
In file included from /Users/otsunah/Documents/GitHub/VVDViewer/VVDViewer/fluorender/FluoRender/VRenderFrame.h:29:
In file included from /Users/otsunah/Documents/GitHub/VVDViewer/VVDViewer/fluorender/FluoRender/DataManager.h:29:
/Users/otsunah/Documents/GitHub/VVDViewer/VVDViewer/fluorender/FluoRender/compatibility.h:370:7: warning: 'wstring_convert<std::codecvt_utf8_utf16<wchar_t>>' is deprecated [-Wdeprecated-declarations]
  370 |         std::wstring_convert<std::codecvt_utf8_utf16<wchar_t>, wchar_t> converter;
      |              ^
/Library/Developer/CommandLineTools/SDKs/MacOSX.sdk/usr/include/c++/v1/locale:3145:28: note: 'wstring_convert<std::codecvt_utf8_utf16<wchar_t>>' has been explicitly marked deprecated here
 3145 | class _LIBCPP_TEMPLATE_VIS _LIBCPP_DEPRECATED_IN_CXX17 wstring_convert {
      |                            ^
/Library/Developer/CommandLineTools/SDKs/MacOSX.sdk/usr/include/c++/v1/__config:731:41: note: expanded from macro '_LIBCPP_DEPRECATED_IN_CXX17'
  731 | #    define _LIBCPP_DEPRECATED_IN_CXX17 _LIBCPP_DEPRECATED
      |                                         ^
/Library/Developer/CommandLineTools/SDKs/MacOSX.sdk/usr/include/c++/v1/__config:696:49: note: expanded from macro '_LIBCPP_DEPRECATED'
  696 | #      define _LIBCPP_DEPRECATED __attribute__((__deprecated__))
      |                                                 ^
In file included from /Users/otsunah/Documents/GitHub/VVDViewer/VVDViewer/plugin_nblast/vvd/NBLASTGuiPlugin.cpp:4:
In file included from /Users/otsunah/Documents/GitHub/VVDViewer/VVDViewer/fluorender/FluoRender/VRenderFrame.h:29:
In file included from /Users/otsunah/Documents/GitHub/VVDViewer/VVDViewer/fluorender/FluoRender/DataManager.h:29:
/Users/otsunah/Documents/GitHub/VVDViewer/VVDViewer/fluorender/FluoRender/compatibility.h:411:10: warning: 'vsprintf' is deprecated: This function is provided for compatibility reasons only.  Due to security concerns inherent in the design of sprintf(3), it is highly recommended that you use vsnprintf(3) instead. [-Wdeprecated-declarations]
  411 |         int r = vsprintf(buf, fmt, args);
      |                 ^
/Library/Developer/CommandLineTools/SDKs/MacOSX.sdk/usr/include/_stdio.h:298:1: note: 'vsprintf' has been explicitly marked deprecated here
  298 | __deprecated_msg("This function is provided for compatibility reasons only.  Due to security concerns inherent in the design of sprintf(3), it is highly recommended that you use vsnprintf(3) instead.")
      | ^
/Library/Developer/CommandLineTools/SDKs/MacOSX.sdk/usr/include/sys/cdefs.h:218:48: note: expanded from macro '__deprecated_msg'
  218 |         #define __deprecated_msg(_msg) __attribute__((__deprecated__(_msg)))
      |                                                       ^
In file included from /Users/otsunah/Documents/GitHub/VVDViewer/VVDViewer/plugin_nblast/vvd/NBLASTGuiPlugin.cpp:4:
In file included from /Users/otsunah/Documents/GitHub/VVDViewer/VVDViewer/fluorender/FluoRender/VRenderFrame.h:29:
In file included from /Users/otsunah/Documents/GitHub/VVDViewer/VVDViewer/fluorender/FluoRender/DataManager.h:38:
In file included from /Users/otsunah/Documents/GitHub/VVDViewer/VVDViewer/fluorender/FluoRender/FLIVR/MeshRenderer.h:33:
In file included from /Users/otsunah/Documents/GitHub/VVDViewer/VVDViewer/fluorender/FluoRender/FLIVR/MshShader.h:37:
In file included from /Users/otsunah/Documents/GitHub/VVDViewer/VVDViewer/fluorender/FluoRender/Vulkan/VulkanDevice.hpp:23:
/Users/otsunah/Documents/GitHub/VVDViewer/VVDViewer/fluorender/FluoRender/FLIVR/TextureBrick.h:129:7: warning: cannot delete expression with pointer-to-'void' type 'void *' [-Wdelete-incomplete]
  129 |                                                 delete[] m_nrrd->data;
      |                                                 ^        ~~~~~~~~~~~~
In file included from /Users/otsunah/Documents/GitHub/VVDViewer/VVDViewer/plugin_nblast/vvd/NBLASTGuiPlugin.cpp:4:
In file included from /Users/otsunah/Documents/GitHub/VVDViewer/VVDViewer/fluorender/FluoRender/VRenderFrame.h:29:
In file included from /Users/otsunah/Documents/GitHub/VVDViewer/VVDViewer/fluorender/FluoRender/DataManager.h:38:
In file included from /Users/otsunah/Documents/GitHub/VVDViewer/VVDViewer/fluorender/FluoRender/FLIVR/MeshRenderer.h:38:
/Users/otsunah/Documents/GitHub/VVDViewer/VVDViewer/fluorender/FluoRender/VVulkan.h:2:9: warning: 'GLM_FORCE_DEPTH_ZERO_TO_ONE' macro redefined [-Wmacro-redefined]
    2 | #define GLM_FORCE_DEPTH_ZERO_TO_ONE
      |         ^
<command line>:9:9: note: previous definition is here
    9 | #define GLM_FORCE_DEPTH_ZERO_TO_ONE 1
      |         ^
In file included from /Users/otsunah/Documents/GitHub/VVDViewer/VVDViewer/plugin_nblast/vvd/NBLASTGuiPlugin.cpp:4:
In file included from /Users/otsunah/Documents/GitHub/VVDViewer/VVDViewer/fluorender/FluoRender/VRenderFrame.h:29:
In file included from /Users/otsunah/Documents/GitHub/VVDViewer/VVDViewer/fluorender/FluoRender/DataManager.h:59:
/Users/otsunah/Documents/GitHub/VVDViewer/VVDViewer/fluorender/FluoRender/Formats/brkxml_reader.h:100:21: warning: cannot delete expression with pointer-to-'void' type 'void *' [-Wdelete-incomplete]
  100 |                     delete[] m_data;
      |                     ^        ~~~~~~
In file included from /Users/otsunah/Documents/GitHub/VVDViewer/VVDViewer/plugin_nblast/vvd/NBLASTGuiPlugin.cpp:4:
In file included from /Users/otsunah/Documents/GitHub/VVDViewer/VVDViewer/fluorender/FluoRender/VRenderFrame.h:49:
/Users/otsunah/Documents/GitHub/VVDViewer/VVDViewer/fluorender/FluoRender/MeasureDlg.h:125:9: warning: 'GetSizeAvailableForScrollTarget' overrides a member function but is not marked 'override' [-Winconsistent-missing-override]
  125 |         wxSize GetSizeAvailableForScrollTarget(const wxSize& size) {
      |                ^
/Users/otsunah/Documents/GitHub/VVDViewer/VVDViewer/build/vcpkg_installed/arm64-osx-vvd/include/wx-3.3/wx/generic/listctrl.h:228:20: note: overridden virtual function is here
  228 |     virtual wxSize GetSizeAvailableForScrollTarget(const wxSize& size) override;
      |                    ^
/Users/otsunah/Documents/GitHub/VVDViewer/VVDViewer/plugin_nblast/vvd/NBLASTGuiPlugin.cpp:226:15: warning: using the result of an assignment as a condition without parentheses [-Wparentheses]
  226 |         while (entry = zis.GetNextEntry())
      |                ~~~~~~^~~~~~~~~~~~~~~~~~~~
/Users/otsunah/Documents/GitHub/VVDViewer/VVDViewer/plugin_nblast/vvd/NBLASTGuiPlugin.cpp:226:15: note: place parentheses around the assignment to silence this warning
  226 |         while (entry = zis.GetNextEntry())
      |                      ^                   
      |                (                         )
/Users/otsunah/Documents/GitHub/VVDViewer/VVDViewer/plugin_nblast/vvd/NBLASTGuiPlugin.cpp:226:15: note: use '==' to turn this assignment into an equality comparison
  226 |         while (entry = zis.GetNextEntry())
      |                      ^
      |                      ==
10 warnings generated.
[63/74] Building CXX object CMakeFiles/NeuronAnnotatorPlugin.dir/plugin_NA/vvd/NeuronAnnotatorPluginExports.cpp.o
In file included from /Users/otsunah/Documents/GitHub/VVDViewer/VVDViewer/plugin_NA/vvd/NeuronAnnotatorPluginExports.cpp:3:
In file included from /Users/otsunah/Documents/GitHub/VVDViewer/VVDViewer/plugin_NA/vvd/NeuronAnnotatorPlugin.h:5:
In file included from /Users/otsunah/Documents/GitHub/VVDViewer/VVDViewer/fluorender/FluoRender/VRenderFrame.h:29:
In file included from /Users/otsunah/Documents/GitHub/VVDViewer/VVDViewer/fluorender/FluoRender/DataManager.h:29:
/Users/otsunah/Documents/GitHub/VVDViewer/VVDViewer/fluorender/FluoRender/compatibility.h:364:28: warning: 'codecvt_utf8_utf16<wchar_t>' is deprecated [-Wdeprecated-declarations]
  364 |         std::wstring_convert<std::codecvt_utf8_utf16<wchar_t>, wchar_t> converter;
      |                                   ^
/Library/Developer/CommandLineTools/SDKs/MacOSX.sdk/usr/include/c++/v1/codecvt:568:28: note: 'codecvt_utf8_utf16<wchar_t>' has been explicitly marked deprecated here
  568 | class _LIBCPP_TEMPLATE_VIS _LIBCPP_DEPRECATED_IN_CXX17 codecvt_utf8_utf16 : public __codecvt_utf8_utf16<_Elem> {
      |                            ^
/Library/Developer/CommandLineTools/SDKs/MacOSX.sdk/usr/include/c++/v1/__config:731:41: note: expanded from macro '_LIBCPP_DEPRECATED_IN_CXX17'
  731 | #    define _LIBCPP_DEPRECATED_IN_CXX17 _LIBCPP_DEPRECATED
      |                                         ^
/Library/Developer/CommandLineTools/SDKs/MacOSX.sdk/usr/include/c++/v1/__config:696:49: note: expanded from macro '_LIBCPP_DEPRECATED'
  696 | #      define _LIBCPP_DEPRECATED __attribute__((__deprecated__))
      |                                                 ^
In file included from /Users/otsunah/Documents/GitHub/VVDViewer/VVDViewer/plugin_NA/vvd/NeuronAnnotatorPluginExports.cpp:3:
In file included from /Users/otsunah/Documents/GitHub/VVDViewer/VVDViewer/plugin_NA/vvd/NeuronAnnotatorPlugin.h:5:
In file included from /Users/otsunah/Documents/GitHub/VVDViewer/VVDViewer/fluorender/FluoRender/VRenderFrame.h:29:
In file included from /Users/otsunah/Documents/GitHub/VVDViewer/VVDViewer/fluorender/FluoRender/DataManager.h:29:
/Users/otsunah/Documents/GitHub/VVDViewer/VVDViewer/fluorender/FluoRender/compatibility.h:364:7: warning: 'wstring_convert<std::codecvt_utf8_utf16<wchar_t>>' is deprecated [-Wdeprecated-declarations]
  364 |         std::wstring_convert<std::codecvt_utf8_utf16<wchar_t>, wchar_t> converter;
      |              ^
/Library/Developer/CommandLineTools/SDKs/MacOSX.sdk/usr/include/c++/v1/locale:3145:28: note: 'wstring_convert<std::codecvt_utf8_utf16<wchar_t>>' has been explicitly marked deprecated here
 3145 | class _LIBCPP_TEMPLATE_VIS _LIBCPP_DEPRECATED_IN_CXX17 wstring_convert {
      |                            ^
/Library/Developer/CommandLineTools/SDKs/MacOSX.sdk/usr/include/c++/v1/__config:731:41: note: expanded from macro '_LIBCPP_DEPRECATED_IN_CXX17'
  731 | #    define _LIBCPP_DEPRECATED_IN_CXX17 _LIBCPP_DEPRECATED
      |                                         ^
/Library/Developer/CommandLineTools/SDKs/MacOSX.sdk/usr/include/c++/v1/__config:696:49: note: expanded from macro '_LIBCPP_DEPRECATED'
  696 | #      define _LIBCPP_DEPRECATED __attribute__((__deprecated__))
      |                                                 ^
In file included from /Users/otsunah/Documents/GitHub/VVDViewer/VVDViewer/plugin_NA/vvd/NeuronAnnotatorPluginExports.cpp:3:
In file included from /Users/otsunah/Documents/GitHub/VVDViewer/VVDViewer/plugin_NA/vvd/NeuronAnnotatorPlugin.h:5:
In file included from /Users/otsunah/Documents/GitHub/VVDViewer/VVDViewer/fluorender/FluoRender/VRenderFrame.h:29:
In file included from /Users/otsunah/Documents/GitHub/VVDViewer/VVDViewer/fluorender/FluoRender/DataManager.h:29:
/Users/otsunah/Documents/GitHub/VVDViewer/VVDViewer/fluorender/FluoRender/compatibility.h:370:28: warning: 'codecvt_utf8_utf16<wchar_t>' is deprecated [-Wdeprecated-declarations]
  370 |         std::wstring_convert<std::codecvt_utf8_utf16<wchar_t>, wchar_t> converter;
      |                                   ^
/Library/Developer/CommandLineTools/SDKs/MacOSX.sdk/usr/include/c++/v1/codecvt:568:28: note: 'codecvt_utf8_utf16<wchar_t>' has been explicitly marked deprecated here
  568 | class _LIBCPP_TEMPLATE_VIS _LIBCPP_DEPRECATED_IN_CXX17 codecvt_utf8_utf16 : public __codecvt_utf8_utf16<_Elem> {
      |                            ^
/Library/Developer/CommandLineTools/SDKs/MacOSX.sdk/usr/include/c++/v1/__config:731:41: note: expanded from macro '_LIBCPP_DEPRECATED_IN_CXX17'
  731 | #    define _LIBCPP_DEPRECATED_IN_CXX17 _LIBCPP_DEPRECATED
      |                                         ^
/Library/Developer/CommandLineTools/SDKs/MacOSX.sdk/usr/include/c++/v1/__config:696:49: note: expanded from macro '_LIBCPP_DEPRECATED'
  696 | #      define _LIBCPP_DEPRECATED __attribute__((__deprecated__))
      |                                                 ^
In file included from /Users/otsunah/Documents/GitHub/VVDViewer/VVDViewer/plugin_NA/vvd/NeuronAnnotatorPluginExports.cpp:3:
In file included from /Users/otsunah/Documents/GitHub/VVDViewer/VVDViewer/plugin_NA/vvd/NeuronAnnotatorPlugin.h:5:
In file included from /Users/otsunah/Documents/GitHub/VVDViewer/VVDViewer/fluorender/FluoRender/VRenderFrame.h:29:
In file included from /Users/otsunah/Documents/GitHub/VVDViewer/VVDViewer/fluorender/FluoRender/DataManager.h:29:
/Users/otsunah/Documents/GitHub/VVDViewer/VVDViewer/fluorender/FluoRender/compatibility.h:370:7: warning: 'wstring_convert<std::codecvt_utf8_utf16<wchar_t>>' is deprecated [-Wdeprecated-declarations]
  370 |         std::wstring_convert<std::codecvt_utf8_utf16<wchar_t>, wchar_t> converter;
      |              ^
/Library/Developer/CommandLineTools/SDKs/MacOSX.sdk/usr/include/c++/v1/locale:3145:28: note: 'wstring_convert<std::codecvt_utf8_utf16<wchar_t>>' has been explicitly marked deprecated here
 3145 | class _LIBCPP_TEMPLATE_VIS _LIBCPP_DEPRECATED_IN_CXX17 wstring_convert {
      |                            ^
/Library/Developer/CommandLineTools/SDKs/MacOSX.sdk/usr/include/c++/v1/__config:731:41: note: expanded from macro '_LIBCPP_DEPRECATED_IN_CXX17'
  731 | #    define _LIBCPP_DEPRECATED_IN_CXX17 _LIBCPP_DEPRECATED
      |                                         ^
/Library/Developer/CommandLineTools/SDKs/MacOSX.sdk/usr/include/c++/v1/__config:696:49: note: expanded from macro '_LIBCPP_DEPRECATED'
  696 | #      define _LIBCPP_DEPRECATED __attribute__((__deprecated__))
      |                                                 ^
In file included from /Users/otsunah/Documents/GitHub/VVDViewer/VVDViewer/plugin_NA/vvd/NeuronAnnotatorPluginExports.cpp:3:
In file included from /Users/otsunah/Documents/GitHub/VVDViewer/VVDViewer/plugin_NA/vvd/NeuronAnnotatorPlugin.h:5:
In file included from /Users/otsunah/Documents/GitHub/VVDViewer/VVDViewer/fluorender/FluoRender/VRenderFrame.h:29:
In file included from /Users/otsunah/Documents/GitHub/VVDViewer/VVDViewer/fluorender/FluoRender/DataManager.h:29:
/Users/otsunah/Documents/GitHub/VVDViewer/VVDViewer/fluorender/FluoRender/compatibility.h:411:10: warning: 'vsprintf' is deprecated: This function is provided for compatibility reasons only.  Due to security concerns inherent in the design of sprintf(3), it is highly recommended that you use vsnprintf(3) instead. [-Wdeprecated-declarations]
  411 |         int r = vsprintf(buf, fmt, args);
      |                 ^
/Library/Developer/CommandLineTools/SDKs/MacOSX.sdk/usr/include/_stdio.h:298:1: note: 'vsprintf' has been explicitly marked deprecated here
  298 | __deprecated_msg("This function is provided for compatibility reasons only.  Due to security concerns inherent in the design of sprintf(3), it is highly recommended that you use vsnprintf(3) instead.")
      | ^
/Library/Developer/CommandLineTools/SDKs/MacOSX.sdk/usr/include/sys/cdefs.h:218:48: note: expanded from macro '__deprecated_msg'
  218 |         #define __deprecated_msg(_msg) __attribute__((__deprecated__(_msg)))
      |                                                       ^
In file included from /Users/otsunah/Documents/GitHub/VVDViewer/VVDViewer/plugin_NA/vvd/NeuronAnnotatorPluginExports.cpp:3:
In file included from /Users/otsunah/Documents/GitHub/VVDViewer/VVDViewer/plugin_NA/vvd/NeuronAnnotatorPlugin.h:5:
In file included from /Users/otsunah/Documents/GitHub/VVDViewer/VVDViewer/fluorender/FluoRender/VRenderFrame.h:29:
In file included from /Users/otsunah/Documents/GitHub/VVDViewer/VVDViewer/fluorender/FluoRender/DataManager.h:38:
In file included from /Users/otsunah/Documents/GitHub/VVDViewer/VVDViewer/fluorender/FluoRender/FLIVR/MeshRenderer.h:33:
In file included from /Users/otsunah/Documents/GitHub/VVDViewer/VVDViewer/fluorender/FluoRender/FLIVR/MshShader.h:37:
In file included from /Users/otsunah/Documents/GitHub/VVDViewer/VVDViewer/fluorender/FluoRender/Vulkan/VulkanDevice.hpp:23:
/Users/otsunah/Documents/GitHub/VVDViewer/VVDViewer/fluorender/FluoRender/FLIVR/TextureBrick.h:129:7: warning: cannot delete expression with pointer-to-'void' type 'void *' [-Wdelete-incomplete]
  129 |                                                 delete[] m_nrrd->data;
      |                                                 ^        ~~~~~~~~~~~~
In file included from /Users/otsunah/Documents/GitHub/VVDViewer/VVDViewer/plugin_NA/vvd/NeuronAnnotatorPluginExports.cpp:3:
In file included from /Users/otsunah/Documents/GitHub/VVDViewer/VVDViewer/plugin_NA/vvd/NeuronAnnotatorPlugin.h:5:
In file included from /Users/otsunah/Documents/GitHub/VVDViewer/VVDViewer/fluorender/FluoRender/VRenderFrame.h:29:
In file included from /Users/otsunah/Documents/GitHub/VVDViewer/VVDViewer/fluorender/FluoRender/DataManager.h:38:
In file included from /Users/otsunah/Documents/GitHub/VVDViewer/VVDViewer/fluorender/FluoRender/FLIVR/MeshRenderer.h:38:
/Users/otsunah/Documents/GitHub/VVDViewer/VVDViewer/fluorender/FluoRender/VVulkan.h:2:9: warning: 'GLM_FORCE_DEPTH_ZERO_TO_ONE' macro redefined [-Wmacro-redefined]
    2 | #define GLM_FORCE_DEPTH_ZERO_TO_ONE
      |         ^
<command line>:9:9: note: previous definition is here
    9 | #define GLM_FORCE_DEPTH_ZERO_TO_ONE 1
      |         ^
In file included from /Users/otsunah/Documents/GitHub/VVDViewer/VVDViewer/plugin_NA/vvd/NeuronAnnotatorPluginExports.cpp:3:
In file included from /Users/otsunah/Documents/GitHub/VVDViewer/VVDViewer/plugin_NA/vvd/NeuronAnnotatorPlugin.h:5:
In file included from /Users/otsunah/Documents/GitHub/VVDViewer/VVDViewer/fluorender/FluoRender/VRenderFrame.h:29:
In file included from /Users/otsunah/Documents/GitHub/VVDViewer/VVDViewer/fluorender/FluoRender/DataManager.h:59:
/Users/otsunah/Documents/GitHub/VVDViewer/VVDViewer/fluorender/FluoRender/Formats/brkxml_reader.h:100:21: warning: cannot delete expression with pointer-to-'void' type 'void *' [-Wdelete-incomplete]
  100 |                     delete[] m_data;
      |                     ^        ~~~~~~
In file included from /Users/otsunah/Documents/GitHub/VVDViewer/VVDViewer/plugin_NA/vvd/NeuronAnnotatorPluginExports.cpp:3:
In file included from /Users/otsunah/Documents/GitHub/VVDViewer/VVDViewer/plugin_NA/vvd/NeuronAnnotatorPlugin.h:5:
In file included from /Users/otsunah/Documents/GitHub/VVDViewer/VVDViewer/fluorender/FluoRender/VRenderFrame.h:49:
/Users/otsunah/Documents/GitHub/VVDViewer/VVDViewer/fluorender/FluoRender/MeasureDlg.h:125:9: warning: 'GetSizeAvailableForScrollTarget' overrides a member function but is not marked 'override' [-Winconsistent-missing-override]
  125 |         wxSize GetSizeAvailableForScrollTarget(const wxSize& size) {
      |                ^
/Users/otsunah/Documents/GitHub/VVDViewer/VVDViewer/build/vcpkg_installed/arm64-osx-vvd/include/wx-3.3/wx/generic/listctrl.h:228:20: note: overridden virtual function is here
  228 |     virtual wxSize GetSizeAvailableForScrollTarget(const wxSize& size) override;
      |                    ^
9 warnings generated.
[64/74] Building CXX object CMakeFiles/NeuronAnnotatorPlugin.dir/plugin_NA/vvd/NeuronAnnotatorPluginWindow.cpp.o
In file included from /Users/otsunah/Documents/GitHub/VVDViewer/VVDViewer/plugin_NA/vvd/NeuronAnnotatorPluginWindow.cpp:13:
In file included from /Users/otsunah/Documents/GitHub/VVDViewer/VVDViewer/plugin_NA/vvd/NeuronAnnotatorPlugin.h:5:
In file included from /Users/otsunah/Documents/GitHub/VVDViewer/VVDViewer/fluorender/FluoRender/VRenderFrame.h:29:
In file included from /Users/otsunah/Documents/GitHub/VVDViewer/VVDViewer/fluorender/FluoRender/DataManager.h:29:
/Users/otsunah/Documents/GitHub/VVDViewer/VVDViewer/fluorender/FluoRender/compatibility.h:364:28: warning: 'codecvt_utf8_utf16<wchar_t>' is deprecated [-Wdeprecated-declarations]
  364 |         std::wstring_convert<std::codecvt_utf8_utf16<wchar_t>, wchar_t> converter;
      |                                   ^
/Library/Developer/CommandLineTools/SDKs/MacOSX.sdk/usr/include/c++/v1/codecvt:568:28: note: 'codecvt_utf8_utf16<wchar_t>' has been explicitly marked deprecated here
  568 | class _LIBCPP_TEMPLATE_VIS _LIBCPP_DEPRECATED_IN_CXX17 codecvt_utf8_utf16 : public __codecvt_utf8_utf16<_Elem> {
      |                            ^
/Library/Developer/CommandLineTools/SDKs/MacOSX.sdk/usr/include/c++/v1/__config:731:41: note: expanded from macro '_LIBCPP_DEPRECATED_IN_CXX17'
  731 | #    define _LIBCPP_DEPRECATED_IN_CXX17 _LIBCPP_DEPRECATED
      |                                         ^
/Library/Developer/CommandLineTools/SDKs/MacOSX.sdk/usr/include/c++/v1/__config:696:49: note: expanded from macro '_LIBCPP_DEPRECATED'
  696 | #      define _LIBCPP_DEPRECATED __attribute__((__deprecated__))
      |                                                 ^
In file included from /Users/otsunah/Documents/GitHub/VVDViewer/VVDViewer/plugin_NA/vvd/NeuronAnnotatorPluginWindow.cpp:13:
In file included from /Users/otsunah/Documents/GitHub/VVDViewer/VVDViewer/plugin_NA/vvd/NeuronAnnotatorPlugin.h:5:
In file included from /Users/otsunah/Documents/GitHub/VVDViewer/VVDViewer/fluorender/FluoRender/VRenderFrame.h:29:
In file included from /Users/otsunah/Documents/GitHub/VVDViewer/VVDViewer/fluorender/FluoRender/DataManager.h:29:
/Users/otsunah/Documents/GitHub/VVDViewer/VVDViewer/fluorender/FluoRender/compatibility.h:364:7: warning: 'wstring_convert<std::codecvt_utf8_utf16<wchar_t>>' is deprecated [-Wdeprecated-declarations]
  364 |         std::wstring_convert<std::codecvt_utf8_utf16<wchar_t>, wchar_t> converter;
      |              ^
/Library/Developer/CommandLineTools/SDKs/MacOSX.sdk/usr/include/c++/v1/locale:3145:28: note: 'wstring_convert<std::codecvt_utf8_utf16<wchar_t>>' has been explicitly marked deprecated here
 3145 | class _LIBCPP_TEMPLATE_VIS _LIBCPP_DEPRECATED_IN_CXX17 wstring_convert {
      |                            ^
/Library/Developer/CommandLineTools/SDKs/MacOSX.sdk/usr/include/c++/v1/__config:731:41: note: expanded from macro '_LIBCPP_DEPRECATED_IN_CXX17'
  731 | #    define _LIBCPP_DEPRECATED_IN_CXX17 _LIBCPP_DEPRECATED
      |                                         ^
/Library/Developer/CommandLineTools/SDKs/MacOSX.sdk/usr/include/c++/v1/__config:696:49: note: expanded from macro '_LIBCPP_DEPRECATED'
  696 | #      define _LIBCPP_DEPRECATED __attribute__((__deprecated__))
      |                                                 ^
In file included from /Users/otsunah/Documents/GitHub/VVDViewer/VVDViewer/plugin_NA/vvd/NeuronAnnotatorPluginWindow.cpp:13:
In file included from /Users/otsunah/Documents/GitHub/VVDViewer/VVDViewer/plugin_NA/vvd/NeuronAnnotatorPlugin.h:5:
In file included from /Users/otsunah/Documents/GitHub/VVDViewer/VVDViewer/fluorender/FluoRender/VRenderFrame.h:29:
In file included from /Users/otsunah/Documents/GitHub/VVDViewer/VVDViewer/fluorender/FluoRender/DataManager.h:29:
/Users/otsunah/Documents/GitHub/VVDViewer/VVDViewer/fluorender/FluoRender/compatibility.h:370:28: warning: 'codecvt_utf8_utf16<wchar_t>' is deprecated [-Wdeprecated-declarations]
  370 |         std::wstring_convert<std::codecvt_utf8_utf16<wchar_t>, wchar_t> converter;
      |                                   ^
/Library/Developer/CommandLineTools/SDKs/MacOSX.sdk/usr/include/c++/v1/codecvt:568:28: note: 'codecvt_utf8_utf16<wchar_t>' has been explicitly marked deprecated here
  568 | class _LIBCPP_TEMPLATE_VIS _LIBCPP_DEPRECATED_IN_CXX17 codecvt_utf8_utf16 : public __codecvt_utf8_utf16<_Elem> {
      |                            ^
/Library/Developer/CommandLineTools/SDKs/MacOSX.sdk/usr/include/c++/v1/__config:731:41: note: expanded from macro '_LIBCPP_DEPRECATED_IN_CXX17'
  731 | #    define _LIBCPP_DEPRECATED_IN_CXX17 _LIBCPP_DEPRECATED
      |                                         ^
/Library/Developer/CommandLineTools/SDKs/MacOSX.sdk/usr/include/c++/v1/__config:696:49: note: expanded from macro '_LIBCPP_DEPRECATED'
  696 | #      define _LIBCPP_DEPRECATED __attribute__((__deprecated__))
      |                                                 ^
In file included from /Users/otsunah/Documents/GitHub/VVDViewer/VVDViewer/plugin_NA/vvd/NeuronAnnotatorPluginWindow.cpp:13:
In file included from /Users/otsunah/Documents/GitHub/VVDViewer/VVDViewer/plugin_NA/vvd/NeuronAnnotatorPlugin.h:5:
In file included from /Users/otsunah/Documents/GitHub/VVDViewer/VVDViewer/fluorender/FluoRender/VRenderFrame.h:29:
In file included from /Users/otsunah/Documents/GitHub/VVDViewer/VVDViewer/fluorender/FluoRender/DataManager.h:29:
/Users/otsunah/Documents/GitHub/VVDViewer/VVDViewer/fluorender/FluoRender/compatibility.h:370:7: warning: 'wstring_convert<std::codecvt_utf8_utf16<wchar_t>>' is deprecated [-Wdeprecated-declarations]
  370 |         std::wstring_convert<std::codecvt_utf8_utf16<wchar_t>, wchar_t> converter;
      |              ^
/Library/Developer/CommandLineTools/SDKs/MacOSX.sdk/usr/include/c++/v1/locale:3145:28: note: 'wstring_convert<std::codecvt_utf8_utf16<wchar_t>>' has been explicitly marked deprecated here
 3145 | class _LIBCPP_TEMPLATE_VIS _LIBCPP_DEPRECATED_IN_CXX17 wstring_convert {
      |                            ^
/Library/Developer/CommandLineTools/SDKs/MacOSX.sdk/usr/include/c++/v1/__config:731:41: note: expanded from macro '_LIBCPP_DEPRECATED_IN_CXX17'
  731 | #    define _LIBCPP_DEPRECATED_IN_CXX17 _LIBCPP_DEPRECATED
      |                                         ^
/Library/Developer/CommandLineTools/SDKs/MacOSX.sdk/usr/include/c++/v1/__config:696:49: note: expanded from macro '_LIBCPP_DEPRECATED'
  696 | #      define _LIBCPP_DEPRECATED __attribute__((__deprecated__))
      |                                                 ^
In file included from /Users/otsunah/Documents/GitHub/VVDViewer/VVDViewer/plugin_NA/vvd/NeuronAnnotatorPluginWindow.cpp:13:
In file included from /Users/otsunah/Documents/GitHub/VVDViewer/VVDViewer/plugin_NA/vvd/NeuronAnnotatorPlugin.h:5:
In file included from /Users/otsunah/Documents/GitHub/VVDViewer/VVDViewer/fluorender/FluoRender/VRenderFrame.h:29:
In file included from /Users/otsunah/Documents/GitHub/VVDViewer/VVDViewer/fluorender/FluoRender/DataManager.h:29:
/Users/otsunah/Documents/GitHub/VVDViewer/VVDViewer/fluorender/FluoRender/compatibility.h:411:10: warning: 'vsprintf' is deprecated: This function is provided for compatibility reasons only.  Due to security concerns inherent in the design of sprintf(3), it is highly recommended that you use vsnprintf(3) instead. [-Wdeprecated-declarations]
  411 |         int r = vsprintf(buf, fmt, args);
      |                 ^
/Library/Developer/CommandLineTools/SDKs/MacOSX.sdk/usr/include/_stdio.h:298:1: note: 'vsprintf' has been explicitly marked deprecated here
  298 | __deprecated_msg("This function is provided for compatibility reasons only.  Due to security concerns inherent in the design of sprintf(3), it is highly recommended that you use vsnprintf(3) instead.")
      | ^
/Library/Developer/CommandLineTools/SDKs/MacOSX.sdk/usr/include/sys/cdefs.h:218:48: note: expanded from macro '__deprecated_msg'
  218 |         #define __deprecated_msg(_msg) __attribute__((__deprecated__(_msg)))
      |                                                       ^
In file included from /Users/otsunah/Documents/GitHub/VVDViewer/VVDViewer/plugin_NA/vvd/NeuronAnnotatorPluginWindow.cpp:13:
In file included from /Users/otsunah/Documents/GitHub/VVDViewer/VVDViewer/plugin_NA/vvd/NeuronAnnotatorPlugin.h:5:
In file included from /Users/otsunah/Documents/GitHub/VVDViewer/VVDViewer/fluorender/FluoRender/VRenderFrame.h:29:
In file included from /Users/otsunah/Documents/GitHub/VVDViewer/VVDViewer/fluorender/FluoRender/DataManager.h:38:
In file included from /Users/otsunah/Documents/GitHub/VVDViewer/VVDViewer/fluorender/FluoRender/FLIVR/MeshRenderer.h:33:
In file included from /Users/otsunah/Documents/GitHub/VVDViewer/VVDViewer/fluorender/FluoRender/FLIVR/MshShader.h:37:
In file included from /Users/otsunah/Documents/GitHub/VVDViewer/VVDViewer/fluorender/FluoRender/Vulkan/VulkanDevice.hpp:23:
/Users/otsunah/Documents/GitHub/VVDViewer/VVDViewer/fluorender/FluoRender/FLIVR/TextureBrick.h:129:7: warning: cannot delete expression with pointer-to-'void' type 'void *' [-Wdelete-incomplete]
  129 |                                                 delete[] m_nrrd->data;
      |                                                 ^        ~~~~~~~~~~~~
In file included from /Users/otsunah/Documents/GitHub/VVDViewer/VVDViewer/plugin_NA/vvd/NeuronAnnotatorPluginWindow.cpp:13:
In file included from /Users/otsunah/Documents/GitHub/VVDViewer/VVDViewer/plugin_NA/vvd/NeuronAnnotatorPlugin.h:5:
In file included from /Users/otsunah/Documents/GitHub/VVDViewer/VVDViewer/fluorender/FluoRender/VRenderFrame.h:29:
In file included from /Users/otsunah/Documents/GitHub/VVDViewer/VVDViewer/fluorender/FluoRender/DataManager.h:38:
In file included from /Users/otsunah/Documents/GitHub/VVDViewer/VVDViewer/fluorender/FluoRender/FLIVR/MeshRenderer.h:38:
/Users/otsunah/Documents/GitHub/VVDViewer/VVDViewer/fluorender/FluoRender/VVulkan.h:2:9: warning: 'GLM_FORCE_DEPTH_ZERO_TO_ONE' macro redefined [-Wmacro-redefined]
    2 | #define GLM_FORCE_DEPTH_ZERO_TO_ONE
      |         ^
<command line>:9:9: note: previous definition is here
    9 | #define GLM_FORCE_DEPTH_ZERO_TO_ONE 1
      |         ^
In file included from /Users/otsunah/Documents/GitHub/VVDViewer/VVDViewer/plugin_NA/vvd/NeuronAnnotatorPluginWindow.cpp:13:
In file included from /Users/otsunah/Documents/GitHub/VVDViewer/VVDViewer/plugin_NA/vvd/NeuronAnnotatorPlugin.h:5:
In file included from /Users/otsunah/Documents/GitHub/VVDViewer/VVDViewer/fluorender/FluoRender/VRenderFrame.h:29:
In file included from /Users/otsunah/Documents/GitHub/VVDViewer/VVDViewer/fluorender/FluoRender/DataManager.h:59:
/Users/otsunah/Documents/GitHub/VVDViewer/VVDViewer/fluorender/FluoRender/Formats/brkxml_reader.h:100:21: warning: cannot delete expression with pointer-to-'void' type 'void *' [-Wdelete-incomplete]
  100 |                     delete[] m_data;
      |                     ^        ~~~~~~
In file included from /Users/otsunah/Documents/GitHub/VVDViewer/VVDViewer/plugin_NA/vvd/NeuronAnnotatorPluginWindow.cpp:13:
In file included from /Users/otsunah/Documents/GitHub/VVDViewer/VVDViewer/plugin_NA/vvd/NeuronAnnotatorPlugin.h:5:
In file included from /Users/otsunah/Documents/GitHub/VVDViewer/VVDViewer/fluorender/FluoRender/VRenderFrame.h:49:
/Users/otsunah/Documents/GitHub/VVDViewer/VVDViewer/fluorender/FluoRender/MeasureDlg.h:125:9: warning: 'GetSizeAvailableForScrollTarget' overrides a member function but is not marked 'override' [-Winconsistent-missing-override]
  125 |         wxSize GetSizeAvailableForScrollTarget(const wxSize& size) {
      |                ^
/Users/otsunah/Documents/GitHub/VVDViewer/VVDViewer/build/vcpkg_installed/arm64-osx-vvd/include/wx-3.3/wx/generic/listctrl.h:228:20: note: overridden virtual function is here
  228 |     virtual wxSize GetSizeAvailableForScrollTarget(const wxSize& size) override;
      |                    ^
/Users/otsunah/Documents/GitHub/VVDViewer/VVDViewer/plugin_NA/vvd/NeuronAnnotatorPluginWindow.cpp:351:2: warning: expression result unused [-Wunused-value]
  351 |         itemCol;
      |         ^~~~~~~
10 warnings generated.
[65/74] Building CXX object CMakeFiles/VVDViewer.dir/fluorender/FluoRender/Main.cpp.o
In file included from /Users/otsunah/Documents/GitHub/VVDViewer/VVDViewer/fluorender/FluoRender/Main.cpp:38:
In file included from /Users/otsunah/Documents/GitHub/VVDViewer/VVDViewer/fluorender/FluoRender/VRenderFrame.h:29:
In file included from /Users/otsunah/Documents/GitHub/VVDViewer/VVDViewer/fluorender/FluoRender/DataManager.h:29:
/Users/otsunah/Documents/GitHub/VVDViewer/VVDViewer/fluorender/FluoRender/compatibility.h:364:28: warning: 'codecvt_utf8_utf16<wchar_t>' is deprecated [-Wdeprecated-declarations]
  364 |         std::wstring_convert<std::codecvt_utf8_utf16<wchar_t>, wchar_t> converter;
      |                                   ^
/Library/Developer/CommandLineTools/SDKs/MacOSX.sdk/usr/include/c++/v1/codecvt:568:28: note: 'codecvt_utf8_utf16<wchar_t>' has been explicitly marked deprecated here
  568 | class _LIBCPP_TEMPLATE_VIS _LIBCPP_DEPRECATED_IN_CXX17 codecvt_utf8_utf16 : public __codecvt_utf8_utf16<_Elem> {
      |                            ^
/Library/Developer/CommandLineTools/SDKs/MacOSX.sdk/usr/include/c++/v1/__config:731:41: note: expanded from macro '_LIBCPP_DEPRECATED_IN_CXX17'
  731 | #    define _LIBCPP_DEPRECATED_IN_CXX17 _LIBCPP_DEPRECATED
      |                                         ^
/Library/Developer/CommandLineTools/SDKs/MacOSX.sdk/usr/include/c++/v1/__config:696:49: note: expanded from macro '_LIBCPP_DEPRECATED'
  696 | #      define _LIBCPP_DEPRECATED __attribute__((__deprecated__))
      |                                                 ^
In file included from /Users/otsunah/Documents/GitHub/VVDViewer/VVDViewer/fluorender/FluoRender/Main.cpp:38:
In file included from /Users/otsunah/Documents/GitHub/VVDViewer/VVDViewer/fluorender/FluoRender/VRenderFrame.h:29:
In file included from /Users/otsunah/Documents/GitHub/VVDViewer/VVDViewer/fluorender/FluoRender/DataManager.h:29:
/Users/otsunah/Documents/GitHub/VVDViewer/VVDViewer/fluorender/FluoRender/compatibility.h:364:7: warning: 'wstring_convert<std::codecvt_utf8_utf16<wchar_t>>' is deprecated [-Wdeprecated-declarations]
  364 |         std::wstring_convert<std::codecvt_utf8_utf16<wchar_t>, wchar_t> converter;
      |              ^
/Library/Developer/CommandLineTools/SDKs/MacOSX.sdk/usr/include/c++/v1/locale:3145:28: note: 'wstring_convert<std::codecvt_utf8_utf16<wchar_t>>' has been explicitly marked deprecated here
 3145 | class _LIBCPP_TEMPLATE_VIS _LIBCPP_DEPRECATED_IN_CXX17 wstring_convert {
      |                            ^
/Library/Developer/CommandLineTools/SDKs/MacOSX.sdk/usr/include/c++/v1/__config:731:41: note: expanded from macro '_LIBCPP_DEPRECATED_IN_CXX17'
  731 | #    define _LIBCPP_DEPRECATED_IN_CXX17 _LIBCPP_DEPRECATED
      |                                         ^
/Library/Developer/CommandLineTools/SDKs/MacOSX.sdk/usr/include/c++/v1/__config:696:49: note: expanded from macro '_LIBCPP_DEPRECATED'
  696 | #      define _LIBCPP_DEPRECATED __attribute__((__deprecated__))
      |                                                 ^
In file included from /Users/otsunah/Documents/GitHub/VVDViewer/VVDViewer/fluorender/FluoRender/Main.cpp:38:
In file included from /Users/otsunah/Documents/GitHub/VVDViewer/VVDViewer/fluorender/FluoRender/VRenderFrame.h:29:
In file included from /Users/otsunah/Documents/GitHub/VVDViewer/VVDViewer/fluorender/FluoRender/DataManager.h:29:
/Users/otsunah/Documents/GitHub/VVDViewer/VVDViewer/fluorender/FluoRender/compatibility.h:370:28: warning: 'codecvt_utf8_utf16<wchar_t>' is deprecated [-Wdeprecated-declarations]
  370 |         std::wstring_convert<std::codecvt_utf8_utf16<wchar_t>, wchar_t> converter;
      |                                   ^
/Library/Developer/CommandLineTools/SDKs/MacOSX.sdk/usr/include/c++/v1/codecvt:568:28: note: 'codecvt_utf8_utf16<wchar_t>' has been explicitly marked deprecated here
  568 | class _LIBCPP_TEMPLATE_VIS _LIBCPP_DEPRECATED_IN_CXX17 codecvt_utf8_utf16 : public __codecvt_utf8_utf16<_Elem> {
      |                            ^
/Library/Developer/CommandLineTools/SDKs/MacOSX.sdk/usr/include/c++/v1/__config:731:41: note: expanded from macro '_LIBCPP_DEPRECATED_IN_CXX17'
  731 | #    define _LIBCPP_DEPRECATED_IN_CXX17 _LIBCPP_DEPRECATED
      |                                         ^
/Library/Developer/CommandLineTools/SDKs/MacOSX.sdk/usr/include/c++/v1/__config:696:49: note: expanded from macro '_LIBCPP_DEPRECATED'
  696 | #      define _LIBCPP_DEPRECATED __attribute__((__deprecated__))
      |                                                 ^
In file included from /Users/otsunah/Documents/GitHub/VVDViewer/VVDViewer/fluorender/FluoRender/Main.cpp:38:
In file included from /Users/otsunah/Documents/GitHub/VVDViewer/VVDViewer/fluorender/FluoRender/VRenderFrame.h:29:
In file included from /Users/otsunah/Documents/GitHub/VVDViewer/VVDViewer/fluorender/FluoRender/DataManager.h:29:
/Users/otsunah/Documents/GitHub/VVDViewer/VVDViewer/fluorender/FluoRender/compatibility.h:370:7: warning: 'wstring_convert<std::codecvt_utf8_utf16<wchar_t>>' is deprecated [-Wdeprecated-declarations]
  370 |         std::wstring_convert<std::codecvt_utf8_utf16<wchar_t>, wchar_t> converter;
      |              ^
/Library/Developer/CommandLineTools/SDKs/MacOSX.sdk/usr/include/c++/v1/locale:3145:28: note: 'wstring_convert<std::codecvt_utf8_utf16<wchar_t>>' has been explicitly marked deprecated here
 3145 | class _LIBCPP_TEMPLATE_VIS _LIBCPP_DEPRECATED_IN_CXX17 wstring_convert {
      |                            ^
/Library/Developer/CommandLineTools/SDKs/MacOSX.sdk/usr/include/c++/v1/__config:731:41: note: expanded from macro '_LIBCPP_DEPRECATED_IN_CXX17'
  731 | #    define _LIBCPP_DEPRECATED_IN_CXX17 _LIBCPP_DEPRECATED
      |                                         ^
/Library/Developer/CommandLineTools/SDKs/MacOSX.sdk/usr/include/c++/v1/__config:696:49: note: expanded from macro '_LIBCPP_DEPRECATED'
  696 | #      define _LIBCPP_DEPRECATED __attribute__((__deprecated__))
      |                                                 ^
In file included from /Users/otsunah/Documents/GitHub/VVDViewer/VVDViewer/fluorender/FluoRender/Main.cpp:38:
In file included from /Users/otsunah/Documents/GitHub/VVDViewer/VVDViewer/fluorender/FluoRender/VRenderFrame.h:29:
In file included from /Users/otsunah/Documents/GitHub/VVDViewer/VVDViewer/fluorender/FluoRender/DataManager.h:29:
/Users/otsunah/Documents/GitHub/VVDViewer/VVDViewer/fluorender/FluoRender/compatibility.h:411:10: warning: 'vsprintf' is deprecated: This function is provided for compatibility reasons only.  Due to security concerns inherent in the design of sprintf(3), it is highly recommended that you use vsnprintf(3) instead. [-Wdeprecated-declarations]
  411 |         int r = vsprintf(buf, fmt, args);
      |                 ^
/Library/Developer/CommandLineTools/SDKs/MacOSX.sdk/usr/include/_stdio.h:298:1: note: 'vsprintf' has been explicitly marked deprecated here
  298 | __deprecated_msg("This function is provided for compatibility reasons only.  Due to security concerns inherent in the design of sprintf(3), it is highly recommended that you use vsnprintf(3) instead.")
      | ^
/Library/Developer/CommandLineTools/SDKs/MacOSX.sdk/usr/include/sys/cdefs.h:218:48: note: expanded from macro '__deprecated_msg'
  218 |         #define __deprecated_msg(_msg) __attribute__((__deprecated__(_msg)))
      |                                                       ^
In file included from /Users/otsunah/Documents/GitHub/VVDViewer/VVDViewer/fluorender/FluoRender/Main.cpp:38:
In file included from /Users/otsunah/Documents/GitHub/VVDViewer/VVDViewer/fluorender/FluoRender/VRenderFrame.h:29:
In file included from /Users/otsunah/Documents/GitHub/VVDViewer/VVDViewer/fluorender/FluoRender/DataManager.h:38:
In file included from /Users/otsunah/Documents/GitHub/VVDViewer/VVDViewer/fluorender/FluoRender/FLIVR/MeshRenderer.h:33:
In file included from /Users/otsunah/Documents/GitHub/VVDViewer/VVDViewer/fluorender/FluoRender/FLIVR/MshShader.h:37:
In file included from /Users/otsunah/Documents/GitHub/VVDViewer/VVDViewer/fluorender/FluoRender/Vulkan/VulkanDevice.hpp:23:
/Users/otsunah/Documents/GitHub/VVDViewer/VVDViewer/fluorender/FluoRender/FLIVR/TextureBrick.h:129:7: warning: cannot delete expression with pointer-to-'void' type 'void *' [-Wdelete-incomplete]
  129 |                                                 delete[] m_nrrd->data;
      |                                                 ^        ~~~~~~~~~~~~
In file included from /Users/otsunah/Documents/GitHub/VVDViewer/VVDViewer/fluorender/FluoRender/Main.cpp:38:
In file included from /Users/otsunah/Documents/GitHub/VVDViewer/VVDViewer/fluorender/FluoRender/VRenderFrame.h:29:
In file included from /Users/otsunah/Documents/GitHub/VVDViewer/VVDViewer/fluorender/FluoRender/DataManager.h:38:
In file included from /Users/otsunah/Documents/GitHub/VVDViewer/VVDViewer/fluorender/FluoRender/FLIVR/MeshRenderer.h:38:
/Users/otsunah/Documents/GitHub/VVDViewer/VVDViewer/fluorender/FluoRender/VVulkan.h:2:9: warning: 'GLM_FORCE_DEPTH_ZERO_TO_ONE' macro redefined [-Wmacro-redefined]
    2 | #define GLM_FORCE_DEPTH_ZERO_TO_ONE
      |         ^
<command line>:9:9: note: previous definition is here
    9 | #define GLM_FORCE_DEPTH_ZERO_TO_ONE 1
      |         ^
In file included from /Users/otsunah/Documents/GitHub/VVDViewer/VVDViewer/fluorender/FluoRender/Main.cpp:38:
In file included from /Users/otsunah/Documents/GitHub/VVDViewer/VVDViewer/fluorender/FluoRender/VRenderFrame.h:29:
In file included from /Users/otsunah/Documents/GitHub/VVDViewer/VVDViewer/fluorender/FluoRender/DataManager.h:59:
/Users/otsunah/Documents/GitHub/VVDViewer/VVDViewer/fluorender/FluoRender/Formats/brkxml_reader.h:100:21: warning: cannot delete expression with pointer-to-'void' type 'void *' [-Wdelete-incomplete]
  100 |                     delete[] m_data;
      |                     ^        ~~~~~~
In file included from /Users/otsunah/Documents/GitHub/VVDViewer/VVDViewer/fluorender/FluoRender/Main.cpp:38:
In file included from /Users/otsunah/Documents/GitHub/VVDViewer/VVDViewer/fluorender/FluoRender/VRenderFrame.h:49:
/Users/otsunah/Documents/GitHub/VVDViewer/VVDViewer/fluorender/FluoRender/MeasureDlg.h:125:9: warning: 'GetSizeAvailableForScrollTarget' overrides a member function but is not marked 'override' [-Winconsistent-missing-override]
  125 |         wxSize GetSizeAvailableForScrollTarget(const wxSize& size) {
      |                ^
/Users/otsunah/Documents/GitHub/VVDViewer/VVDViewer/build/vcpkg_installed/arm64-osx-vvd/include/wx-3.3/wx/generic/listctrl.h:228:20: note: overridden virtual function is here
  228 |     virtual wxSize GetSizeAvailableForScrollTarget(const wxSize& size) override;
      |                    ^
9 warnings generated.
[66/74] Building CXX object CMakeFiles/NBLASTGuiPlugin.dir/plugin_nblast/vvd/NBLASTGuiPluginWindow.cpp.o
In file included from /Users/otsunah/Documents/GitHub/VVDViewer/VVDViewer/plugin_nblast/vvd/NBLASTGuiPluginWindow.cpp:15:
In file included from /Users/otsunah/Documents/GitHub/VVDViewer/VVDViewer/fluorender/FluoRender/VRenderFrame.h:29:
In file included from /Users/otsunah/Documents/GitHub/VVDViewer/VVDViewer/fluorender/FluoRender/DataManager.h:29:
/Users/otsunah/Documents/GitHub/VVDViewer/VVDViewer/fluorender/FluoRender/compatibility.h:364:28: warning: 'codecvt_utf8_utf16<wchar_t>' is deprecated [-Wdeprecated-declarations]
  364 |         std::wstring_convert<std::codecvt_utf8_utf16<wchar_t>, wchar_t> converter;
      |                                   ^
/Library/Developer/CommandLineTools/SDKs/MacOSX.sdk/usr/include/c++/v1/codecvt:568:28: note: 'codecvt_utf8_utf16<wchar_t>' has been explicitly marked deprecated here
  568 | class _LIBCPP_TEMPLATE_VIS _LIBCPP_DEPRECATED_IN_CXX17 codecvt_utf8_utf16 : public __codecvt_utf8_utf16<_Elem> {
      |                            ^
/Library/Developer/CommandLineTools/SDKs/MacOSX.sdk/usr/include/c++/v1/__config:731:41: note: expanded from macro '_LIBCPP_DEPRECATED_IN_CXX17'
  731 | #    define _LIBCPP_DEPRECATED_IN_CXX17 _LIBCPP_DEPRECATED
      |                                         ^
/Library/Developer/CommandLineTools/SDKs/MacOSX.sdk/usr/include/c++/v1/__config:696:49: note: expanded from macro '_LIBCPP_DEPRECATED'
  696 | #      define _LIBCPP_DEPRECATED __attribute__((__deprecated__))
      |                                                 ^
In file included from /Users/otsunah/Documents/GitHub/VVDViewer/VVDViewer/plugin_nblast/vvd/NBLASTGuiPluginWindow.cpp:15:
In file included from /Users/otsunah/Documents/GitHub/VVDViewer/VVDViewer/fluorender/FluoRender/VRenderFrame.h:29:
In file included from /Users/otsunah/Documents/GitHub/VVDViewer/VVDViewer/fluorender/FluoRender/DataManager.h:29:
/Users/otsunah/Documents/GitHub/VVDViewer/VVDViewer/fluorender/FluoRender/compatibility.h:364:7: warning: 'wstring_convert<std::codecvt_utf8_utf16<wchar_t>>' is deprecated [-Wdeprecated-declarations]
  364 |         std::wstring_convert<std::codecvt_utf8_utf16<wchar_t>, wchar_t> converter;
      |              ^
/Library/Developer/CommandLineTools/SDKs/MacOSX.sdk/usr/include/c++/v1/locale:3145:28: note: 'wstring_convert<std::codecvt_utf8_utf16<wchar_t>>' has been explicitly marked deprecated here
 3145 | class _LIBCPP_TEMPLATE_VIS _LIBCPP_DEPRECATED_IN_CXX17 wstring_convert {
      |                            ^
/Library/Developer/CommandLineTools/SDKs/MacOSX.sdk/usr/include/c++/v1/__config:731:41: note: expanded from macro '_LIBCPP_DEPRECATED_IN_CXX17'
  731 | #    define _LIBCPP_DEPRECATED_IN_CXX17 _LIBCPP_DEPRECATED
      |                                         ^
/Library/Developer/CommandLineTools/SDKs/MacOSX.sdk/usr/include/c++/v1/__config:696:49: note: expanded from macro '_LIBCPP_DEPRECATED'
  696 | #      define _LIBCPP_DEPRECATED __attribute__((__deprecated__))
      |                                                 ^
In file included from /Users/otsunah/Documents/GitHub/VVDViewer/VVDViewer/plugin_nblast/vvd/NBLASTGuiPluginWindow.cpp:15:
In file included from /Users/otsunah/Documents/GitHub/VVDViewer/VVDViewer/fluorender/FluoRender/VRenderFrame.h:29:
In file included from /Users/otsunah/Documents/GitHub/VVDViewer/VVDViewer/fluorender/FluoRender/DataManager.h:29:
/Users/otsunah/Documents/GitHub/VVDViewer/VVDViewer/fluorender/FluoRender/compatibility.h:370:28: warning: 'codecvt_utf8_utf16<wchar_t>' is deprecated [-Wdeprecated-declarations]
  370 |         std::wstring_convert<std::codecvt_utf8_utf16<wchar_t>, wchar_t> converter;
      |                                   ^
/Library/Developer/CommandLineTools/SDKs/MacOSX.sdk/usr/include/c++/v1/codecvt:568:28: note: 'codecvt_utf8_utf16<wchar_t>' has been explicitly marked deprecated here
  568 | class _LIBCPP_TEMPLATE_VIS _LIBCPP_DEPRECATED_IN_CXX17 codecvt_utf8_utf16 : public __codecvt_utf8_utf16<_Elem> {
      |                            ^
/Library/Developer/CommandLineTools/SDKs/MacOSX.sdk/usr/include/c++/v1/__config:731:41: note: expanded from macro '_LIBCPP_DEPRECATED_IN_CXX17'
  731 | #    define _LIBCPP_DEPRECATED_IN_CXX17 _LIBCPP_DEPRECATED
      |                                         ^
/Library/Developer/CommandLineTools/SDKs/MacOSX.sdk/usr/include/c++/v1/__config:696:49: note: expanded from macro '_LIBCPP_DEPRECATED'
  696 | #      define _LIBCPP_DEPRECATED __attribute__((__deprecated__))
      |                                                 ^
In file included from /Users/otsunah/Documents/GitHub/VVDViewer/VVDViewer/plugin_nblast/vvd/NBLASTGuiPluginWindow.cpp:15:
In file included from /Users/otsunah/Documents/GitHub/VVDViewer/VVDViewer/fluorender/FluoRender/VRenderFrame.h:29:
In file included from /Users/otsunah/Documents/GitHub/VVDViewer/VVDViewer/fluorender/FluoRender/DataManager.h:29:
/Users/otsunah/Documents/GitHub/VVDViewer/VVDViewer/fluorender/FluoRender/compatibility.h:370:7: warning: 'wstring_convert<std::codecvt_utf8_utf16<wchar_t>>' is deprecated [-Wdeprecated-declarations]
  370 |         std::wstring_convert<std::codecvt_utf8_utf16<wchar_t>, wchar_t> converter;
      |              ^
/Library/Developer/CommandLineTools/SDKs/MacOSX.sdk/usr/include/c++/v1/locale:3145:28: note: 'wstring_convert<std::codecvt_utf8_utf16<wchar_t>>' has been explicitly marked deprecated here
 3145 | class _LIBCPP_TEMPLATE_VIS _LIBCPP_DEPRECATED_IN_CXX17 wstring_convert {
      |                            ^
/Library/Developer/CommandLineTools/SDKs/MacOSX.sdk/usr/include/c++/v1/__config:731:41: note: expanded from macro '_LIBCPP_DEPRECATED_IN_CXX17'
  731 | #    define _LIBCPP_DEPRECATED_IN_CXX17 _LIBCPP_DEPRECATED
      |                                         ^
/Library/Developer/CommandLineTools/SDKs/MacOSX.sdk/usr/include/c++/v1/__config:696:49: note: expanded from macro '_LIBCPP_DEPRECATED'
  696 | #      define _LIBCPP_DEPRECATED __attribute__((__deprecated__))
      |                                                 ^
In file included from /Users/otsunah/Documents/GitHub/VVDViewer/VVDViewer/plugin_nblast/vvd/NBLASTGuiPluginWindow.cpp:15:
In file included from /Users/otsunah/Documents/GitHub/VVDViewer/VVDViewer/fluorender/FluoRender/VRenderFrame.h:29:
In file included from /Users/otsunah/Documents/GitHub/VVDViewer/VVDViewer/fluorender/FluoRender/DataManager.h:29:
/Users/otsunah/Documents/GitHub/VVDViewer/VVDViewer/fluorender/FluoRender/compatibility.h:411:10: warning: 'vsprintf' is deprecated: This function is provided for compatibility reasons only.  Due to security concerns inherent in the design of sprintf(3), it is highly recommended that you use vsnprintf(3) instead. [-Wdeprecated-declarations]
  411 |         int r = vsprintf(buf, fmt, args);
      |                 ^
/Library/Developer/CommandLineTools/SDKs/MacOSX.sdk/usr/include/_stdio.h:298:1: note: 'vsprintf' has been explicitly marked deprecated here
  298 | __deprecated_msg("This function is provided for compatibility reasons only.  Due to security concerns inherent in the design of sprintf(3), it is highly recommended that you use vsnprintf(3) instead.")
      | ^
/Library/Developer/CommandLineTools/SDKs/MacOSX.sdk/usr/include/sys/cdefs.h:218:48: note: expanded from macro '__deprecated_msg'
  218 |         #define __deprecated_msg(_msg) __attribute__((__deprecated__(_msg)))
      |                                                       ^
In file included from /Users/otsunah/Documents/GitHub/VVDViewer/VVDViewer/plugin_nblast/vvd/NBLASTGuiPluginWindow.cpp:15:
In file included from /Users/otsunah/Documents/GitHub/VVDViewer/VVDViewer/fluorender/FluoRender/VRenderFrame.h:29:
In file included from /Users/otsunah/Documents/GitHub/VVDViewer/VVDViewer/fluorender/FluoRender/DataManager.h:38:
In file included from /Users/otsunah/Documents/GitHub/VVDViewer/VVDViewer/fluorender/FluoRender/FLIVR/MeshRenderer.h:33:
In file included from /Users/otsunah/Documents/GitHub/VVDViewer/VVDViewer/fluorender/FluoRender/FLIVR/MshShader.h:37:
In file included from /Users/otsunah/Documents/GitHub/VVDViewer/VVDViewer/fluorender/FluoRender/Vulkan/VulkanDevice.hpp:23:
/Users/otsunah/Documents/GitHub/VVDViewer/VVDViewer/fluorender/FluoRender/FLIVR/TextureBrick.h:129:7: warning: cannot delete expression with pointer-to-'void' type 'void *' [-Wdelete-incomplete]
  129 |                                                 delete[] m_nrrd->data;
      |                                                 ^        ~~~~~~~~~~~~
In file included from /Users/otsunah/Documents/GitHub/VVDViewer/VVDViewer/plugin_nblast/vvd/NBLASTGuiPluginWindow.cpp:15:
In file included from /Users/otsunah/Documents/GitHub/VVDViewer/VVDViewer/fluorender/FluoRender/VRenderFrame.h:29:
In file included from /Users/otsunah/Documents/GitHub/VVDViewer/VVDViewer/fluorender/FluoRender/DataManager.h:38:
In file included from /Users/otsunah/Documents/GitHub/VVDViewer/VVDViewer/fluorender/FluoRender/FLIVR/MeshRenderer.h:38:
/Users/otsunah/Documents/GitHub/VVDViewer/VVDViewer/fluorender/FluoRender/VVulkan.h:2:9: warning: 'GLM_FORCE_DEPTH_ZERO_TO_ONE' macro redefined [-Wmacro-redefined]
    2 | #define GLM_FORCE_DEPTH_ZERO_TO_ONE
      |         ^
<command line>:9:9: note: previous definition is here
    9 | #define GLM_FORCE_DEPTH_ZERO_TO_ONE 1
      |         ^
In file included from /Users/otsunah/Documents/GitHub/VVDViewer/VVDViewer/plugin_nblast/vvd/NBLASTGuiPluginWindow.cpp:15:
In file included from /Users/otsunah/Documents/GitHub/VVDViewer/VVDViewer/fluorender/FluoRender/VRenderFrame.h:29:
In file included from /Users/otsunah/Documents/GitHub/VVDViewer/VVDViewer/fluorender/FluoRender/DataManager.h:59:
/Users/otsunah/Documents/GitHub/VVDViewer/VVDViewer/fluorender/FluoRender/Formats/brkxml_reader.h:100:21: warning: cannot delete expression with pointer-to-'void' type 'void *' [-Wdelete-incomplete]
  100 |                     delete[] m_data;
      |                     ^        ~~~~~~
In file included from /Users/otsunah/Documents/GitHub/VVDViewer/VVDViewer/plugin_nblast/vvd/NBLASTGuiPluginWindow.cpp:15:
In file included from /Users/otsunah/Documents/GitHub/VVDViewer/VVDViewer/fluorender/FluoRender/VRenderFrame.h:49:
/Users/otsunah/Documents/GitHub/VVDViewer/VVDViewer/fluorender/FluoRender/MeasureDlg.h:125:9: warning: 'GetSizeAvailableForScrollTarget' overrides a member function but is not marked 'override' [-Winconsistent-missing-override]
  125 |         wxSize GetSizeAvailableForScrollTarget(const wxSize& size) {
      |                ^
/Users/otsunah/Documents/GitHub/VVDViewer/VVDViewer/build/vcpkg_installed/arm64-osx-vvd/include/wx-3.3/wx/generic/listctrl.h:228:20: note: overridden virtual function is here
  228 |     virtual wxSize GetSizeAvailableForScrollTarget(const wxSize& size) override;
      |                    ^
9 warnings generated.
[67/74] Building CXX object CMakeFiles/NeuronAnnotatorPlugin.dir/plugin_NA/vvd/NeuronAnnotatorPlugin.cpp.o
In file included from /Users/otsunah/Documents/GitHub/VVDViewer/VVDViewer/plugin_NA/vvd/NeuronAnnotatorPlugin.cpp:2:
In file included from /Users/otsunah/Documents/GitHub/VVDViewer/VVDViewer/plugin_NA/vvd/NeuronAnnotatorPlugin.h:5:
In file included from /Users/otsunah/Documents/GitHub/VVDViewer/VVDViewer/fluorender/FluoRender/VRenderFrame.h:29:
In file included from /Users/otsunah/Documents/GitHub/VVDViewer/VVDViewer/fluorender/FluoRender/DataManager.h:29:
/Users/otsunah/Documents/GitHub/VVDViewer/VVDViewer/fluorender/FluoRender/compatibility.h:364:28: warning: 'codecvt_utf8_utf16<wchar_t>' is deprecated [-Wdeprecated-declarations]
  364 |         std::wstring_convert<std::codecvt_utf8_utf16<wchar_t>, wchar_t> converter;
      |                                   ^
/Library/Developer/CommandLineTools/SDKs/MacOSX.sdk/usr/include/c++/v1/codecvt:568:28: note: 'codecvt_utf8_utf16<wchar_t>' has been explicitly marked deprecated here
  568 | class _LIBCPP_TEMPLATE_VIS _LIBCPP_DEPRECATED_IN_CXX17 codecvt_utf8_utf16 : public __codecvt_utf8_utf16<_Elem> {
      |                            ^
/Library/Developer/CommandLineTools/SDKs/MacOSX.sdk/usr/include/c++/v1/__config:731:41: note: expanded from macro '_LIBCPP_DEPRECATED_IN_CXX17'
  731 | #    define _LIBCPP_DEPRECATED_IN_CXX17 _LIBCPP_DEPRECATED
      |                                         ^
/Library/Developer/CommandLineTools/SDKs/MacOSX.sdk/usr/include/c++/v1/__config:696:49: note: expanded from macro '_LIBCPP_DEPRECATED'
  696 | #      define _LIBCPP_DEPRECATED __attribute__((__deprecated__))
      |                                                 ^
In file included from /Users/otsunah/Documents/GitHub/VVDViewer/VVDViewer/plugin_NA/vvd/NeuronAnnotatorPlugin.cpp:2:
In file included from /Users/otsunah/Documents/GitHub/VVDViewer/VVDViewer/plugin_NA/vvd/NeuronAnnotatorPlugin.h:5:
In file included from /Users/otsunah/Documents/GitHub/VVDViewer/VVDViewer/fluorender/FluoRender/VRenderFrame.h:29:
In file included from /Users/otsunah/Documents/GitHub/VVDViewer/VVDViewer/fluorender/FluoRender/DataManager.h:29:
/Users/otsunah/Documents/GitHub/VVDViewer/VVDViewer/fluorender/FluoRender/compatibility.h:364:7: warning: 'wstring_convert<std::codecvt_utf8_utf16<wchar_t>>' is deprecated [-Wdeprecated-declarations]
  364 |         std::wstring_convert<std::codecvt_utf8_utf16<wchar_t>, wchar_t> converter;
      |              ^
/Library/Developer/CommandLineTools/SDKs/MacOSX.sdk/usr/include/c++/v1/locale:3145:28: note: 'wstring_convert<std::codecvt_utf8_utf16<wchar_t>>' has been explicitly marked deprecated here
 3145 | class _LIBCPP_TEMPLATE_VIS _LIBCPP_DEPRECATED_IN_CXX17 wstring_convert {
      |                            ^
/Library/Developer/CommandLineTools/SDKs/MacOSX.sdk/usr/include/c++/v1/__config:731:41: note: expanded from macro '_LIBCPP_DEPRECATED_IN_CXX17'
  731 | #    define _LIBCPP_DEPRECATED_IN_CXX17 _LIBCPP_DEPRECATED
      |                                         ^
/Library/Developer/CommandLineTools/SDKs/MacOSX.sdk/usr/include/c++/v1/__config:696:49: note: expanded from macro '_LIBCPP_DEPRECATED'
  696 | #      define _LIBCPP_DEPRECATED __attribute__((__deprecated__))
      |                                                 ^
In file included from /Users/otsunah/Documents/GitHub/VVDViewer/VVDViewer/plugin_NA/vvd/NeuronAnnotatorPlugin.cpp:2:
In file included from /Users/otsunah/Documents/GitHub/VVDViewer/VVDViewer/plugin_NA/vvd/NeuronAnnotatorPlugin.h:5:
In file included from /Users/otsunah/Documents/GitHub/VVDViewer/VVDViewer/fluorender/FluoRender/VRenderFrame.h:29:
In file included from /Users/otsunah/Documents/GitHub/VVDViewer/VVDViewer/fluorender/FluoRender/DataManager.h:29:
/Users/otsunah/Documents/GitHub/VVDViewer/VVDViewer/fluorender/FluoRender/compatibility.h:370:28: warning: 'codecvt_utf8_utf16<wchar_t>' is deprecated [-Wdeprecated-declarations]
  370 |         std::wstring_convert<std::codecvt_utf8_utf16<wchar_t>, wchar_t> converter;
      |                                   ^
/Library/Developer/CommandLineTools/SDKs/MacOSX.sdk/usr/include/c++/v1/codecvt:568:28: note: 'codecvt_utf8_utf16<wchar_t>' has been explicitly marked deprecated here
  568 | class _LIBCPP_TEMPLATE_VIS _LIBCPP_DEPRECATED_IN_CXX17 codecvt_utf8_utf16 : public __codecvt_utf8_utf16<_Elem> {
      |                            ^
/Library/Developer/CommandLineTools/SDKs/MacOSX.sdk/usr/include/c++/v1/__config:731:41: note: expanded from macro '_LIBCPP_DEPRECATED_IN_CXX17'
  731 | #    define _LIBCPP_DEPRECATED_IN_CXX17 _LIBCPP_DEPRECATED
      |                                         ^
/Library/Developer/CommandLineTools/SDKs/MacOSX.sdk/usr/include/c++/v1/__config:696:49: note: expanded from macro '_LIBCPP_DEPRECATED'
  696 | #      define _LIBCPP_DEPRECATED __attribute__((__deprecated__))
      |                                                 ^
In file included from /Users/otsunah/Documents/GitHub/VVDViewer/VVDViewer/plugin_NA/vvd/NeuronAnnotatorPlugin.cpp:2:
In file included from /Users/otsunah/Documents/GitHub/VVDViewer/VVDViewer/plugin_NA/vvd/NeuronAnnotatorPlugin.h:5:
In file included from /Users/otsunah/Documents/GitHub/VVDViewer/VVDViewer/fluorender/FluoRender/VRenderFrame.h:29:
In file included from /Users/otsunah/Documents/GitHub/VVDViewer/VVDViewer/fluorender/FluoRender/DataManager.h:29:
/Users/otsunah/Documents/GitHub/VVDViewer/VVDViewer/fluorender/FluoRender/compatibility.h:370:7: warning: 'wstring_convert<std::codecvt_utf8_utf16<wchar_t>>' is deprecated [-Wdeprecated-declarations]
  370 |         std::wstring_convert<std::codecvt_utf8_utf16<wchar_t>, wchar_t> converter;
      |              ^
/Library/Developer/CommandLineTools/SDKs/MacOSX.sdk/usr/include/c++/v1/locale:3145:28: note: 'wstring_convert<std::codecvt_utf8_utf16<wchar_t>>' has been explicitly marked deprecated here
 3145 | class _LIBCPP_TEMPLATE_VIS _LIBCPP_DEPRECATED_IN_CXX17 wstring_convert {
      |                            ^
/Library/Developer/CommandLineTools/SDKs/MacOSX.sdk/usr/include/c++/v1/__config:731:41: note: expanded from macro '_LIBCPP_DEPRECATED_IN_CXX17'
  731 | #    define _LIBCPP_DEPRECATED_IN_CXX17 _LIBCPP_DEPRECATED
      |                                         ^
/Library/Developer/CommandLineTools/SDKs/MacOSX.sdk/usr/include/c++/v1/__config:696:49: note: expanded from macro '_LIBCPP_DEPRECATED'
  696 | #      define _LIBCPP_DEPRECATED __attribute__((__deprecated__))
      |                                                 ^
In file included from /Users/otsunah/Documents/GitHub/VVDViewer/VVDViewer/plugin_NA/vvd/NeuronAnnotatorPlugin.cpp:2:
In file included from /Users/otsunah/Documents/GitHub/VVDViewer/VVDViewer/plugin_NA/vvd/NeuronAnnotatorPlugin.h:5:
In file included from /Users/otsunah/Documents/GitHub/VVDViewer/VVDViewer/fluorender/FluoRender/VRenderFrame.h:29:
In file included from /Users/otsunah/Documents/GitHub/VVDViewer/VVDViewer/fluorender/FluoRender/DataManager.h:29:
/Users/otsunah/Documents/GitHub/VVDViewer/VVDViewer/fluorender/FluoRender/compatibility.h:411:10: warning: 'vsprintf' is deprecated: This function is provided for compatibility reasons only.  Due to security concerns inherent in the design of sprintf(3), it is highly recommended that you use vsnprintf(3) instead. [-Wdeprecated-declarations]
  411 |         int r = vsprintf(buf, fmt, args);
      |                 ^
/Library/Developer/CommandLineTools/SDKs/MacOSX.sdk/usr/include/_stdio.h:298:1: note: 'vsprintf' has been explicitly marked deprecated here
  298 | __deprecated_msg("This function is provided for compatibility reasons only.  Due to security concerns inherent in the design of sprintf(3), it is highly recommended that you use vsnprintf(3) instead.")
      | ^
/Library/Developer/CommandLineTools/SDKs/MacOSX.sdk/usr/include/sys/cdefs.h:218:48: note: expanded from macro '__deprecated_msg'
  218 |         #define __deprecated_msg(_msg) __attribute__((__deprecated__(_msg)))
      |                                                       ^
In file included from /Users/otsunah/Documents/GitHub/VVDViewer/VVDViewer/plugin_NA/vvd/NeuronAnnotatorPlugin.cpp:2:
In file included from /Users/otsunah/Documents/GitHub/VVDViewer/VVDViewer/plugin_NA/vvd/NeuronAnnotatorPlugin.h:5:
In file included from /Users/otsunah/Documents/GitHub/VVDViewer/VVDViewer/fluorender/FluoRender/VRenderFrame.h:29:
In file included from /Users/otsunah/Documents/GitHub/VVDViewer/VVDViewer/fluorender/FluoRender/DataManager.h:38:
In file included from /Users/otsunah/Documents/GitHub/VVDViewer/VVDViewer/fluorender/FluoRender/FLIVR/MeshRenderer.h:33:
In file included from /Users/otsunah/Documents/GitHub/VVDViewer/VVDViewer/fluorender/FluoRender/FLIVR/MshShader.h:37:
In file included from /Users/otsunah/Documents/GitHub/VVDViewer/VVDViewer/fluorender/FluoRender/Vulkan/VulkanDevice.hpp:23:
/Users/otsunah/Documents/GitHub/VVDViewer/VVDViewer/fluorender/FluoRender/FLIVR/TextureBrick.h:129:7: warning: cannot delete expression with pointer-to-'void' type 'void *' [-Wdelete-incomplete]
  129 |                                                 delete[] m_nrrd->data;
      |                                                 ^        ~~~~~~~~~~~~
In file included from /Users/otsunah/Documents/GitHub/VVDViewer/VVDViewer/plugin_NA/vvd/NeuronAnnotatorPlugin.cpp:2:
In file included from /Users/otsunah/Documents/GitHub/VVDViewer/VVDViewer/plugin_NA/vvd/NeuronAnnotatorPlugin.h:5:
In file included from /Users/otsunah/Documents/GitHub/VVDViewer/VVDViewer/fluorender/FluoRender/VRenderFrame.h:29:
In file included from /Users/otsunah/Documents/GitHub/VVDViewer/VVDViewer/fluorender/FluoRender/DataManager.h:38:
In file included from /Users/otsunah/Documents/GitHub/VVDViewer/VVDViewer/fluorender/FluoRender/FLIVR/MeshRenderer.h:38:
/Users/otsunah/Documents/GitHub/VVDViewer/VVDViewer/fluorender/FluoRender/VVulkan.h:2:9: warning: 'GLM_FORCE_DEPTH_ZERO_TO_ONE' macro redefined [-Wmacro-redefined]
    2 | #define GLM_FORCE_DEPTH_ZERO_TO_ONE
      |         ^
<command line>:9:9: note: previous definition is here
    9 | #define GLM_FORCE_DEPTH_ZERO_TO_ONE 1
      |         ^
In file included from /Users/otsunah/Documents/GitHub/VVDViewer/VVDViewer/plugin_NA/vvd/NeuronAnnotatorPlugin.cpp:2:
In file included from /Users/otsunah/Documents/GitHub/VVDViewer/VVDViewer/plugin_NA/vvd/NeuronAnnotatorPlugin.h:5:
In file included from /Users/otsunah/Documents/GitHub/VVDViewer/VVDViewer/fluorender/FluoRender/VRenderFrame.h:29:
In file included from /Users/otsunah/Documents/GitHub/VVDViewer/VVDViewer/fluorender/FluoRender/DataManager.h:59:
/Users/otsunah/Documents/GitHub/VVDViewer/VVDViewer/fluorender/FluoRender/Formats/brkxml_reader.h:100:21: warning: cannot delete expression with pointer-to-'void' type 'void *' [-Wdelete-incomplete]
  100 |                     delete[] m_data;
      |                     ^        ~~~~~~
In file included from /Users/otsunah/Documents/GitHub/VVDViewer/VVDViewer/plugin_NA/vvd/NeuronAnnotatorPlugin.cpp:2:
In file included from /Users/otsunah/Documents/GitHub/VVDViewer/VVDViewer/plugin_NA/vvd/NeuronAnnotatorPlugin.h:5:
In file included from /Users/otsunah/Documents/GitHub/VVDViewer/VVDViewer/fluorender/FluoRender/VRenderFrame.h:49:
/Users/otsunah/Documents/GitHub/VVDViewer/VVDViewer/fluorender/FluoRender/MeasureDlg.h:125:9: warning: 'GetSizeAvailableForScrollTarget' overrides a member function but is not marked 'override' [-Winconsistent-missing-override]
  125 |         wxSize GetSizeAvailableForScrollTarget(const wxSize& size) {
      |                ^
/Users/otsunah/Documents/GitHub/VVDViewer/VVDViewer/build/vcpkg_installed/arm64-osx-vvd/include/wx-3.3/wx/generic/listctrl.h:228:20: note: overridden virtual function is here
  228 |     virtual wxSize GetSizeAvailableForScrollTarget(const wxSize& size) override;
      |                    ^
/Users/otsunah/Documents/GitHub/VVDViewer/VVDViewer/plugin_NA/vvd/NeuronAnnotatorPlugin.cpp:972:15: warning: using the result of an assignment as a condition without parentheses [-Wparentheses]
  972 |         while (entry = zis.GetNextEntry())
      |                ~~~~~~^~~~~~~~~~~~~~~~~~~~
/Users/otsunah/Documents/GitHub/VVDViewer/VVDViewer/plugin_NA/vvd/NeuronAnnotatorPlugin.cpp:972:15: note: place parentheses around the assignment to silence this warning
  972 |         while (entry = zis.GetNextEntry())
      |                      ^                   
      |                (                         )
/Users/otsunah/Documents/GitHub/VVDViewer/VVDViewer/plugin_NA/vvd/NeuronAnnotatorPlugin.cpp:972:15: note: use '==' to turn this assignment into an equality comparison
  972 |         while (entry = zis.GetNextEntry())
      |                      ^
      |                      ==
/Users/otsunah/Documents/GitHub/VVDViewer/VVDViewer/plugin_NA/vvd/NeuronAnnotatorPlugin.cpp:1051:9: warning: 'uint8' is deprecated [-Wdeprecated-declarations]
 1051 |         uint8 *val8 = new (std::nothrow) uint8[mem_size];
      |         ^
/Users/otsunah/Documents/GitHub/VVDViewer/VVDViewer/build/vcpkg_installed/arm64-osx-vvd/include/tiff.h:80:43: note: 'uint8' has been explicitly marked deprecated here
   80 | typedef TIFF_MSC_DEPRECATED uint8_t uint8 TIFF_GCC_DEPRECATED;
      |                                           ^
/Users/otsunah/Documents/GitHub/VVDViewer/VVDViewer/build/vcpkg_installed/arm64-osx-vvd/include/tiff.h:66:44: note: expanded from macro 'TIFF_GCC_DEPRECATED'
   66 | #define TIFF_GCC_DEPRECATED __attribute__((deprecated))
      |                                            ^
/Users/otsunah/Documents/GitHub/VVDViewer/VVDViewer/plugin_NA/vvd/NeuronAnnotatorPlugin.cpp:1051:42: warning: 'uint8' is deprecated [-Wdeprecated-declarations]
 1051 |         uint8 *val8 = new (std::nothrow) uint8[mem_size];
      |                                          ^
/Users/otsunah/Documents/GitHub/VVDViewer/VVDViewer/build/vcpkg_installed/arm64-osx-vvd/include/tiff.h:80:43: note: 'uint8' has been explicitly marked deprecated here
   80 | typedef TIFF_MSC_DEPRECATED uint8_t uint8 TIFF_GCC_DEPRECATED;
      |                                           ^
/Users/otsunah/Documents/GitHub/VVDViewer/VVDViewer/build/vcpkg_installed/arm64-osx-vvd/include/tiff.h:66:44: note: expanded from macro 'TIFF_GCC_DEPRECATED'
   66 | #define TIFF_GCC_DEPRECATED __attribute__((deprecated))
      |                                            ^
/Users/otsunah/Documents/GitHub/VVDViewer/VVDViewer/plugin_NA/vvd/NeuronAnnotatorPlugin.cpp:1057:39: warning: 'uint8' is deprecated [-Wdeprecated-declarations]
 1057 |         memset((void*)val8, 0, sizeof(uint8)*nx*ny*nz);
      |                                       ^
/Users/otsunah/Documents/GitHub/VVDViewer/VVDViewer/build/vcpkg_installed/arm64-osx-vvd/include/tiff.h:80:43: note: 'uint8' has been explicitly marked deprecated here
   80 | typedef TIFF_MSC_DEPRECATED uint8_t uint8 TIFF_GCC_DEPRECATED;
      |                                           ^
/Users/otsunah/Documents/GitHub/VVDViewer/VVDViewer/build/vcpkg_installed/arm64-osx-vvd/include/tiff.h:66:44: note: expanded from macro 'TIFF_GCC_DEPRECATED'
   66 | #define TIFF_GCC_DEPRECATED __attribute__((deprecated))
      |                                            ^
/Users/otsunah/Documents/GitHub/VVDViewer/VVDViewer/plugin_NA/vvd/NeuronAnnotatorPlugin.cpp:1062:9: warning: 'uint16' is deprecated [-Wdeprecated-declarations]
 1062 |         uint16 *val16 = new (std::nothrow) uint16[mem_size];
      |         ^
/Users/otsunah/Documents/GitHub/VVDViewer/VVDViewer/build/vcpkg_installed/arm64-osx-vvd/include/tiff.h:83:45: note: 'uint16' has been explicitly marked deprecated here
   83 | typedef TIFF_MSC_DEPRECATED uint16_t uint16 TIFF_GCC_DEPRECATED;
      |                                             ^
/Users/otsunah/Documents/GitHub/VVDViewer/VVDViewer/build/vcpkg_installed/arm64-osx-vvd/include/tiff.h:66:44: note: expanded from macro 'TIFF_GCC_DEPRECATED'
   66 | #define TIFF_GCC_DEPRECATED __attribute__((deprecated))
      |                                            ^
/Users/otsunah/Documents/GitHub/VVDViewer/VVDViewer/plugin_NA/vvd/NeuronAnnotatorPlugin.cpp:1062:44: warning: 'uint16' is deprecated [-Wdeprecated-declarations]
 1062 |         uint16 *val16 = new (std::nothrow) uint16[mem_size];
      |                                            ^
/Users/otsunah/Documents/GitHub/VVDViewer/VVDViewer/build/vcpkg_installed/arm64-osx-vvd/include/tiff.h:83:45: note: 'uint16' has been explicitly marked deprecated here
   83 | typedef TIFF_MSC_DEPRECATED uint16_t uint16 TIFF_GCC_DEPRECATED;
      |                                             ^
/Users/otsunah/Documents/GitHub/VVDViewer/VVDViewer/build/vcpkg_installed/arm64-osx-vvd/include/tiff.h:66:44: note: expanded from macro 'TIFF_GCC_DEPRECATED'
   66 | #define TIFF_GCC_DEPRECATED __attribute__((deprecated))
      |                                            ^
/Users/otsunah/Documents/GitHub/VVDViewer/VVDViewer/plugin_NA/vvd/NeuronAnnotatorPlugin.cpp:1068:40: warning: 'uint16' is deprecated [-Wdeprecated-declarations]
 1068 |         memset((void*)val16, 0, sizeof(uint16)*nx*ny*nz);
      |                                        ^
/Users/otsunah/Documents/GitHub/VVDViewer/VVDViewer/build/vcpkg_installed/arm64-osx-vvd/include/tiff.h:83:45: note: 'uint16' has been explicitly marked deprecated here
   83 | typedef TIFF_MSC_DEPRECATED uint16_t uint16 TIFF_GCC_DEPRECATED;
      |                                             ^
/Users/otsunah/Documents/GitHub/VVDViewer/VVDViewer/build/vcpkg_installed/arm64-osx-vvd/include/tiff.h:66:44: note: expanded from macro 'TIFF_GCC_DEPRECATED'
   66 | #define TIFF_GCC_DEPRECATED __attribute__((deprecated))
      |                                            ^
16 warnings generated.
[68/74] Building CXX object CMakeFiles/VVDMainFrame.dir/fluorender/FluoRender/VRenderFrame.cpp.o
In file included from /Users/otsunah/Documents/GitHub/VVDViewer/VVDViewer/fluorender/FluoRender/VRenderFrame.cpp:28:
In file included from /Users/otsunah/Documents/GitHub/VVDViewer/VVDViewer/fluorender/FluoRender/VRenderFrame.h:29:
In file included from /Users/otsunah/Documents/GitHub/VVDViewer/VVDViewer/fluorender/FluoRender/DataManager.h:29:
/Users/otsunah/Documents/GitHub/VVDViewer/VVDViewer/fluorender/FluoRender/compatibility.h:364:28: warning: 'codecvt_utf8_utf16<wchar_t>' is deprecated [-Wdeprecated-declarations]
  364 |         std::wstring_convert<std::codecvt_utf8_utf16<wchar_t>, wchar_t> converter;
      |                                   ^
/Library/Developer/CommandLineTools/SDKs/MacOSX.sdk/usr/include/c++/v1/codecvt:568:28: note: 'codecvt_utf8_utf16<wchar_t>' has been explicitly marked deprecated here
  568 | class _LIBCPP_TEMPLATE_VIS _LIBCPP_DEPRECATED_IN_CXX17 codecvt_utf8_utf16 : public __codecvt_utf8_utf16<_Elem> {
      |                            ^
/Library/Developer/CommandLineTools/SDKs/MacOSX.sdk/usr/include/c++/v1/__config:731:41: note: expanded from macro '_LIBCPP_DEPRECATED_IN_CXX17'
  731 | #    define _LIBCPP_DEPRECATED_IN_CXX17 _LIBCPP_DEPRECATED
      |                                         ^
/Library/Developer/CommandLineTools/SDKs/MacOSX.sdk/usr/include/c++/v1/__config:696:49: note: expanded from macro '_LIBCPP_DEPRECATED'
  696 | #      define _LIBCPP_DEPRECATED __attribute__((__deprecated__))
      |                                                 ^
In file included from /Users/otsunah/Documents/GitHub/VVDViewer/VVDViewer/fluorender/FluoRender/VRenderFrame.cpp:28:
In file included from /Users/otsunah/Documents/GitHub/VVDViewer/VVDViewer/fluorender/FluoRender/VRenderFrame.h:29:
In file included from /Users/otsunah/Documents/GitHub/VVDViewer/VVDViewer/fluorender/FluoRender/DataManager.h:29:
/Users/otsunah/Documents/GitHub/VVDViewer/VVDViewer/fluorender/FluoRender/compatibility.h:364:7: warning: 'wstring_convert<std::codecvt_utf8_utf16<wchar_t>>' is deprecated [-Wdeprecated-declarations]
  364 |         std::wstring_convert<std::codecvt_utf8_utf16<wchar_t>, wchar_t> converter;
      |              ^
/Library/Developer/CommandLineTools/SDKs/MacOSX.sdk/usr/include/c++/v1/locale:3145:28: note: 'wstring_convert<std::codecvt_utf8_utf16<wchar_t>>' has been explicitly marked deprecated here
 3145 | class _LIBCPP_TEMPLATE_VIS _LIBCPP_DEPRECATED_IN_CXX17 wstring_convert {
      |                            ^
/Library/Developer/CommandLineTools/SDKs/MacOSX.sdk/usr/include/c++/v1/__config:731:41: note: expanded from macro '_LIBCPP_DEPRECATED_IN_CXX17'
  731 | #    define _LIBCPP_DEPRECATED_IN_CXX17 _LIBCPP_DEPRECATED
      |                                         ^
/Library/Developer/CommandLineTools/SDKs/MacOSX.sdk/usr/include/c++/v1/__config:696:49: note: expanded from macro '_LIBCPP_DEPRECATED'
  696 | #      define _LIBCPP_DEPRECATED __attribute__((__deprecated__))
      |                                                 ^
In file included from /Users/otsunah/Documents/GitHub/VVDViewer/VVDViewer/fluorender/FluoRender/VRenderFrame.cpp:28:
In file included from /Users/otsunah/Documents/GitHub/VVDViewer/VVDViewer/fluorender/FluoRender/VRenderFrame.h:29:
In file included from /Users/otsunah/Documents/GitHub/VVDViewer/VVDViewer/fluorender/FluoRender/DataManager.h:29:
/Users/otsunah/Documents/GitHub/VVDViewer/VVDViewer/fluorender/FluoRender/compatibility.h:370:28: warning: 'codecvt_utf8_utf16<wchar_t>' is deprecated [-Wdeprecated-declarations]
  370 |         std::wstring_convert<std::codecvt_utf8_utf16<wchar_t>, wchar_t> converter;
      |                                   ^
/Library/Developer/CommandLineTools/SDKs/MacOSX.sdk/usr/include/c++/v1/codecvt:568:28: note: 'codecvt_utf8_utf16<wchar_t>' has been explicitly marked deprecated here
  568 | class _LIBCPP_TEMPLATE_VIS _LIBCPP_DEPRECATED_IN_CXX17 codecvt_utf8_utf16 : public __codecvt_utf8_utf16<_Elem> {
      |                            ^
/Library/Developer/CommandLineTools/SDKs/MacOSX.sdk/usr/include/c++/v1/__config:731:41: note: expanded from macro '_LIBCPP_DEPRECATED_IN_CXX17'
  731 | #    define _LIBCPP_DEPRECATED_IN_CXX17 _LIBCPP_DEPRECATED
      |                                         ^
/Library/Developer/CommandLineTools/SDKs/MacOSX.sdk/usr/include/c++/v1/__config:696:49: note: expanded from macro '_LIBCPP_DEPRECATED'
  696 | #      define _LIBCPP_DEPRECATED __attribute__((__deprecated__))
      |                                                 ^
In file included from /Users/otsunah/Documents/GitHub/VVDViewer/VVDViewer/fluorender/FluoRender/VRenderFrame.cpp:28:
In file included from /Users/otsunah/Documents/GitHub/VVDViewer/VVDViewer/fluorender/FluoRender/VRenderFrame.h:29:
In file included from /Users/otsunah/Documents/GitHub/VVDViewer/VVDViewer/fluorender/FluoRender/DataManager.h:29:
/Users/otsunah/Documents/GitHub/VVDViewer/VVDViewer/fluorender/FluoRender/compatibility.h:370:7: warning: 'wstring_convert<std::codecvt_utf8_utf16<wchar_t>>' is deprecated [-Wdeprecated-declarations]
  370 |         std::wstring_convert<std::codecvt_utf8_utf16<wchar_t>, wchar_t> converter;
      |              ^
/Library/Developer/CommandLineTools/SDKs/MacOSX.sdk/usr/include/c++/v1/locale:3145:28: note: 'wstring_convert<std::codecvt_utf8_utf16<wchar_t>>' has been explicitly marked deprecated here
 3145 | class _LIBCPP_TEMPLATE_VIS _LIBCPP_DEPRECATED_IN_CXX17 wstring_convert {
      |                            ^
/Library/Developer/CommandLineTools/SDKs/MacOSX.sdk/usr/include/c++/v1/__config:731:41: note: expanded from macro '_LIBCPP_DEPRECATED_IN_CXX17'
  731 | #    define _LIBCPP_DEPRECATED_IN_CXX17 _LIBCPP_DEPRECATED
      |                                         ^
/Library/Developer/CommandLineTools/SDKs/MacOSX.sdk/usr/include/c++/v1/__config:696:49: note: expanded from macro '_LIBCPP_DEPRECATED'
  696 | #      define _LIBCPP_DEPRECATED __attribute__((__deprecated__))
      |                                                 ^
In file included from /Users/otsunah/Documents/GitHub/VVDViewer/VVDViewer/fluorender/FluoRender/VRenderFrame.cpp:28:
In file included from /Users/otsunah/Documents/GitHub/VVDViewer/VVDViewer/fluorender/FluoRender/VRenderFrame.h:29:
In file included from /Users/otsunah/Documents/GitHub/VVDViewer/VVDViewer/fluorender/FluoRender/DataManager.h:29:
/Users/otsunah/Documents/GitHub/VVDViewer/VVDViewer/fluorender/FluoRender/compatibility.h:411:10: warning: 'vsprintf' is deprecated: This function is provided for compatibility reasons only.  Due to security concerns inherent in the design of sprintf(3), it is highly recommended that you use vsnprintf(3) instead. [-Wdeprecated-declarations]
  411 |         int r = vsprintf(buf, fmt, args);
      |                 ^
/Library/Developer/CommandLineTools/SDKs/MacOSX.sdk/usr/include/_stdio.h:298:1: note: 'vsprintf' has been explicitly marked deprecated here
  298 | __deprecated_msg("This function is provided for compatibility reasons only.  Due to security concerns inherent in the design of sprintf(3), it is highly recommended that you use vsnprintf(3) instead.")
      | ^
/Library/Developer/CommandLineTools/SDKs/MacOSX.sdk/usr/include/sys/cdefs.h:218:48: note: expanded from macro '__deprecated_msg'
  218 |         #define __deprecated_msg(_msg) __attribute__((__deprecated__(_msg)))
      |                                                       ^
In file included from /Users/otsunah/Documents/GitHub/VVDViewer/VVDViewer/fluorender/FluoRender/VRenderFrame.cpp:28:
In file included from /Users/otsunah/Documents/GitHub/VVDViewer/VVDViewer/fluorender/FluoRender/VRenderFrame.h:29:
In file included from /Users/otsunah/Documents/GitHub/VVDViewer/VVDViewer/fluorender/FluoRender/DataManager.h:38:
In file included from /Users/otsunah/Documents/GitHub/VVDViewer/VVDViewer/fluorender/FluoRender/FLIVR/MeshRenderer.h:33:
In file included from /Users/otsunah/Documents/GitHub/VVDViewer/VVDViewer/fluorender/FluoRender/FLIVR/MshShader.h:37:
In file included from /Users/otsunah/Documents/GitHub/VVDViewer/VVDViewer/fluorender/FluoRender/Vulkan/VulkanDevice.hpp:23:
/Users/otsunah/Documents/GitHub/VVDViewer/VVDViewer/fluorender/FluoRender/FLIVR/TextureBrick.h:129:7: warning: cannot delete expression with pointer-to-'void' type 'void *' [-Wdelete-incomplete]
  129 |                                                 delete[] m_nrrd->data;
      |                                                 ^        ~~~~~~~~~~~~
In file included from /Users/otsunah/Documents/GitHub/VVDViewer/VVDViewer/fluorender/FluoRender/VRenderFrame.cpp:28:
In file included from /Users/otsunah/Documents/GitHub/VVDViewer/VVDViewer/fluorender/FluoRender/VRenderFrame.h:29:
In file included from /Users/otsunah/Documents/GitHub/VVDViewer/VVDViewer/fluorender/FluoRender/DataManager.h:38:
In file included from /Users/otsunah/Documents/GitHub/VVDViewer/VVDViewer/fluorender/FluoRender/FLIVR/MeshRenderer.h:38:
/Users/otsunah/Documents/GitHub/VVDViewer/VVDViewer/fluorender/FluoRender/VVulkan.h:2:9: warning: 'GLM_FORCE_DEPTH_ZERO_TO_ONE' macro redefined [-Wmacro-redefined]
    2 | #define GLM_FORCE_DEPTH_ZERO_TO_ONE
      |         ^
<command line>:9:9: note: previous definition is here
    9 | #define GLM_FORCE_DEPTH_ZERO_TO_ONE 1
      |         ^
In file included from /Users/otsunah/Documents/GitHub/VVDViewer/VVDViewer/fluorender/FluoRender/VRenderFrame.cpp:28:
In file included from /Users/otsunah/Documents/GitHub/VVDViewer/VVDViewer/fluorender/FluoRender/VRenderFrame.h:29:
In file included from /Users/otsunah/Documents/GitHub/VVDViewer/VVDViewer/fluorender/FluoRender/DataManager.h:59:
/Users/otsunah/Documents/GitHub/VVDViewer/VVDViewer/fluorender/FluoRender/Formats/brkxml_reader.h:100:21: warning: cannot delete expression with pointer-to-'void' type 'void *' [-Wdelete-incomplete]
  100 |                     delete[] m_data;
      |                     ^        ~~~~~~
In file included from /Users/otsunah/Documents/GitHub/VVDViewer/VVDViewer/fluorender/FluoRender/VRenderFrame.cpp:28:
In file included from /Users/otsunah/Documents/GitHub/VVDViewer/VVDViewer/fluorender/FluoRender/VRenderFrame.h:49:
/Users/otsunah/Documents/GitHub/VVDViewer/VVDViewer/fluorender/FluoRender/MeasureDlg.h:125:9: warning: 'GetSizeAvailableForScrollTarget' overrides a member function but is not marked 'override' [-Winconsistent-missing-override]
  125 |         wxSize GetSizeAvailableForScrollTarget(const wxSize& size) {
      |                ^
/Users/otsunah/Documents/GitHub/VVDViewer/VVDViewer/build/vcpkg_installed/arm64-osx-vvd/include/wx-3.3/wx/generic/listctrl.h:228:20: note: overridden virtual function is here
  228 |     virtual wxSize GetSizeAvailableForScrollTarget(const wxSize& size) override;
      |                    ^
9 warnings generated.
[69/74] Building CXX object CMakeFiles/VVDMainFrame.dir/fluorender/FluoRender/VRenderView.cpp.o
In file included from /Users/otsunah/Documents/GitHub/VVDViewer/VVDViewer/fluorender/FluoRender/VRenderView.cpp:29:
In file included from /Users/otsunah/Documents/GitHub/VVDViewer/VVDViewer/fluorender/FluoRender/VRenderView.h:29:
In file included from /Users/otsunah/Documents/GitHub/VVDViewer/VVDViewer/fluorender/FluoRender/DataManager.h:29:
/Users/otsunah/Documents/GitHub/VVDViewer/VVDViewer/fluorender/FluoRender/compatibility.h:364:28: warning: 'codecvt_utf8_utf16<wchar_t>' is deprecated [-Wdeprecated-declarations]
  364 |         std::wstring_convert<std::codecvt_utf8_utf16<wchar_t>, wchar_t> converter;
      |                                   ^
/Library/Developer/CommandLineTools/SDKs/MacOSX.sdk/usr/include/c++/v1/codecvt:568:28: note: 'codecvt_utf8_utf16<wchar_t>' has been explicitly marked deprecated here
  568 | class _LIBCPP_TEMPLATE_VIS _LIBCPP_DEPRECATED_IN_CXX17 codecvt_utf8_utf16 : public __codecvt_utf8_utf16<_Elem> {
      |                            ^
/Library/Developer/CommandLineTools/SDKs/MacOSX.sdk/usr/include/c++/v1/__config:731:41: note: expanded from macro '_LIBCPP_DEPRECATED_IN_CXX17'
  731 | #    define _LIBCPP_DEPRECATED_IN_CXX17 _LIBCPP_DEPRECATED
      |                                         ^
/Library/Developer/CommandLineTools/SDKs/MacOSX.sdk/usr/include/c++/v1/__config:696:49: note: expanded from macro '_LIBCPP_DEPRECATED'
  696 | #      define _LIBCPP_DEPRECATED __attribute__((__deprecated__))
      |                                                 ^
In file included from /Users/otsunah/Documents/GitHub/VVDViewer/VVDViewer/fluorender/FluoRender/VRenderView.cpp:29:
In file included from /Users/otsunah/Documents/GitHub/VVDViewer/VVDViewer/fluorender/FluoRender/VRenderView.h:29:
In file included from /Users/otsunah/Documents/GitHub/VVDViewer/VVDViewer/fluorender/FluoRender/DataManager.h:29:
/Users/otsunah/Documents/GitHub/VVDViewer/VVDViewer/fluorender/FluoRender/compatibility.h:364:7: warning: 'wstring_convert<std::codecvt_utf8_utf16<wchar_t>>' is deprecated [-Wdeprecated-declarations]
  364 |         std::wstring_convert<std::codecvt_utf8_utf16<wchar_t>, wchar_t> converter;
      |              ^
/Library/Developer/CommandLineTools/SDKs/MacOSX.sdk/usr/include/c++/v1/locale:3145:28: note: 'wstring_convert<std::codecvt_utf8_utf16<wchar_t>>' has been explicitly marked deprecated here
 3145 | class _LIBCPP_TEMPLATE_VIS _LIBCPP_DEPRECATED_IN_CXX17 wstring_convert {
      |                            ^
/Library/Developer/CommandLineTools/SDKs/MacOSX.sdk/usr/include/c++/v1/__config:731:41: note: expanded from macro '_LIBCPP_DEPRECATED_IN_CXX17'
  731 | #    define _LIBCPP_DEPRECATED_IN_CXX17 _LIBCPP_DEPRECATED
      |                                         ^
/Library/Developer/CommandLineTools/SDKs/MacOSX.sdk/usr/include/c++/v1/__config:696:49: note: expanded from macro '_LIBCPP_DEPRECATED'
  696 | #      define _LIBCPP_DEPRECATED __attribute__((__deprecated__))
      |                                                 ^
In file included from /Users/otsunah/Documents/GitHub/VVDViewer/VVDViewer/fluorender/FluoRender/VRenderView.cpp:29:
In file included from /Users/otsunah/Documents/GitHub/VVDViewer/VVDViewer/fluorender/FluoRender/VRenderView.h:29:
In file included from /Users/otsunah/Documents/GitHub/VVDViewer/VVDViewer/fluorender/FluoRender/DataManager.h:29:
/Users/otsunah/Documents/GitHub/VVDViewer/VVDViewer/fluorender/FluoRender/compatibility.h:370:28: warning: 'codecvt_utf8_utf16<wchar_t>' is deprecated [-Wdeprecated-declarations]
  370 |         std::wstring_convert<std::codecvt_utf8_utf16<wchar_t>, wchar_t> converter;
      |                                   ^
/Library/Developer/CommandLineTools/SDKs/MacOSX.sdk/usr/include/c++/v1/codecvt:568:28: note: 'codecvt_utf8_utf16<wchar_t>' has been explicitly marked deprecated here
  568 | class _LIBCPP_TEMPLATE_VIS _LIBCPP_DEPRECATED_IN_CXX17 codecvt_utf8_utf16 : public __codecvt_utf8_utf16<_Elem> {
      |                            ^
/Library/Developer/CommandLineTools/SDKs/MacOSX.sdk/usr/include/c++/v1/__config:731:41: note: expanded from macro '_LIBCPP_DEPRECATED_IN_CXX17'
  731 | #    define _LIBCPP_DEPRECATED_IN_CXX17 _LIBCPP_DEPRECATED
      |                                         ^
/Library/Developer/CommandLineTools/SDKs/MacOSX.sdk/usr/include/c++/v1/__config:696:49: note: expanded from macro '_LIBCPP_DEPRECATED'
  696 | #      define _LIBCPP_DEPRECATED __attribute__((__deprecated__))
      |                                                 ^
In file included from /Users/otsunah/Documents/GitHub/VVDViewer/VVDViewer/fluorender/FluoRender/VRenderView.cpp:29:
In file included from /Users/otsunah/Documents/GitHub/VVDViewer/VVDViewer/fluorender/FluoRender/VRenderView.h:29:
In file included from /Users/otsunah/Documents/GitHub/VVDViewer/VVDViewer/fluorender/FluoRender/DataManager.h:29:
/Users/otsunah/Documents/GitHub/VVDViewer/VVDViewer/fluorender/FluoRender/compatibility.h:370:7: warning: 'wstring_convert<std::codecvt_utf8_utf16<wchar_t>>' is deprecated [-Wdeprecated-declarations]
  370 |         std::wstring_convert<std::codecvt_utf8_utf16<wchar_t>, wchar_t> converter;
      |              ^
/Library/Developer/CommandLineTools/SDKs/MacOSX.sdk/usr/include/c++/v1/locale:3145:28: note: 'wstring_convert<std::codecvt_utf8_utf16<wchar_t>>' has been explicitly marked deprecated here
 3145 | class _LIBCPP_TEMPLATE_VIS _LIBCPP_DEPRECATED_IN_CXX17 wstring_convert {
      |                            ^
/Library/Developer/CommandLineTools/SDKs/MacOSX.sdk/usr/include/c++/v1/__config:731:41: note: expanded from macro '_LIBCPP_DEPRECATED_IN_CXX17'
  731 | #    define _LIBCPP_DEPRECATED_IN_CXX17 _LIBCPP_DEPRECATED
      |                                         ^
/Library/Developer/CommandLineTools/SDKs/MacOSX.sdk/usr/include/c++/v1/__config:696:49: note: expanded from macro '_LIBCPP_DEPRECATED'
  696 | #      define _LIBCPP_DEPRECATED __attribute__((__deprecated__))
      |                                                 ^
In file included from /Users/otsunah/Documents/GitHub/VVDViewer/VVDViewer/fluorender/FluoRender/VRenderView.cpp:29:
In file included from /Users/otsunah/Documents/GitHub/VVDViewer/VVDViewer/fluorender/FluoRender/VRenderView.h:29:
In file included from /Users/otsunah/Documents/GitHub/VVDViewer/VVDViewer/fluorender/FluoRender/DataManager.h:29:
/Users/otsunah/Documents/GitHub/VVDViewer/VVDViewer/fluorender/FluoRender/compatibility.h:411:10: warning: 'vsprintf' is deprecated: This function is provided for compatibility reasons only.  Due to security concerns inherent in the design of sprintf(3), it is highly recommended that you use vsnprintf(3) instead. [-Wdeprecated-declarations]
  411 |         int r = vsprintf(buf, fmt, args);
      |                 ^
/Library/Developer/CommandLineTools/SDKs/MacOSX.sdk/usr/include/_stdio.h:298:1: note: 'vsprintf' has been explicitly marked deprecated here
  298 | __deprecated_msg("This function is provided for compatibility reasons only.  Due to security concerns inherent in the design of sprintf(3), it is highly recommended that you use vsnprintf(3) instead.")
      | ^
/Library/Developer/CommandLineTools/SDKs/MacOSX.sdk/usr/include/sys/cdefs.h:218:48: note: expanded from macro '__deprecated_msg'
  218 |         #define __deprecated_msg(_msg) __attribute__((__deprecated__(_msg)))
      |                                                       ^
In file included from /Users/otsunah/Documents/GitHub/VVDViewer/VVDViewer/fluorender/FluoRender/VRenderView.cpp:29:
In file included from /Users/otsunah/Documents/GitHub/VVDViewer/VVDViewer/fluorender/FluoRender/VRenderView.h:29:
In file included from /Users/otsunah/Documents/GitHub/VVDViewer/VVDViewer/fluorender/FluoRender/DataManager.h:38:
In file included from /Users/otsunah/Documents/GitHub/VVDViewer/VVDViewer/fluorender/FluoRender/FLIVR/MeshRenderer.h:33:
In file included from /Users/otsunah/Documents/GitHub/VVDViewer/VVDViewer/fluorender/FluoRender/FLIVR/MshShader.h:37:
In file included from /Users/otsunah/Documents/GitHub/VVDViewer/VVDViewer/fluorender/FluoRender/Vulkan/VulkanDevice.hpp:23:
/Users/otsunah/Documents/GitHub/VVDViewer/VVDViewer/fluorender/FluoRender/FLIVR/TextureBrick.h:129:7: warning: cannot delete expression with pointer-to-'void' type 'void *' [-Wdelete-incomplete]
  129 |                                                 delete[] m_nrrd->data;
      |                                                 ^        ~~~~~~~~~~~~
In file included from /Users/otsunah/Documents/GitHub/VVDViewer/VVDViewer/fluorender/FluoRender/VRenderView.cpp:29:
In file included from /Users/otsunah/Documents/GitHub/VVDViewer/VVDViewer/fluorender/FluoRender/VRenderView.h:29:
In file included from /Users/otsunah/Documents/GitHub/VVDViewer/VVDViewer/fluorender/FluoRender/DataManager.h:38:
In file included from /Users/otsunah/Documents/GitHub/VVDViewer/VVDViewer/fluorender/FluoRender/FLIVR/MeshRenderer.h:38:
/Users/otsunah/Documents/GitHub/VVDViewer/VVDViewer/fluorender/FluoRender/VVulkan.h:2:9: warning: 'GLM_FORCE_DEPTH_ZERO_TO_ONE' macro redefined [-Wmacro-redefined]
    2 | #define GLM_FORCE_DEPTH_ZERO_TO_ONE
      |         ^
<command line>:9:9: note: previous definition is here
    9 | #define GLM_FORCE_DEPTH_ZERO_TO_ONE 1
      |         ^
In file included from /Users/otsunah/Documents/GitHub/VVDViewer/VVDViewer/fluorender/FluoRender/VRenderView.cpp:29:
In file included from /Users/otsunah/Documents/GitHub/VVDViewer/VVDViewer/fluorender/FluoRender/VRenderView.h:29:
In file included from /Users/otsunah/Documents/GitHub/VVDViewer/VVDViewer/fluorender/FluoRender/DataManager.h:59:
/Users/otsunah/Documents/GitHub/VVDViewer/VVDViewer/fluorender/FluoRender/Formats/brkxml_reader.h:100:21: warning: cannot delete expression with pointer-to-'void' type 'void *' [-Wdelete-incomplete]
  100 |                     delete[] m_data;
      |                     ^        ~~~~~~
In file included from /Users/otsunah/Documents/GitHub/VVDViewer/VVDViewer/fluorender/FluoRender/VRenderView.cpp:30:
In file included from /Users/otsunah/Documents/GitHub/VVDViewer/VVDViewer/fluorender/FluoRender/VRenderFrame.h:49:
/Users/otsunah/Documents/GitHub/VVDViewer/VVDViewer/fluorender/FluoRender/MeasureDlg.h:125:9: warning: 'GetSizeAvailableForScrollTarget' overrides a member function but is not marked 'override' [-Winconsistent-missing-override]
  125 |         wxSize GetSizeAvailableForScrollTarget(const wxSize& size) {
      |                ^
/Users/otsunah/Documents/GitHub/VVDViewer/VVDViewer/build/vcpkg_installed/arm64-osx-vvd/include/wx-3.3/wx/generic/listctrl.h:228:20: note: overridden virtual function is here
  228 |     virtual wxSize GetSizeAvailableForScrollTarget(const wxSize& size) override;
      |                    ^
/Users/otsunah/Documents/GitHub/VVDViewer/VVDViewer/fluorender/FluoRender/VRenderView.cpp:3678:7: warning: address of function 'select' will always evaluate to 'true' [-Wpointer-bool-conversion]
 3678 |         if (!select)
      |             ~^~~~~~
/Users/otsunah/Documents/GitHub/VVDViewer/VVDViewer/fluorender/FluoRender/VRenderView.cpp:3678:7: note: prefix with the address-of operator to silence this warning
 3678 |         if (!select)
      |              ^
      |              &
/Users/otsunah/Documents/GitHub/VVDViewer/VVDViewer/fluorender/FluoRender/VRenderView.cpp:9748:9: warning: 'uint32' is deprecated [-Wdeprecated-declarations]
 9748 |                         for (uint32 row = y; row < (uint32)h; row++)
      |                              ^
/Users/otsunah/Documents/GitHub/VVDViewer/VVDViewer/build/vcpkg_installed/arm64-osx-vvd/include/tiff.h:86:45: note: 'uint32' has been explicitly marked deprecated here
   86 | typedef TIFF_MSC_DEPRECATED uint32_t uint32 TIFF_GCC_DEPRECATED;
      |                                             ^
/Users/otsunah/Documents/GitHub/VVDViewer/VVDViewer/build/vcpkg_installed/arm64-osx-vvd/include/tiff.h:66:44: note: expanded from macro 'TIFF_GCC_DEPRECATED'
   66 | #define TIFF_GCC_DEPRECATED __attribute__((deprecated))
      |                                            ^
/Users/otsunah/Documents/GitHub/VVDViewer/VVDViewer/fluorender/FluoRender/VRenderView.cpp:9748:32: warning: 'uint32' is deprecated [-Wdeprecated-declarations]
 9748 |                         for (uint32 row = y; row < (uint32)h; row++)
      |                                                     ^
/Users/otsunah/Documents/GitHub/VVDViewer/VVDViewer/build/vcpkg_installed/arm64-osx-vvd/include/tiff.h:86:45: note: 'uint32' has been explicitly marked deprecated here
   86 | typedef TIFF_MSC_DEPRECATED uint32_t uint32 TIFF_GCC_DEPRECATED;
      |                                             ^
/Users/otsunah/Documents/GitHub/VVDViewer/VVDViewer/build/vcpkg_installed/arm64-osx-vvd/include/tiff.h:66:44: note: expanded from macro 'TIFF_GCC_DEPRECATED'
   66 | #define TIFF_GCC_DEPRECATED __attribute__((deprecated))
      |                                            ^
/Users/otsunah/Documents/GitHub/VVDViewer/VVDViewer/fluorender/FluoRender/VRenderView.cpp:9806:12: warning: 'uint32' is deprecated [-Wdeprecated-declarations]
 9806 |                                                 for (uint32 row = 0; row < (uint32)cap_h; row++)
      |                                                      ^
/Users/otsunah/Documents/GitHub/VVDViewer/VVDViewer/build/vcpkg_installed/arm64-osx-vvd/include/tiff.h:86:45: note: 'uint32' has been explicitly marked deprecated here
   86 | typedef TIFF_MSC_DEPRECATED uint32_t uint32 TIFF_GCC_DEPRECATED;
      |                                             ^
/Users/otsunah/Documents/GitHub/VVDViewer/VVDViewer/build/vcpkg_installed/arm64-osx-vvd/include/tiff.h:66:44: note: expanded from macro 'TIFF_GCC_DEPRECATED'
   66 | #define TIFF_GCC_DEPRECATED __attribute__((deprecated))
      |                                            ^
/Users/otsunah/Documents/GitHub/VVDViewer/VVDViewer/fluorender/FluoRender/VRenderView.cpp:9806:35: warning: 'uint32' is deprecated [-Wdeprecated-declarations]
 9806 |                                                 for (uint32 row = 0; row < (uint32)cap_h; row++)
      |                                                                             ^
/Users/otsunah/Documents/GitHub/VVDViewer/VVDViewer/build/vcpkg_installed/arm64-osx-vvd/include/tiff.h:86:45: note: 'uint32' has been explicitly marked deprecated here
   86 | typedef TIFF_MSC_DEPRECATED uint32_t uint32 TIFF_GCC_DEPRECATED;
      |                                             ^
/Users/otsunah/Documents/GitHub/VVDViewer/VVDViewer/build/vcpkg_installed/arm64-osx-vvd/include/tiff.h:66:44: note: expanded from macro 'TIFF_GCC_DEPRECATED'
   66 | #define TIFF_GCC_DEPRECATED __attribute__((deprecated))
      |                                            ^
/Users/otsunah/Documents/GitHub/VVDViewer/VVDViewer/fluorender/FluoRender/VRenderView.cpp:10033:39: warning: 'uint8' is deprecated [-Wdeprecated-declarations]
 10033 |                         memset((void*)mask_data, 0, sizeof(uint8)*nx*ny*nz);
       |                                                            ^
/Users/otsunah/Documents/GitHub/VVDViewer/VVDViewer/build/vcpkg_installed/arm64-osx-vvd/include/tiff.h:80:43: note: 'uint8' has been explicitly marked deprecated here
   80 | typedef TIFF_MSC_DEPRECATED uint8_t uint8 TIFF_GCC_DEPRECATED;
      |                                           ^
/Users/otsunah/Documents/GitHub/VVDViewer/VVDViewer/build/vcpkg_installed/arm64-osx-vvd/include/tiff.h:66:44: note: expanded from macro 'TIFF_GCC_DEPRECATED'
   66 | #define TIFF_GCC_DEPRECATED __attribute__((deprecated))
      |                                            ^
15 warnings generated.
[70/74] Linking CXX shared library libVVDMainFrame.dylib
ld: warning: ignoring duplicate libraries: '-lc++', '-ldl', '-lm', '-lpthread', '/Users/otsunah/VulkanSDK/1.4.335.1/macOS/lib/libGenericCodeGen.a', '/Users/otsunah/VulkanSDK/1.4.335.1/macOS/lib/libMachineIndependent.a', '/Users/otsunah/VulkanSDK/1.4.335.1/macOS/lib/libOSDependent.a', '/Users/otsunah/VulkanSDK/1.4.335.1/macOS/lib/libSDL2.a', '/Users/otsunah/VulkanSDK/1.4.335.1/macOS/lib/libSDL2main.a', '/Users/otsunah/VulkanSDK/1.4.335.1/macOS/lib/libSPIRV-Tools-diff.a', '/Users/otsunah/VulkanSDK/1.4.335.1/macOS/lib/libSPIRV-Tools-link.a', '/Users/otsunah/VulkanSDK/1.4.335.1/macOS/lib/libSPIRV-Tools-lint.a', '/Users/otsunah/VulkanSDK/1.4.335.1/macOS/lib/libSPIRV-Tools-opt.a', '/Users/otsunah/VulkanSDK/1.4.335.1/macOS/lib/libSPIRV-Tools-reduce.a', '/Users/otsunah/VulkanSDK/1.4.335.1/macOS/lib/libSPIRV-Tools.a', '/Users/otsunah/VulkanSDK/1.4.335.1/macOS/lib/libSPIRV.a', '/Users/otsunah/VulkanSDK/1.4.335.1/macOS/lib/libVulkanSafeStruct.a', '/Users/otsunah/VulkanSDK/1.4.335.1/macOS/lib/libglslang-default-resource-limits.a', '/Users/otsunah/VulkanSDK/1.4.335.1/macOS/lib/libglslang.a', '/Users/otsunah/VulkanSDK/1.4.335.1/macOS/lib/libshaderc.a', '/Users/otsunah/VulkanSDK/1.4.335.1/macOS/lib/libshaderc_combined.a', '/Users/otsunah/VulkanSDK/1.4.335.1/macOS/lib/libshaderc_util.a', '/Users/otsunah/VulkanSDK/1.4.335.1/macOS/lib/libspirv-cross-c.a', '/Users/otsunah/VulkanSDK/1.4.335.1/macOS/lib/libspirv-cross-core.a', '/Users/otsunah/VulkanSDK/1.4.335.1/macOS/lib/libspirv-cross-cpp.a', '/Users/otsunah/VulkanSDK/1.4.335.1/macOS/lib/libspirv-cross-glsl.a', '/Users/otsunah/VulkanSDK/1.4.335.1/macOS/lib/libspirv-cross-hlsl.a', '/Users/otsunah/VulkanSDK/1.4.335.1/macOS/lib/libspirv-cross-msl.a', '/Users/otsunah/VulkanSDK/1.4.335.1/macOS/lib/libspirv-cross-reflect.a', '/Users/otsunah/VulkanSDK/1.4.335.1/macOS/lib/libspirv-cross-util.a', '/Users/otsunah/VulkanSDK/1.4.335.1/macOS/lib/libspirv-reflect-static.a', '/Users/otsunah/VulkanSDK/1.4.335.1/macOS/lib/libvolk.a', 'vcpkg_installed/arm64-osx-vvd/lib/libavcodec.a', 'vcpkg_installed/arm64-osx-vvd/lib/libavdevice.a', 'vcpkg_installed/arm64-osx-vvd/lib/libavfilter.a', 'vcpkg_installed/arm64-osx-vvd/lib/libavformat.a', 'vcpkg_installed/arm64-osx-vvd/lib/libavutil.a', 'vcpkg_installed/arm64-osx-vvd/lib/libblosc2.a', 'vcpkg_installed/arm64-osx-vvd/lib/libbrotlicommon.a', 'vcpkg_installed/arm64-osx-vvd/lib/libbrotlidec.a', 'vcpkg_installed/arm64-osx-vvd/lib/libbz2.a', 'vcpkg_installed/arm64-osx-vvd/lib/libcrypto.a', 'vcpkg_installed/arm64-osx-vvd/lib/libfreetype.a', 'vcpkg_installed/arm64-osx-vvd/lib/libhdf5.a', 'vcpkg_installed/arm64-osx-vvd/lib/libhdf5_cpp.a', 'vcpkg_installed/arm64-osx-vvd/lib/libhdf5_hl.a', 'vcpkg_installed/arm64-osx-vvd/lib/libjpeg.a', 'vcpkg_installed/arm64-osx-vvd/lib/liblibCZIStatic.a', 'vcpkg_installed/arm64-osx-vvd/lib/liblz4.a', 'vcpkg_installed/arm64-osx-vvd/lib/liblzma.a', 'vcpkg_installed/arm64-osx-vvd/lib/libpng16.a', 'vcpkg_installed/arm64-osx-vvd/lib/libssl.a', 'vcpkg_installed/arm64-osx-vvd/lib/libswresample.a', 'vcpkg_installed/arm64-osx-vvd/lib/libswscale.a', 'vcpkg_installed/arm64-osx-vvd/lib/libtiff.a', 'vcpkg_installed/arm64-osx-vvd/lib/libx264.a', 'vcpkg_installed/arm64-osx-vvd/lib/libx265.a', 'vcpkg_installed/arm64-osx-vvd/lib/libz.a', 'vcpkg_installed/arm64-osx-vvd/lib/libzfp.a', 'vcpkg_installed/arm64-osx-vvd/lib/libzstd.a'
[71/74] Linking CXX shared library libFijiInterfacePlugin.dylib
ld: warning: ignoring duplicate libraries: '-lc++', '-lpthread', 'vcpkg_installed/arm64-osx-vvd/lib/libavcodec.a', 'vcpkg_installed/arm64-osx-vvd/lib/libavdevice.a', 'vcpkg_installed/arm64-osx-vvd/lib/libavfilter.a', 'vcpkg_installed/arm64-osx-vvd/lib/libavformat.a', 'vcpkg_installed/arm64-osx-vvd/lib/libavutil.a', 'vcpkg_installed/arm64-osx-vvd/lib/libbrotlicommon.a', 'vcpkg_installed/arm64-osx-vvd/lib/libbrotlidec.a', 'vcpkg_installed/arm64-osx-vvd/lib/libbz2.a', 'vcpkg_installed/arm64-osx-vvd/lib/libcrypto.a', 'vcpkg_installed/arm64-osx-vvd/lib/libfreetype.a', 'vcpkg_installed/arm64-osx-vvd/lib/libjpeg.a', 'vcpkg_installed/arm64-osx-vvd/lib/liblibCZIStatic.a', 'vcpkg_installed/arm64-osx-vvd/lib/liblz4.a', 'vcpkg_installed/arm64-osx-vvd/lib/liblzma.a', 'vcpkg_installed/arm64-osx-vvd/lib/libpng16.a', 'vcpkg_installed/arm64-osx-vvd/lib/libssl.a', 'vcpkg_installed/arm64-osx-vvd/lib/libswresample.a', 'vcpkg_installed/arm64-osx-vvd/lib/libswscale.a', 'vcpkg_installed/arm64-osx-vvd/lib/libtiff.a', 'vcpkg_installed/arm64-osx-vvd/lib/libz.a'
[72/74] Linking CXX shared library libNeuronAnnotatorPlugin.dylib
ld: warning: ignoring duplicate libraries: '-lc++', '-lpthread', 'vcpkg_installed/arm64-osx-vvd/lib/libavcodec.a', 'vcpkg_installed/arm64-osx-vvd/lib/libavdevice.a', 'vcpkg_installed/arm64-osx-vvd/lib/libavfilter.a', 'vcpkg_installed/arm64-osx-vvd/lib/libavformat.a', 'vcpkg_installed/arm64-osx-vvd/lib/libavutil.a', 'vcpkg_installed/arm64-osx-vvd/lib/libbrotlicommon.a', 'vcpkg_installed/arm64-osx-vvd/lib/libbrotlidec.a', 'vcpkg_installed/arm64-osx-vvd/lib/libbz2.a', 'vcpkg_installed/arm64-osx-vvd/lib/libcrypto.a', 'vcpkg_installed/arm64-osx-vvd/lib/libfreetype.a', 'vcpkg_installed/arm64-osx-vvd/lib/libjpeg.a', 'vcpkg_installed/arm64-osx-vvd/lib/liblibCZIStatic.a', 'vcpkg_installed/arm64-osx-vvd/lib/liblz4.a', 'vcpkg_installed/arm64-osx-vvd/lib/liblzma.a', 'vcpkg_installed/arm64-osx-vvd/lib/libpng16.a', 'vcpkg_installed/arm64-osx-vvd/lib/libssl.a', 'vcpkg_installed/arm64-osx-vvd/lib/libswresample.a', 'vcpkg_installed/arm64-osx-vvd/lib/libswscale.a', 'vcpkg_installed/arm64-osx-vvd/lib/libtiff.a', 'vcpkg_installed/arm64-osx-vvd/lib/libz.a'
[73/74] Linking CXX shared library libNBLASTGuiPlugin.dylib
ld: warning: ignoring duplicate libraries: '-lc++', '-lpthread', 'vcpkg_installed/arm64-osx-vvd/lib/libavcodec.a', 'vcpkg_installed/arm64-osx-vvd/lib/libavdevice.a', 'vcpkg_installed/arm64-osx-vvd/lib/libavfilter.a', 'vcpkg_installed/arm64-osx-vvd/lib/libavformat.a', 'vcpkg_installed/arm64-osx-vvd/lib/libavutil.a', 'vcpkg_installed/arm64-osx-vvd/lib/libbrotlicommon.a', 'vcpkg_installed/arm64-osx-vvd/lib/libbrotlidec.a', 'vcpkg_installed/arm64-osx-vvd/lib/libbz2.a', 'vcpkg_installed/arm64-osx-vvd/lib/libcrypto.a', 'vcpkg_installed/arm64-osx-vvd/lib/libfreetype.a', 'vcpkg_installed/arm64-osx-vvd/lib/libjpeg.a', 'vcpkg_installed/arm64-osx-vvd/lib/liblibCZIStatic.a', 'vcpkg_installed/arm64-osx-vvd/lib/liblz4.a', 'vcpkg_installed/arm64-osx-vvd/lib/liblzma.a', 'vcpkg_installed/arm64-osx-vvd/lib/libpng16.a', 'vcpkg_installed/arm64-osx-vvd/lib/libssl.a', 'vcpkg_installed/arm64-osx-vvd/lib/libswresample.a', 'vcpkg_installed/arm64-osx-vvd/lib/libswscale.a', 'vcpkg_installed/arm64-osx-vvd/lib/libtiff.a', 'vcpkg_installed/arm64-osx-vvd/lib/libz.a'
[74/74] Linking CXX executable bin/VVDViewer.app/Contents/MacOS/VVDViewer; Bundling dylibs and fixing paths in VVDViewer.app
ld: warning: ignoring duplicate libraries: '-lc++', '-lpthread', 'vcpkg_installed/arm64-osx-vvd/lib/libavcodec.a', 'vcpkg_installed/arm64-osx-vvd/lib/libavdevice.a', 'vcpkg_installed/arm64-osx-vvd/lib/libavfilter.a', 'vcpkg_installed/arm64-osx-vvd/lib/libavformat.a', 'vcpkg_installed/arm64-osx-vvd/lib/libavutil.a', 'vcpkg_installed/arm64-osx-vvd/lib/libbrotlicommon.a', 'vcpkg_installed/arm64-osx-vvd/lib/libbrotlidec.a', 'vcpkg_installed/arm64-osx-vvd/lib/libbz2.a', 'vcpkg_installed/arm64-osx-vvd/lib/libcrypto.a', 'vcpkg_installed/arm64-osx-vvd/lib/libfreetype.a', 'vcpkg_installed/arm64-osx-vvd/lib/libjpeg.a', 'vcpkg_installed/arm64-osx-vvd/lib/liblibCZIStatic.a', 'vcpkg_installed/arm64-osx-vvd/lib/liblz4.a', 'vcpkg_installed/arm64-osx-vvd/lib/liblzma.a', 'vcpkg_installed/arm64-osx-vvd/lib/libpng16.a', 'vcpkg_installed/arm64-osx-vvd/lib/libssl.a', 'vcpkg_installed/arm64-osx-vvd/lib/libswresample.a', 'vcpkg_installed/arm64-osx-vvd/lib/libswscale.a', 'vcpkg_installed/arm64-osx-vvd/lib/libtiff.a', 'vcpkg_installed/arm64-osx-vvd/lib/libz.a'
INFO | fixing executable '/Users/otsunah/Documents/GitHub/VVDViewer/VVDViewer/build/bin/VVDViewer.app/Contents/MacOS/VVDViewer'
INFO | changing rpath '@rpath/libwx_osx_cocoau_core-3.3.3.0.0.dylib' in binary /Users/otsunah/Documents/GitHub/VVDViewer/VVDViewer/build/bin/VVDViewer.app/Contents/MacOS/VVDViewer
INFO | changing rpath '@rpath/libwx_baseu-3.3.3.0.0.dylib' in binary /Users/otsunah/Documents/GitHub/VVDViewer/VVDViewer/build/bin/VVDViewer.app/Contents/MacOS/VVDViewer
INFO | changing rpath '@rpath/libwx_osx_cocoau_aui-3.3.3.0.0.dylib' in binary /Users/otsunah/Documents/GitHub/VVDViewer/VVDViewer/build/bin/VVDViewer.app/Contents/MacOS/VVDViewer
INFO | changing rpath '@rpath/libwx_osx_cocoau_html-3.3.3.0.0.dylib' in binary /Users/otsunah/Documents/GitHub/VVDViewer/VVDViewer/build/bin/VVDViewer.app/Contents/MacOS/VVDViewer
INFO | changing rpath '@rpath/libwx_baseu_xml-3.3.3.0.0.dylib' in binary /Users/otsunah/Documents/GitHub/VVDViewer/VVDViewer/build/bin/VVDViewer.app/Contents/MacOS/VVDViewer
INFO | changing rpath '@rpath/libwx_baseu_net-3.3.3.0.0.dylib' in binary /Users/otsunah/Documents/GitHub/VVDViewer/VVDViewer/build/bin/VVDViewer.app/Contents/MacOS/VVDViewer
INFO | changing rpath '@rpath/libwx_osx_cocoau_stc-3.3.3.0.0.dylib' in binary /Users/otsunah/Documents/GitHub/VVDViewer/VVDViewer/build/bin/VVDViewer.app/Contents/MacOS/VVDViewer
INFO | fixing plugins
INFO | fixing plugin libwx_osx_cocoau_stc-3.3.3.0.0.dylib
INFO | fixing plugin libwx_baseu-3.3.3.0.0.dylib
INFO | fixing plugin libwx_osx_cocoau_aui-3.3.3.0.0.dylib
INFO | fixing plugin libwx_baseu_net-3.3.3.0.0.dylib
INFO | fixing plugin libMoltenVK.dylib
INFO | fixing plugin libwx_baseu_xml-3.3.3.0.0.dylib
INFO | fixing plugin libwx_osx_cocoau_html-3.3.3.0.0.dylib
INFO | fixing plugin libvulkan.1.4.335.dylib
INFO | fixing plugin libwx_osx_cocoau_core-3.3.3.0.0.dylib
INFO | macdeployqtfix terminated with success
/Library/Developer/CommandLineTools/usr/bin/install_name_tool: warning: changes being made to the file will invalidate the code signature in: /Users/otsunah/Documents/GitHub/VVDViewer/VVDViewer/build/bin/VVDViewer.app/Contents/Frameworks/libvulkan.1.4.335.dylib (for architecture x86_64)
/Library/Developer/CommandLineTools/usr/bin/install_name_tool: warning: changes being made to the file will invalidate the code signature in: /Users/otsunah/Documents/GitHub/VVDViewer/VVDViewer/build/bin/VVDViewer.app/Contents/Frameworks/libvulkan.1.4.335.dylib (for architecture arm64)
/Library/Developer/CommandLineTools/usr/bin/install_name_tool: warning: changes being made to the file will invalidate the code signature in: /Users/otsunah/Documents/GitHub/VVDViewer/VVDViewer/build/bin/VVDViewer.app/Contents/Frameworks/libMoltenVK.dylib (for architecture x86_64)
/Library/Developer/CommandLineTools/usr/bin/install_name_tool: warning: changes being made to the file will invalidate the code signature in: /Users/otsunah/Documents/GitHub/VVDViewer/VVDViewer/build/bin/VVDViewer.app/Contents/Frameworks/libMoltenVK.dylib (for architecture arm64)
/Users/otsunah/Documents/GitHub/VVDViewer/VVDViewer/build/bin/VVDViewer.app/Contents/Frameworks/libMoltenVK.dylib: replacing existing signature
/Users/otsunah/Documents/GitHub/VVDViewer/VVDViewer/build/bin/VVDViewer.app/Contents/Frameworks/libvulkan.1.4.335.dylib: replacing existing signature
/Users/otsunah/Documents/GitHub/VVDViewer/VVDViewer/build/bin/VVDViewer.app/Contents/Frameworks/libVVDMainFrame.dylib: replacing existing signature
/Users/otsunah/Documents/GitHub/VVDViewer/VVDViewer/build/bin/VVDViewer.app/Contents/Frameworks/libwx_baseu_net-3.3.3.0.0.dylib: replacing existing signature
/Users/otsunah/Documents/GitHub/VVDViewer/VVDViewer/build/bin/VVDViewer.app/Contents/Frameworks/libwx_baseu_xml-3.3.3.0.0.dylib: replacing existing signature
/Users/otsunah/Documents/GitHub/VVDViewer/VVDViewer/build/bin/VVDViewer.app/Contents/Frameworks/libwx_baseu-3.3.3.0.0.dylib: replacing existing signature
/Users/otsunah/Documents/GitHub/VVDViewer/VVDViewer/build/bin/VVDViewer.app/Contents/Frameworks/libwx_osx_cocoau_aui-3.3.3.0.0.dylib: replacing existing signature
/Users/otsunah/Documents/GitHub/VVDViewer/VVDViewer/build/bin/VVDViewer.app/Contents/Frameworks/libwx_osx_cocoau_core-3.3.3.0.0.dylib: replacing existing signature
/Users/otsunah/Documents/GitHub/VVDViewer/VVDViewer/build/bin/VVDViewer.app/Contents/Frameworks/libwx_osx_cocoau_html-3.3.3.0.0.dylib: replacing existing signature
/Users/otsunah/Documents/GitHub/VVDViewer/VVDViewer/build/bin/VVDViewer.app/Contents/Frameworks/libwx_osx_cocoau_stc-3.3.3.0.0.dylib: replacing existing signature
/Users/otsunah/Documents/GitHub/VVDViewer/VVDViewer/build/bin/VVDViewer.app/Contents/Frameworks/libwxGuiPluginBase.dylib: replacing existing signature
/Users/otsunah/Documents/GitHub/VVDViewer/VVDViewer/build/bin/VVDViewer.app/Contents/PlugIns/gui/libFijiInterfacePlugin.dylib: replacing existing signature
/Users/otsunah/Documents/GitHub/VVDViewer/VVDViewer/build/bin/VVDViewer.app/Contents/PlugIns/gui/libNBLASTGuiPlugin.dylib: replacing existing signature
/Users/otsunah/Documents/GitHub/VVDViewer/VVDViewer/build/bin/VVDViewer.app/Contents/PlugIns/gui/libNeuronAnnotatorPlugin.dylib: replacing existing signature
/Users/otsunah/Documents/GitHub/VVDViewer/VVDViewer/build/bin/VVDViewer.app/Contents/MacOS/VVDViewer: replacing existing signature

=== Build complete ===
ND2 (Nikon) reader: disabled (default).  libCZI: enabled (via vcpkg).  Vulkan SDK: external (/Users/otsunah/VulkanSDK/1.4.335.1/macOS).
